{
  "authorWeeklyIntervalContributions": {
    "ewaldhew": [
      {
        "insertions": 0,
        "deletions": 0,
        "sinceDate": "2018-03-08",
        "untilDate": "2018-03-15"
      },
      {
        "insertions": 0,
        "deletions": 0,
        "sinceDate": "2018-03-15",
        "untilDate": "2018-03-22"
      },
      {
        "insertions": 0,
        "deletions": 0,
        "sinceDate": "2018-03-22",
        "untilDate": "2018-03-29"
      },
      {
        "insertions": 0,
        "deletions": 0,
        "sinceDate": "2018-03-29",
        "untilDate": "2018-04-05"
      },
      {
        "insertions": 0,
        "deletions": 0,
        "sinceDate": "2018-04-05",
        "untilDate": "2018-04-12"
      },
      {
        "insertions": 0,
        "deletions": 0,
        "sinceDate": "2018-04-12",
        "untilDate": "2018-04-19"
      }
    ],
    "Eldon-Chung": [
      {
        "insertions": 78,
        "deletions": 13,
        "sinceDate": "2018-03-08",
        "untilDate": "2018-03-15"
      },
      {
        "insertions": 507,
        "deletions": 210,
        "sinceDate": "2018-03-15",
        "untilDate": "2018-03-22"
      },
      {
        "insertions": 2251,
        "deletions": 2100,
        "sinceDate": "2018-03-22",
        "untilDate": "2018-03-29"
      },
      {
        "insertions": 1142,
        "deletions": 919,
        "sinceDate": "2018-03-29",
        "untilDate": "2018-04-05"
      },
      {
        "insertions": 2260,
        "deletions": 829,
        "sinceDate": "2018-04-05",
        "untilDate": "2018-04-12"
      },
      {
        "insertions": 9475,
        "deletions": 712,
        "sinceDate": "2018-04-12",
        "untilDate": "2018-04-19"
      }
    ],
    "laichengyu": [
      {
        "insertions": 0,
        "deletions": 0,
        "sinceDate": "2018-03-08",
        "untilDate": "2018-03-15"
      },
      {
        "insertions": 0,
        "deletions": 0,
        "sinceDate": "2018-03-15",
        "untilDate": "2018-03-22"
      },
      {
        "insertions": 0,
        "deletions": 0,
        "sinceDate": "2018-03-22",
        "untilDate": "2018-03-29"
      },
      {
        "insertions": 0,
        "deletions": 0,
        "sinceDate": "2018-03-29",
        "untilDate": "2018-04-05"
      },
      {
        "insertions": 0,
        "deletions": 0,
        "sinceDate": "2018-04-05",
        "untilDate": "2018-04-12"
      },
      {
        "insertions": 0,
        "deletions": 0,
        "sinceDate": "2018-04-12",
        "untilDate": "2018-04-19"
      }
    ],
    "neilish3re": [
      {
        "insertions": 0,
        "deletions": 0,
        "sinceDate": "2018-03-08",
        "untilDate": "2018-03-15"
      },
      {
        "insertions": 0,
        "deletions": 0,
        "sinceDate": "2018-03-15",
        "untilDate": "2018-03-22"
      },
      {
        "insertions": 0,
        "deletions": 0,
        "sinceDate": "2018-03-22",
        "untilDate": "2018-03-29"
      },
      {
        "insertions": 0,
        "deletions": 0,
        "sinceDate": "2018-03-29",
        "untilDate": "2018-04-05"
      },
      {
        "insertions": 0,
        "deletions": 0,
        "sinceDate": "2018-04-05",
        "untilDate": "2018-04-12"
      },
      {
        "insertions": 0,
        "deletions": 0,
        "sinceDate": "2018-04-12",
        "untilDate": "2018-04-19"
      }
    ]
  },
  "authorDailyIntervalContributions": {
    "ewaldhew": [
      {
        "insertions": 0,
        "deletions": 0,
        "sinceDate": "2018-03-08",
        "untilDate": "2018-03-09"
      },
      {
        "insertions": 0,
        "deletions": 0,
        "sinceDate": "2018-03-09",
        "untilDate": "2018-03-10"
      },
      {
        "insertions": 0,
        "deletions": 0,
        "sinceDate": "2018-03-10",
        "untilDate": "2018-03-11"
      },
      {
        "insertions": 0,
        "deletions": 0,
        "sinceDate": "2018-03-11",
        "untilDate": "2018-03-12"
      },
      {
        "insertions": 0,
        "deletions": 0,
        "sinceDate": "2018-03-12",
        "untilDate": "2018-03-13"
      },
      {
        "insertions": 0,
        "deletions": 0,
        "sinceDate": "2018-03-13",
        "untilDate": "2018-03-14"
      },
      {
        "insertions": 0,
        "deletions": 0,
        "sinceDate": "2018-03-14",
        "untilDate": "2018-03-15"
      },
      {
        "insertions": 0,
        "deletions": 0,
        "sinceDate": "2018-03-15",
        "untilDate": "2018-03-16"
      },
      {
        "insertions": 0,
        "deletions": 0,
        "sinceDate": "2018-03-16",
        "untilDate": "2018-03-17"
      },
      {
        "insertions": 0,
        "deletions": 0,
        "sinceDate": "2018-03-17",
        "untilDate": "2018-03-18"
      },
      {
        "insertions": 0,
        "deletions": 0,
        "sinceDate": "2018-03-18",
        "untilDate": "2018-03-19"
      },
      {
        "insertions": 0,
        "deletions": 0,
        "sinceDate": "2018-03-19",
        "untilDate": "2018-03-20"
      },
      {
        "insertions": 0,
        "deletions": 0,
        "sinceDate": "2018-03-20",
        "untilDate": "2018-03-21"
      },
      {
        "insertions": 0,
        "deletions": 0,
        "sinceDate": "2018-03-21",
        "untilDate": "2018-03-22"
      },
      {
        "insertions": 0,
        "deletions": 0,
        "sinceDate": "2018-03-22",
        "untilDate": "2018-03-23"
      },
      {
        "insertions": 0,
        "deletions": 0,
        "sinceDate": "2018-03-23",
        "untilDate": "2018-03-24"
      },
      {
        "insertions": 0,
        "deletions": 0,
        "sinceDate": "2018-03-24",
        "untilDate": "2018-03-25"
      },
      {
        "insertions": 0,
        "deletions": 0,
        "sinceDate": "2018-03-25",
        "untilDate": "2018-03-26"
      },
      {
        "insertions": 0,
        "deletions": 0,
        "sinceDate": "2018-03-26",
        "untilDate": "2018-03-27"
      },
      {
        "insertions": 0,
        "deletions": 0,
        "sinceDate": "2018-03-27",
        "untilDate": "2018-03-28"
      },
      {
        "insertions": 0,
        "deletions": 0,
        "sinceDate": "2018-03-28",
        "untilDate": "2018-03-29"
      },
      {
        "insertions": 0,
        "deletions": 0,
        "sinceDate": "2018-03-29",
        "untilDate": "2018-03-30"
      },
      {
        "insertions": 0,
        "deletions": 0,
        "sinceDate": "2018-03-30",
        "untilDate": "2018-03-31"
      },
      {
        "insertions": 0,
        "deletions": 0,
        "sinceDate": "2018-03-31",
        "untilDate": "2018-04-01"
      },
      {
        "insertions": 0,
        "deletions": 0,
        "sinceDate": "2018-04-01",
        "untilDate": "2018-04-02"
      },
      {
        "insertions": 0,
        "deletions": 0,
        "sinceDate": "2018-04-02",
        "untilDate": "2018-04-03"
      },
      {
        "insertions": 0,
        "deletions": 0,
        "sinceDate": "2018-04-03",
        "untilDate": "2018-04-04"
      },
      {
        "insertions": 0,
        "deletions": 0,
        "sinceDate": "2018-04-04",
        "untilDate": "2018-04-05"
      },
      {
        "insertions": 0,
        "deletions": 0,
        "sinceDate": "2018-04-05",
        "untilDate": "2018-04-06"
      },
      {
        "insertions": 0,
        "deletions": 0,
        "sinceDate": "2018-04-06",
        "untilDate": "2018-04-07"
      },
      {
        "insertions": 0,
        "deletions": 0,
        "sinceDate": "2018-04-07",
        "untilDate": "2018-04-08"
      },
      {
        "insertions": 0,
        "deletions": 0,
        "sinceDate": "2018-04-08",
        "untilDate": "2018-04-09"
      },
      {
        "insertions": 0,
        "deletions": 0,
        "sinceDate": "2018-04-09",
        "untilDate": "2018-04-10"
      },
      {
        "insertions": 0,
        "deletions": 0,
        "sinceDate": "2018-04-10",
        "untilDate": "2018-04-11"
      },
      {
        "insertions": 0,
        "deletions": 0,
        "sinceDate": "2018-04-11",
        "untilDate": "2018-04-12"
      },
      {
        "insertions": 0,
        "deletions": 0,
        "sinceDate": "2018-04-12",
        "untilDate": "2018-04-13"
      },
      {
        "insertions": 0,
        "deletions": 0,
        "sinceDate": "2018-04-13",
        "untilDate": "2018-04-14"
      }
    ],
    "Eldon-Chung": [
      {
        "insertions": 78,
        "deletions": 13,
        "sinceDate": "2018-03-08",
        "untilDate": "2018-03-09"
      },
      {
        "insertions": 0,
        "deletions": 0,
        "sinceDate": "2018-03-09",
        "untilDate": "2018-03-10"
      },
      {
        "insertions": 0,
        "deletions": 0,
        "sinceDate": "2018-03-10",
        "untilDate": "2018-03-11"
      },
      {
        "insertions": 0,
        "deletions": 0,
        "sinceDate": "2018-03-11",
        "untilDate": "2018-03-12"
      },
      {
        "insertions": 0,
        "deletions": 0,
        "sinceDate": "2018-03-12",
        "untilDate": "2018-03-13"
      },
      {
        "insertions": 0,
        "deletions": 0,
        "sinceDate": "2018-03-13",
        "untilDate": "2018-03-14"
      },
      {
        "insertions": 0,
        "deletions": 0,
        "sinceDate": "2018-03-14",
        "untilDate": "2018-03-15"
      },
      {
        "insertions": 0,
        "deletions": 0,
        "sinceDate": "2018-03-15",
        "untilDate": "2018-03-16"
      },
      {
        "insertions": 507,
        "deletions": 210,
        "sinceDate": "2018-03-16",
        "untilDate": "2018-03-17"
      },
      {
        "insertions": 0,
        "deletions": 0,
        "sinceDate": "2018-03-17",
        "untilDate": "2018-03-18"
      },
      {
        "insertions": 0,
        "deletions": 0,
        "sinceDate": "2018-03-18",
        "untilDate": "2018-03-19"
      },
      {
        "insertions": 0,
        "deletions": 0,
        "sinceDate": "2018-03-19",
        "untilDate": "2018-03-20"
      },
      {
        "insertions": 0,
        "deletions": 0,
        "sinceDate": "2018-03-20",
        "untilDate": "2018-03-21"
      },
      {
        "insertions": 0,
        "deletions": 0,
        "sinceDate": "2018-03-21",
        "untilDate": "2018-03-22"
      },
      {
        "insertions": 0,
        "deletions": 0,
        "sinceDate": "2018-03-22",
        "untilDate": "2018-03-23"
      },
      {
        "insertions": 2251,
        "deletions": 2100,
        "sinceDate": "2018-03-23",
        "untilDate": "2018-03-24"
      },
      {
        "insertions": 0,
        "deletions": 0,
        "sinceDate": "2018-03-24",
        "untilDate": "2018-03-25"
      },
      {
        "insertions": 0,
        "deletions": 0,
        "sinceDate": "2018-03-25",
        "untilDate": "2018-03-26"
      },
      {
        "insertions": 0,
        "deletions": 0,
        "sinceDate": "2018-03-26",
        "untilDate": "2018-03-27"
      },
      {
        "insertions": 0,
        "deletions": 0,
        "sinceDate": "2018-03-27",
        "untilDate": "2018-03-28"
      },
      {
        "insertions": 0,
        "deletions": 0,
        "sinceDate": "2018-03-28",
        "untilDate": "2018-03-29"
      },
      {
        "insertions": 0,
        "deletions": 0,
        "sinceDate": "2018-03-29",
        "untilDate": "2018-03-30"
      },
      {
        "insertions": 517,
        "deletions": 390,
        "sinceDate": "2018-03-30",
        "untilDate": "2018-03-31"
      },
      {
        "insertions": 625,
        "deletions": 529,
        "sinceDate": "2018-03-31",
        "untilDate": "2018-04-01"
      },
      {
        "insertions": 0,
        "deletions": 0,
        "sinceDate": "2018-04-01",
        "untilDate": "2018-04-02"
      },
      {
        "insertions": 0,
        "deletions": 0,
        "sinceDate": "2018-04-02",
        "untilDate": "2018-04-03"
      },
      {
        "insertions": 0,
        "deletions": 0,
        "sinceDate": "2018-04-03",
        "untilDate": "2018-04-04"
      },
      {
        "insertions": 0,
        "deletions": 0,
        "sinceDate": "2018-04-04",
        "untilDate": "2018-04-05"
      },
      {
        "insertions": 311,
        "deletions": 77,
        "sinceDate": "2018-04-05",
        "untilDate": "2018-04-06"
      },
      {
        "insertions": 0,
        "deletions": 0,
        "sinceDate": "2018-04-06",
        "untilDate": "2018-04-07"
      },
      {
        "insertions": 320,
        "deletions": 298,
        "sinceDate": "2018-04-07",
        "untilDate": "2018-04-08"
      },
      {
        "insertions": 1458,
        "deletions": 276,
        "sinceDate": "2018-04-08",
        "untilDate": "2018-04-09"
      },
      {
        "insertions": 0,
        "deletions": 0,
        "sinceDate": "2018-04-09",
        "untilDate": "2018-04-10"
      },
      {
        "insertions": 0,
        "deletions": 0,
        "sinceDate": "2018-04-10",
        "untilDate": "2018-04-11"
      },
      {
        "insertions": 171,
        "deletions": 178,
        "sinceDate": "2018-04-11",
        "untilDate": "2018-04-12"
      },
      {
        "insertions": 6545,
        "deletions": 308,
        "sinceDate": "2018-04-12",
        "untilDate": "2018-04-13"
      },
      {
        "insertions": 2930,
        "deletions": 404,
        "sinceDate": "2018-04-13",
        "untilDate": "2018-04-14"
      }
    ],
    "laichengyu": [
      {
        "insertions": 0,
        "deletions": 0,
        "sinceDate": "2018-03-08",
        "untilDate": "2018-03-09"
      },
      {
        "insertions": 0,
        "deletions": 0,
        "sinceDate": "2018-03-09",
        "untilDate": "2018-03-10"
      },
      {
        "insertions": 0,
        "deletions": 0,
        "sinceDate": "2018-03-10",
        "untilDate": "2018-03-11"
      },
      {
        "insertions": 0,
        "deletions": 0,
        "sinceDate": "2018-03-11",
        "untilDate": "2018-03-12"
      },
      {
        "insertions": 0,
        "deletions": 0,
        "sinceDate": "2018-03-12",
        "untilDate": "2018-03-13"
      },
      {
        "insertions": 0,
        "deletions": 0,
        "sinceDate": "2018-03-13",
        "untilDate": "2018-03-14"
      },
      {
        "insertions": 0,
        "deletions": 0,
        "sinceDate": "2018-03-14",
        "untilDate": "2018-03-15"
      },
      {
        "insertions": 0,
        "deletions": 0,
        "sinceDate": "2018-03-15",
        "untilDate": "2018-03-16"
      },
      {
        "insertions": 0,
        "deletions": 0,
        "sinceDate": "2018-03-16",
        "untilDate": "2018-03-17"
      },
      {
        "insertions": 0,
        "deletions": 0,
        "sinceDate": "2018-03-17",
        "untilDate": "2018-03-18"
      },
      {
        "insertions": 0,
        "deletions": 0,
        "sinceDate": "2018-03-18",
        "untilDate": "2018-03-19"
      },
      {
        "insertions": 0,
        "deletions": 0,
        "sinceDate": "2018-03-19",
        "untilDate": "2018-03-20"
      },
      {
        "insertions": 0,
        "deletions": 0,
        "sinceDate": "2018-03-20",
        "untilDate": "2018-03-21"
      },
      {
        "insertions": 0,
        "deletions": 0,
        "sinceDate": "2018-03-21",
        "untilDate": "2018-03-22"
      },
      {
        "insertions": 0,
        "deletions": 0,
        "sinceDate": "2018-03-22",
        "untilDate": "2018-03-23"
      },
      {
        "insertions": 0,
        "deletions": 0,
        "sinceDate": "2018-03-23",
        "untilDate": "2018-03-24"
      },
      {
        "insertions": 0,
        "deletions": 0,
        "sinceDate": "2018-03-24",
        "untilDate": "2018-03-25"
      },
      {
        "insertions": 0,
        "deletions": 0,
        "sinceDate": "2018-03-25",
        "untilDate": "2018-03-26"
      },
      {
        "insertions": 0,
        "deletions": 0,
        "sinceDate": "2018-03-26",
        "untilDate": "2018-03-27"
      },
      {
        "insertions": 0,
        "deletions": 0,
        "sinceDate": "2018-03-27",
        "untilDate": "2018-03-28"
      },
      {
        "insertions": 0,
        "deletions": 0,
        "sinceDate": "2018-03-28",
        "untilDate": "2018-03-29"
      },
      {
        "insertions": 0,
        "deletions": 0,
        "sinceDate": "2018-03-29",
        "untilDate": "2018-03-30"
      },
      {
        "insertions": 0,
        "deletions": 0,
        "sinceDate": "2018-03-30",
        "untilDate": "2018-03-31"
      },
      {
        "insertions": 0,
        "deletions": 0,
        "sinceDate": "2018-03-31",
        "untilDate": "2018-04-01"
      },
      {
        "insertions": 0,
        "deletions": 0,
        "sinceDate": "2018-04-01",
        "untilDate": "2018-04-02"
      },
      {
        "insertions": 0,
        "deletions": 0,
        "sinceDate": "2018-04-02",
        "untilDate": "2018-04-03"
      },
      {
        "insertions": 0,
        "deletions": 0,
        "sinceDate": "2018-04-03",
        "untilDate": "2018-04-04"
      },
      {
        "insertions": 0,
        "deletions": 0,
        "sinceDate": "2018-04-04",
        "untilDate": "2018-04-05"
      },
      {
        "insertions": 0,
        "deletions": 0,
        "sinceDate": "2018-04-05",
        "untilDate": "2018-04-06"
      },
      {
        "insertions": 0,
        "deletions": 0,
        "sinceDate": "2018-04-06",
        "untilDate": "2018-04-07"
      },
      {
        "insertions": 0,
        "deletions": 0,
        "sinceDate": "2018-04-07",
        "untilDate": "2018-04-08"
      },
      {
        "insertions": 0,
        "deletions": 0,
        "sinceDate": "2018-04-08",
        "untilDate": "2018-04-09"
      },
      {
        "insertions": 0,
        "deletions": 0,
        "sinceDate": "2018-04-09",
        "untilDate": "2018-04-10"
      },
      {
        "insertions": 0,
        "deletions": 0,
        "sinceDate": "2018-04-10",
        "untilDate": "2018-04-11"
      },
      {
        "insertions": 0,
        "deletions": 0,
        "sinceDate": "2018-04-11",
        "untilDate": "2018-04-12"
      },
      {
        "insertions": 0,
        "deletions": 0,
        "sinceDate": "2018-04-12",
        "untilDate": "2018-04-13"
      },
      {
        "insertions": 0,
        "deletions": 0,
        "sinceDate": "2018-04-13",
        "untilDate": "2018-04-14"
      }
    ],
    "neilish3re": [
      {
        "insertions": 0,
        "deletions": 0,
        "sinceDate": "2018-03-08",
        "untilDate": "2018-03-09"
      },
      {
        "insertions": 0,
        "deletions": 0,
        "sinceDate": "2018-03-09",
        "untilDate": "2018-03-10"
      },
      {
        "insertions": 0,
        "deletions": 0,
        "sinceDate": "2018-03-10",
        "untilDate": "2018-03-11"
      },
      {
        "insertions": 0,
        "deletions": 0,
        "sinceDate": "2018-03-11",
        "untilDate": "2018-03-12"
      },
      {
        "insertions": 0,
        "deletions": 0,
        "sinceDate": "2018-03-12",
        "untilDate": "2018-03-13"
      },
      {
        "insertions": 0,
        "deletions": 0,
        "sinceDate": "2018-03-13",
        "untilDate": "2018-03-14"
      },
      {
        "insertions": 0,
        "deletions": 0,
        "sinceDate": "2018-03-14",
        "untilDate": "2018-03-15"
      },
      {
        "insertions": 0,
        "deletions": 0,
        "sinceDate": "2018-03-15",
        "untilDate": "2018-03-16"
      },
      {
        "insertions": 0,
        "deletions": 0,
        "sinceDate": "2018-03-16",
        "untilDate": "2018-03-17"
      },
      {
        "insertions": 0,
        "deletions": 0,
        "sinceDate": "2018-03-17",
        "untilDate": "2018-03-18"
      },
      {
        "insertions": 0,
        "deletions": 0,
        "sinceDate": "2018-03-18",
        "untilDate": "2018-03-19"
      },
      {
        "insertions": 0,
        "deletions": 0,
        "sinceDate": "2018-03-19",
        "untilDate": "2018-03-20"
      },
      {
        "insertions": 0,
        "deletions": 0,
        "sinceDate": "2018-03-20",
        "untilDate": "2018-03-21"
      },
      {
        "insertions": 0,
        "deletions": 0,
        "sinceDate": "2018-03-21",
        "untilDate": "2018-03-22"
      },
      {
        "insertions": 0,
        "deletions": 0,
        "sinceDate": "2018-03-22",
        "untilDate": "2018-03-23"
      },
      {
        "insertions": 0,
        "deletions": 0,
        "sinceDate": "2018-03-23",
        "untilDate": "2018-03-24"
      },
      {
        "insertions": 0,
        "deletions": 0,
        "sinceDate": "2018-03-24",
        "untilDate": "2018-03-25"
      },
      {
        "insertions": 0,
        "deletions": 0,
        "sinceDate": "2018-03-25",
        "untilDate": "2018-03-26"
      },
      {
        "insertions": 0,
        "deletions": 0,
        "sinceDate": "2018-03-26",
        "untilDate": "2018-03-27"
      },
      {
        "insertions": 0,
        "deletions": 0,
        "sinceDate": "2018-03-27",
        "untilDate": "2018-03-28"
      },
      {
        "insertions": 0,
        "deletions": 0,
        "sinceDate": "2018-03-28",
        "untilDate": "2018-03-29"
      },
      {
        "insertions": 0,
        "deletions": 0,
        "sinceDate": "2018-03-29",
        "untilDate": "2018-03-30"
      },
      {
        "insertions": 0,
        "deletions": 0,
        "sinceDate": "2018-03-30",
        "untilDate": "2018-03-31"
      },
      {
        "insertions": 0,
        "deletions": 0,
        "sinceDate": "2018-03-31",
        "untilDate": "2018-04-01"
      },
      {
        "insertions": 0,
        "deletions": 0,
        "sinceDate": "2018-04-01",
        "untilDate": "2018-04-02"
      },
      {
        "insertions": 0,
        "deletions": 0,
        "sinceDate": "2018-04-02",
        "untilDate": "2018-04-03"
      },
      {
        "insertions": 0,
        "deletions": 0,
        "sinceDate": "2018-04-03",
        "untilDate": "2018-04-04"
      },
      {
        "insertions": 0,
        "deletions": 0,
        "sinceDate": "2018-04-04",
        "untilDate": "2018-04-05"
      },
      {
        "insertions": 0,
        "deletions": 0,
        "sinceDate": "2018-04-05",
        "untilDate": "2018-04-06"
      },
      {
        "insertions": 0,
        "deletions": 0,
        "sinceDate": "2018-04-06",
        "untilDate": "2018-04-07"
      },
      {
        "insertions": 0,
        "deletions": 0,
        "sinceDate": "2018-04-07",
        "untilDate": "2018-04-08"
      },
      {
        "insertions": 0,
        "deletions": 0,
        "sinceDate": "2018-04-08",
        "untilDate": "2018-04-09"
      },
      {
        "insertions": 0,
        "deletions": 0,
        "sinceDate": "2018-04-09",
        "untilDate": "2018-04-10"
      },
      {
        "insertions": 0,
        "deletions": 0,
        "sinceDate": "2018-04-10",
        "untilDate": "2018-04-11"
      },
      {
        "insertions": 0,
        "deletions": 0,
        "sinceDate": "2018-04-11",
        "untilDate": "2018-04-12"
      },
      {
        "insertions": 0,
        "deletions": 0,
        "sinceDate": "2018-04-12",
        "untilDate": "2018-04-13"
      },
      {
        "insertions": 0,
        "deletions": 0,
        "sinceDate": "2018-04-13",
        "untilDate": "2018-04-14"
      }
    ]
  },
  "authorFinalContributionMap": {
    "ewaldhew": 2157,
    "Eldon-Chung": 13791,
    "laichengyu": 947,
    "neilish3re": 96
  },
  "authorContributionVariance": {
    "ewaldhew": 0.0,
    "Eldon-Chung": 1945795.9,
    "laichengyu": 0.0,
    "neilish3re": 0.0
  },
  "authorDisplayNameMap": {
    "ewaldhew": "HEW Y...EWALD",
    "Eldon-Chung": "ELDON...CHUNG",
    "laichengyu": "LAI C...NG YU",
    "neilish3re": "NEIL ...MEHTA"
  }
}
