{
  "authorWeeklyIntervalContributions": {
    "jasonvank": [
      {
        "insertions": 0,
        "deletions": 0,
        "sinceDate": "2018-09-01",
        "untilDate": "2018-09-08"
      },
      {
        "insertions": 0,
        "deletions": 0,
        "sinceDate": "2018-09-08",
        "untilDate": "2018-09-15"
      },
      {
        "insertions": 189,
        "deletions": 83,
        "sinceDate": "2018-09-15",
        "untilDate": "2018-09-22"
      },
      {
        "insertions": 0,
        "deletions": 0,
        "sinceDate": "2018-09-22",
        "untilDate": "2018-09-29"
      },
      {
        "insertions": 13426,
        "deletions": 13443,
        "sinceDate": "2018-09-29",
        "untilDate": "2018-10-06"
      },
      {
        "insertions": 739,
        "deletions": 728,
        "sinceDate": "2018-10-06",
        "untilDate": "2018-10-13"
      },
      {
        "insertions": 1447,
        "deletions": 1124,
        "sinceDate": "2018-10-13",
        "untilDate": "2018-10-20"
      },
      {
        "insertions": 924,
        "deletions": 665,
        "sinceDate": "2018-10-20",
        "untilDate": "2018-10-27"
      },
      {
        "insertions": 1176,
        "deletions": 899,
        "sinceDate": "2018-10-27",
        "untilDate": "2018-11-03"
      },
      {
        "insertions": 1472,
        "deletions": 616,
        "sinceDate": "2018-11-03",
        "untilDate": "2018-11-10"
      },
      {
        "insertions": 932,
        "deletions": 659,
        "sinceDate": "2018-11-10",
        "untilDate": "2018-11-17"
      }
    ],
    "leo-1997": [
      {
        "insertions": 0,
        "deletions": 0,
        "sinceDate": "2018-09-01",
        "untilDate": "2018-09-08"
      },
      {
        "insertions": 0,
        "deletions": 0,
        "sinceDate": "2018-09-08",
        "untilDate": "2018-09-15"
      },
      {
        "insertions": 93,
        "deletions": 19,
        "sinceDate": "2018-09-15",
        "untilDate": "2018-09-22"
      },
      {
        "insertions": 0,
        "deletions": 0,
        "sinceDate": "2018-09-22",
        "untilDate": "2018-09-29"
      },
      {
        "insertions": 13687,
        "deletions": 13588,
        "sinceDate": "2018-09-29",
        "untilDate": "2018-10-06"
      },
      {
        "insertions": 633,
        "deletions": 528,
        "sinceDate": "2018-10-06",
        "untilDate": "2018-10-13"
      },
      {
        "insertions": 470,
        "deletions": 303,
        "sinceDate": "2018-10-13",
        "untilDate": "2018-10-20"
      },
      {
        "insertions": 1848,
        "deletions": 1714,
        "sinceDate": "2018-10-20",
        "untilDate": "2018-10-27"
      },
      {
        "insertions": 1009,
        "deletions": 469,
        "sinceDate": "2018-10-27",
        "untilDate": "2018-11-03"
      },
      {
        "insertions": 831,
        "deletions": 367,
        "sinceDate": "2018-11-03",
        "untilDate": "2018-11-10"
      },
      {
        "insertions": 908,
        "deletions": 751,
        "sinceDate": "2018-11-10",
        "untilDate": "2018-11-17"
      }
    ],
    "zhengwei143": [
      {
        "insertions": 0,
        "deletions": 0,
        "sinceDate": "2018-09-01",
        "untilDate": "2018-09-08"
      },
      {
        "insertions": 0,
        "deletions": 0,
        "sinceDate": "2018-09-08",
        "untilDate": "2018-09-15"
      },
      {
        "insertions": 26,
        "deletions": 18,
        "sinceDate": "2018-09-15",
        "untilDate": "2018-09-22"
      },
      {
        "insertions": 0,
        "deletions": 0,
        "sinceDate": "2018-09-22",
        "untilDate": "2018-09-29"
      },
      {
        "insertions": 1991,
        "deletions": 3241,
        "sinceDate": "2018-09-29",
        "untilDate": "2018-10-06"
      },
      {
        "insertions": 176,
        "deletions": 272,
        "sinceDate": "2018-10-06",
        "untilDate": "2018-10-13"
      },
      {
        "insertions": 240,
        "deletions": 165,
        "sinceDate": "2018-10-13",
        "untilDate": "2018-10-20"
      },
      {
        "insertions": 257,
        "deletions": 39,
        "sinceDate": "2018-10-20",
        "untilDate": "2018-10-27"
      },
      {
        "insertions": 1292,
        "deletions": 916,
        "sinceDate": "2018-10-27",
        "untilDate": "2018-11-03"
      },
      {
        "insertions": 21,
        "deletions": 51,
        "sinceDate": "2018-11-03",
        "untilDate": "2018-11-10"
      },
      {
        "insertions": 1317,
        "deletions": 448,
        "sinceDate": "2018-11-10",
        "untilDate": "2018-11-17"
      }
    ],
    "xllliu": [
      {
        "insertions": 0,
        "deletions": 0,
        "sinceDate": "2018-09-01",
        "untilDate": "2018-09-08"
      },
      {
        "insertions": 0,
        "deletions": 0,
        "sinceDate": "2018-09-08",
        "untilDate": "2018-09-15"
      },
      {
        "insertions": 0,
        "deletions": 0,
        "sinceDate": "2018-09-15",
        "untilDate": "2018-09-22"
      },
      {
        "insertions": 0,
        "deletions": 0,
        "sinceDate": "2018-09-22",
        "untilDate": "2018-09-29"
      },
      {
        "insertions": 84,
        "deletions": 81,
        "sinceDate": "2018-09-29",
        "untilDate": "2018-10-06"
      },
      {
        "insertions": 86,
        "deletions": 81,
        "sinceDate": "2018-10-06",
        "untilDate": "2018-10-13"
      },
      {
        "insertions": 247,
        "deletions": 89,
        "sinceDate": "2018-10-13",
        "untilDate": "2018-10-20"
      },
      {
        "insertions": 438,
        "deletions": 82,
        "sinceDate": "2018-10-20",
        "untilDate": "2018-10-27"
      },
      {
        "insertions": 736,
        "deletions": 252,
        "sinceDate": "2018-10-27",
        "untilDate": "2018-11-03"
      },
      {
        "insertions": 191,
        "deletions": 72,
        "sinceDate": "2018-11-03",
        "untilDate": "2018-11-10"
      },
      {
        "insertions": 706,
        "deletions": 188,
        "sinceDate": "2018-11-10",
        "untilDate": "2018-11-17"
      }
    ],
    "YShu7": [
      {
        "insertions": 0,
        "deletions": 0,
        "sinceDate": "2018-09-01",
        "untilDate": "2018-09-08"
      },
      {
        "insertions": 0,
        "deletions": 0,
        "sinceDate": "2018-09-08",
        "untilDate": "2018-09-15"
      },
      {
        "insertions": 328,
        "deletions": 35,
        "sinceDate": "2018-09-15",
        "untilDate": "2018-09-22"
      },
      {
        "insertions": 0,
        "deletions": 0,
        "sinceDate": "2018-09-22",
        "untilDate": "2018-09-29"
      },
      {
        "insertions": 891,
        "deletions": 820,
        "sinceDate": "2018-09-29",
        "untilDate": "2018-10-06"
      },
      {
        "insertions": 65,
        "deletions": 6,
        "sinceDate": "2018-10-06",
        "untilDate": "2018-10-13"
      },
      {
        "insertions": 1100,
        "deletions": 998,
        "sinceDate": "2018-10-13",
        "untilDate": "2018-10-20"
      },
      {
        "insertions": 289,
        "deletions": 98,
        "sinceDate": "2018-10-20",
        "untilDate": "2018-10-27"
      },
      {
        "insertions": 1151,
        "deletions": 672,
        "sinceDate": "2018-10-27",
        "untilDate": "2018-11-03"
      },
      {
        "insertions": 1625,
        "deletions": 703,
        "sinceDate": "2018-11-03",
        "untilDate": "2018-11-10"
      },
      {
        "insertions": 850,
        "deletions": 529,
        "sinceDate": "2018-11-10",
        "untilDate": "2018-11-17"
      }
    ]
  },
  "authorDailyIntervalContributions": {
    "jasonvank": [
      {
        "insertions": 0,
        "deletions": 0,
        "sinceDate": "2018-09-01",
        "untilDate": "2018-09-02"
      },
      {
        "insertions": 0,
        "deletions": 0,
        "sinceDate": "2018-09-02",
        "untilDate": "2018-09-03"
      },
      {
        "insertions": 0,
        "deletions": 0,
        "sinceDate": "2018-09-03",
        "untilDate": "2018-09-04"
      },
      {
        "insertions": 0,
        "deletions": 0,
        "sinceDate": "2018-09-04",
        "untilDate": "2018-09-05"
      },
      {
        "insertions": 0,
        "deletions": 0,
        "sinceDate": "2018-09-05",
        "untilDate": "2018-09-06"
      },
      {
        "insertions": 0,
        "deletions": 0,
        "sinceDate": "2018-09-06",
        "untilDate": "2018-09-07"
      },
      {
        "insertions": 0,
        "deletions": 0,
        "sinceDate": "2018-09-07",
        "untilDate": "2018-09-08"
      },
      {
        "insertions": 0,
        "deletions": 0,
        "sinceDate": "2018-09-08",
        "untilDate": "2018-09-09"
      },
      {
        "insertions": 0,
        "deletions": 0,
        "sinceDate": "2018-09-09",
        "untilDate": "2018-09-10"
      },
      {
        "insertions": 0,
        "deletions": 0,
        "sinceDate": "2018-09-10",
        "untilDate": "2018-09-11"
      },
      {
        "insertions": 0,
        "deletions": 0,
        "sinceDate": "2018-09-11",
        "untilDate": "2018-09-12"
      },
      {
        "insertions": 0,
        "deletions": 0,
        "sinceDate": "2018-09-12",
        "untilDate": "2018-09-13"
      },
      {
        "insertions": 0,
        "deletions": 0,
        "sinceDate": "2018-09-13",
        "untilDate": "2018-09-14"
      },
      {
        "insertions": 0,
        "deletions": 0,
        "sinceDate": "2018-09-14",
        "untilDate": "2018-09-15"
      },
      {
        "insertions": 0,
        "deletions": 0,
        "sinceDate": "2018-09-15",
        "untilDate": "2018-09-16"
      },
      {
        "insertions": 0,
        "deletions": 0,
        "sinceDate": "2018-09-16",
        "untilDate": "2018-09-17"
      },
      {
        "insertions": 0,
        "deletions": 0,
        "sinceDate": "2018-09-17",
        "untilDate": "2018-09-18"
      },
      {
        "insertions": 0,
        "deletions": 0,
        "sinceDate": "2018-09-18",
        "untilDate": "2018-09-19"
      },
      {
        "insertions": 189,
        "deletions": 83,
        "sinceDate": "2018-09-19",
        "untilDate": "2018-09-20"
      },
      {
        "insertions": 0,
        "deletions": 0,
        "sinceDate": "2018-09-20",
        "untilDate": "2018-09-21"
      },
      {
        "insertions": 0,
        "deletions": 0,
        "sinceDate": "2018-09-21",
        "untilDate": "2018-09-22"
      },
      {
        "insertions": 0,
        "deletions": 0,
        "sinceDate": "2018-09-22",
        "untilDate": "2018-09-23"
      },
      {
        "insertions": 0,
        "deletions": 0,
        "sinceDate": "2018-09-23",
        "untilDate": "2018-09-24"
      },
      {
        "insertions": 0,
        "deletions": 0,
        "sinceDate": "2018-09-24",
        "untilDate": "2018-09-25"
      },
      {
        "insertions": 0,
        "deletions": 0,
        "sinceDate": "2018-09-25",
        "untilDate": "2018-09-26"
      },
      {
        "insertions": 0,
        "deletions": 0,
        "sinceDate": "2018-09-26",
        "untilDate": "2018-09-27"
      },
      {
        "insertions": 0,
        "deletions": 0,
        "sinceDate": "2018-09-27",
        "untilDate": "2018-09-28"
      },
      {
        "insertions": 0,
        "deletions": 0,
        "sinceDate": "2018-09-28",
        "untilDate": "2018-09-29"
      },
      {
        "insertions": 0,
        "deletions": 0,
        "sinceDate": "2018-09-29",
        "untilDate": "2018-09-30"
      },
      {
        "insertions": 1,
        "deletions": 1,
        "sinceDate": "2018-09-30",
        "untilDate": "2018-10-01"
      },
      {
        "insertions": 2870,
        "deletions": 3162,
        "sinceDate": "2018-10-01",
        "untilDate": "2018-10-02"
      },
      {
        "insertions": 10351,
        "deletions": 10041,
        "sinceDate": "2018-10-02",
        "untilDate": "2018-10-03"
      },
      {
        "insertions": 203,
        "deletions": 237,
        "sinceDate": "2018-10-03",
        "untilDate": "2018-10-04"
      },
      {
        "insertions": 1,
        "deletions": 1,
        "sinceDate": "2018-10-04",
        "untilDate": "2018-10-05"
      },
      {
        "insertions": 0,
        "deletions": 1,
        "sinceDate": "2018-10-05",
        "untilDate": "2018-10-06"
      },
      {
        "insertions": 0,
        "deletions": 0,
        "sinceDate": "2018-10-06",
        "untilDate": "2018-10-07"
      },
      {
        "insertions": 0,
        "deletions": 0,
        "sinceDate": "2018-10-07",
        "untilDate": "2018-10-08"
      },
      {
        "insertions": 0,
        "deletions": 0,
        "sinceDate": "2018-10-08",
        "untilDate": "2018-10-09"
      },
      {
        "insertions": 0,
        "deletions": 0,
        "sinceDate": "2018-10-09",
        "untilDate": "2018-10-10"
      },
      {
        "insertions": 355,
        "deletions": 337,
        "sinceDate": "2018-10-10",
        "untilDate": "2018-10-11"
      },
      {
        "insertions": 361,
        "deletions": 390,
        "sinceDate": "2018-10-11",
        "untilDate": "2018-10-12"
      },
      {
        "insertions": 23,
        "deletions": 1,
        "sinceDate": "2018-10-12",
        "untilDate": "2018-10-13"
      },
      {
        "insertions": 0,
        "deletions": 0,
        "sinceDate": "2018-10-13",
        "untilDate": "2018-10-14"
      },
      {
        "insertions": 1,
        "deletions": 1,
        "sinceDate": "2018-10-14",
        "untilDate": "2018-10-15"
      },
      {
        "insertions": 336,
        "deletions": 321,
        "sinceDate": "2018-10-15",
        "untilDate": "2018-10-16"
      },
      {
        "insertions": 98,
        "deletions": 15,
        "sinceDate": "2018-10-16",
        "untilDate": "2018-10-17"
      },
      {
        "insertions": 328,
        "deletions": 225,
        "sinceDate": "2018-10-17",
        "untilDate": "2018-10-18"
      },
      {
        "insertions": 509,
        "deletions": 367,
        "sinceDate": "2018-10-18",
        "untilDate": "2018-10-19"
      },
      {
        "insertions": 175,
        "deletions": 195,
        "sinceDate": "2018-10-19",
        "untilDate": "2018-10-20"
      },
      {
        "insertions": 0,
        "deletions": 0,
        "sinceDate": "2018-10-20",
        "untilDate": "2018-10-21"
      },
      {
        "insertions": 0,
        "deletions": 0,
        "sinceDate": "2018-10-21",
        "untilDate": "2018-10-22"
      },
      {
        "insertions": 30,
        "deletions": 36,
        "sinceDate": "2018-10-22",
        "untilDate": "2018-10-23"
      },
      {
        "insertions": 531,
        "deletions": 493,
        "sinceDate": "2018-10-23",
        "untilDate": "2018-10-24"
      },
      {
        "insertions": 222,
        "deletions": 76,
        "sinceDate": "2018-10-24",
        "untilDate": "2018-10-25"
      },
      {
        "insertions": 0,
        "deletions": 0,
        "sinceDate": "2018-10-25",
        "untilDate": "2018-10-26"
      },
      {
        "insertions": 141,
        "deletions": 60,
        "sinceDate": "2018-10-26",
        "untilDate": "2018-10-27"
      },
      {
        "insertions": 296,
        "deletions": 147,
        "sinceDate": "2018-10-27",
        "untilDate": "2018-10-28"
      },
      {
        "insertions": 249,
        "deletions": 254,
        "sinceDate": "2018-10-28",
        "untilDate": "2018-10-29"
      },
      {
        "insertions": 222,
        "deletions": 49,
        "sinceDate": "2018-10-29",
        "untilDate": "2018-10-30"
      },
      {
        "insertions": 0,
        "deletions": 0,
        "sinceDate": "2018-10-30",
        "untilDate": "2018-10-31"
      },
      {
        "insertions": 190,
        "deletions": 92,
        "sinceDate": "2018-10-31",
        "untilDate": "2018-11-01"
      },
      {
        "insertions": 120,
        "deletions": 71,
        "sinceDate": "2018-11-01",
        "untilDate": "2018-11-02"
      },
      {
        "insertions": 99,
        "deletions": 286,
        "sinceDate": "2018-11-02",
        "untilDate": "2018-11-03"
      },
      {
        "insertions": 0,
        "deletions": 0,
        "sinceDate": "2018-11-03",
        "untilDate": "2018-11-04"
      },
      {
        "insertions": 36,
        "deletions": 42,
        "sinceDate": "2018-11-04",
        "untilDate": "2018-11-05"
      },
      {
        "insertions": 306,
        "deletions": 88,
        "sinceDate": "2018-11-05",
        "untilDate": "2018-11-06"
      },
      {
        "insertions": 759,
        "deletions": 241,
        "sinceDate": "2018-11-06",
        "untilDate": "2018-11-07"
      },
      {
        "insertions": 234,
        "deletions": 96,
        "sinceDate": "2018-11-07",
        "untilDate": "2018-11-08"
      },
      {
        "insertions": 109,
        "deletions": 113,
        "sinceDate": "2018-11-08",
        "untilDate": "2018-11-09"
      },
      {
        "insertions": 28,
        "deletions": 36,
        "sinceDate": "2018-11-09",
        "untilDate": "2018-11-10"
      },
      {
        "insertions": 183,
        "deletions": 114,
        "sinceDate": "2018-11-10",
        "untilDate": "2018-11-11"
      },
      {
        "insertions": 373,
        "deletions": 228,
        "sinceDate": "2018-11-11",
        "untilDate": "2018-11-12"
      },
      {
        "insertions": 375,
        "deletions": 316,
        "sinceDate": "2018-11-12",
        "untilDate": "2018-11-13"
      },
      {
        "insertions": 1,
        "deletions": 1,
        "sinceDate": "2018-11-13",
        "untilDate": "2018-11-14"
      }
    ],
    "leo-1997": [
      {
        "insertions": 0,
        "deletions": 0,
        "sinceDate": "2018-09-01",
        "untilDate": "2018-09-02"
      },
      {
        "insertions": 0,
        "deletions": 0,
        "sinceDate": "2018-09-02",
        "untilDate": "2018-09-03"
      },
      {
        "insertions": 0,
        "deletions": 0,
        "sinceDate": "2018-09-03",
        "untilDate": "2018-09-04"
      },
      {
        "insertions": 0,
        "deletions": 0,
        "sinceDate": "2018-09-04",
        "untilDate": "2018-09-05"
      },
      {
        "insertions": 0,
        "deletions": 0,
        "sinceDate": "2018-09-05",
        "untilDate": "2018-09-06"
      },
      {
        "insertions": 0,
        "deletions": 0,
        "sinceDate": "2018-09-06",
        "untilDate": "2018-09-07"
      },
      {
        "insertions": 0,
        "deletions": 0,
        "sinceDate": "2018-09-07",
        "untilDate": "2018-09-08"
      },
      {
        "insertions": 0,
        "deletions": 0,
        "sinceDate": "2018-09-08",
        "untilDate": "2018-09-09"
      },
      {
        "insertions": 0,
        "deletions": 0,
        "sinceDate": "2018-09-09",
        "untilDate": "2018-09-10"
      },
      {
        "insertions": 0,
        "deletions": 0,
        "sinceDate": "2018-09-10",
        "untilDate": "2018-09-11"
      },
      {
        "insertions": 0,
        "deletions": 0,
        "sinceDate": "2018-09-11",
        "untilDate": "2018-09-12"
      },
      {
        "insertions": 0,
        "deletions": 0,
        "sinceDate": "2018-09-12",
        "untilDate": "2018-09-13"
      },
      {
        "insertions": 0,
        "deletions": 0,
        "sinceDate": "2018-09-13",
        "untilDate": "2018-09-14"
      },
      {
        "insertions": 0,
        "deletions": 0,
        "sinceDate": "2018-09-14",
        "untilDate": "2018-09-15"
      },
      {
        "insertions": 0,
        "deletions": 0,
        "sinceDate": "2018-09-15",
        "untilDate": "2018-09-16"
      },
      {
        "insertions": 0,
        "deletions": 0,
        "sinceDate": "2018-09-16",
        "untilDate": "2018-09-17"
      },
      {
        "insertions": 0,
        "deletions": 0,
        "sinceDate": "2018-09-17",
        "untilDate": "2018-09-18"
      },
      {
        "insertions": 0,
        "deletions": 0,
        "sinceDate": "2018-09-18",
        "untilDate": "2018-09-19"
      },
      {
        "insertions": 93,
        "deletions": 19,
        "sinceDate": "2018-09-19",
        "untilDate": "2018-09-20"
      },
      {
        "insertions": 0,
        "deletions": 0,
        "sinceDate": "2018-09-20",
        "untilDate": "2018-09-21"
      },
      {
        "insertions": 0,
        "deletions": 0,
        "sinceDate": "2018-09-21",
        "untilDate": "2018-09-22"
      },
      {
        "insertions": 0,
        "deletions": 0,
        "sinceDate": "2018-09-22",
        "untilDate": "2018-09-23"
      },
      {
        "insertions": 0,
        "deletions": 0,
        "sinceDate": "2018-09-23",
        "untilDate": "2018-09-24"
      },
      {
        "insertions": 0,
        "deletions": 0,
        "sinceDate": "2018-09-24",
        "untilDate": "2018-09-25"
      },
      {
        "insertions": 0,
        "deletions": 0,
        "sinceDate": "2018-09-25",
        "untilDate": "2018-09-26"
      },
      {
        "insertions": 0,
        "deletions": 0,
        "sinceDate": "2018-09-26",
        "untilDate": "2018-09-27"
      },
      {
        "insertions": 0,
        "deletions": 0,
        "sinceDate": "2018-09-27",
        "untilDate": "2018-09-28"
      },
      {
        "insertions": 0,
        "deletions": 0,
        "sinceDate": "2018-09-28",
        "untilDate": "2018-09-29"
      },
      {
        "insertions": 0,
        "deletions": 0,
        "sinceDate": "2018-09-29",
        "untilDate": "2018-09-30"
      },
      {
        "insertions": 0,
        "deletions": 0,
        "sinceDate": "2018-09-30",
        "untilDate": "2018-10-01"
      },
      {
        "insertions": 1018,
        "deletions": 1022,
        "sinceDate": "2018-10-01",
        "untilDate": "2018-10-02"
      },
      {
        "insertions": 12472,
        "deletions": 12382,
        "sinceDate": "2018-10-02",
        "untilDate": "2018-10-03"
      },
      {
        "insertions": 163,
        "deletions": 154,
        "sinceDate": "2018-10-03",
        "untilDate": "2018-10-04"
      },
      {
        "insertions": 0,
        "deletions": 0,
        "sinceDate": "2018-10-04",
        "untilDate": "2018-10-05"
      },
      {
        "insertions": 34,
        "deletions": 30,
        "sinceDate": "2018-10-05",
        "untilDate": "2018-10-06"
      },
      {
        "insertions": 0,
        "deletions": 0,
        "sinceDate": "2018-10-06",
        "untilDate": "2018-10-07"
      },
      {
        "insertions": 0,
        "deletions": 0,
        "sinceDate": "2018-10-07",
        "untilDate": "2018-10-08"
      },
      {
        "insertions": 0,
        "deletions": 0,
        "sinceDate": "2018-10-08",
        "untilDate": "2018-10-09"
      },
      {
        "insertions": 0,
        "deletions": 0,
        "sinceDate": "2018-10-09",
        "untilDate": "2018-10-10"
      },
      {
        "insertions": 135,
        "deletions": 116,
        "sinceDate": "2018-10-10",
        "untilDate": "2018-10-11"
      },
      {
        "insertions": 498,
        "deletions": 412,
        "sinceDate": "2018-10-11",
        "untilDate": "2018-10-12"
      },
      {
        "insertions": 0,
        "deletions": 0,
        "sinceDate": "2018-10-12",
        "untilDate": "2018-10-13"
      },
      {
        "insertions": 0,
        "deletions": 0,
        "sinceDate": "2018-10-13",
        "untilDate": "2018-10-14"
      },
      {
        "insertions": 0,
        "deletions": 0,
        "sinceDate": "2018-10-14",
        "untilDate": "2018-10-15"
      },
      {
        "insertions": 0,
        "deletions": 0,
        "sinceDate": "2018-10-15",
        "untilDate": "2018-10-16"
      },
      {
        "insertions": 266,
        "deletions": 176,
        "sinceDate": "2018-10-16",
        "untilDate": "2018-10-17"
      },
      {
        "insertions": 57,
        "deletions": 50,
        "sinceDate": "2018-10-17",
        "untilDate": "2018-10-18"
      },
      {
        "insertions": 147,
        "deletions": 77,
        "sinceDate": "2018-10-18",
        "untilDate": "2018-10-19"
      },
      {
        "insertions": 0,
        "deletions": 0,
        "sinceDate": "2018-10-19",
        "untilDate": "2018-10-20"
      },
      {
        "insertions": 0,
        "deletions": 0,
        "sinceDate": "2018-10-20",
        "untilDate": "2018-10-21"
      },
      {
        "insertions": 0,
        "deletions": 0,
        "sinceDate": "2018-10-21",
        "untilDate": "2018-10-22"
      },
      {
        "insertions": 0,
        "deletions": 0,
        "sinceDate": "2018-10-22",
        "untilDate": "2018-10-23"
      },
      {
        "insertions": 0,
        "deletions": 0,
        "sinceDate": "2018-10-23",
        "untilDate": "2018-10-24"
      },
      {
        "insertions": 1399,
        "deletions": 1399,
        "sinceDate": "2018-10-24",
        "untilDate": "2018-10-25"
      },
      {
        "insertions": 108,
        "deletions": 66,
        "sinceDate": "2018-10-25",
        "untilDate": "2018-10-26"
      },
      {
        "insertions": 341,
        "deletions": 249,
        "sinceDate": "2018-10-26",
        "untilDate": "2018-10-27"
      },
      {
        "insertions": 42,
        "deletions": 38,
        "sinceDate": "2018-10-27",
        "untilDate": "2018-10-28"
      },
      {
        "insertions": 373,
        "deletions": 213,
        "sinceDate": "2018-10-28",
        "untilDate": "2018-10-29"
      },
      {
        "insertions": 1,
        "deletions": 0,
        "sinceDate": "2018-10-29",
        "untilDate": "2018-10-30"
      },
      {
        "insertions": 13,
        "deletions": 13,
        "sinceDate": "2018-10-30",
        "untilDate": "2018-10-31"
      },
      {
        "insertions": 52,
        "deletions": 13,
        "sinceDate": "2018-10-31",
        "untilDate": "2018-11-01"
      },
      {
        "insertions": 257,
        "deletions": 118,
        "sinceDate": "2018-11-01",
        "untilDate": "2018-11-02"
      },
      {
        "insertions": 271,
        "deletions": 74,
        "sinceDate": "2018-11-02",
        "untilDate": "2018-11-03"
      },
      {
        "insertions": 0,
        "deletions": 0,
        "sinceDate": "2018-11-03",
        "untilDate": "2018-11-04"
      },
      {
        "insertions": 250,
        "deletions": 179,
        "sinceDate": "2018-11-04",
        "untilDate": "2018-11-05"
      },
      {
        "insertions": 388,
        "deletions": 85,
        "sinceDate": "2018-11-05",
        "untilDate": "2018-11-06"
      },
      {
        "insertions": 77,
        "deletions": 52,
        "sinceDate": "2018-11-06",
        "untilDate": "2018-11-07"
      },
      {
        "insertions": 107,
        "deletions": 46,
        "sinceDate": "2018-11-07",
        "untilDate": "2018-11-08"
      },
      {
        "insertions": 1,
        "deletions": 1,
        "sinceDate": "2018-11-08",
        "untilDate": "2018-11-09"
      },
      {
        "insertions": 8,
        "deletions": 4,
        "sinceDate": "2018-11-09",
        "untilDate": "2018-11-10"
      },
      {
        "insertions": 173,
        "deletions": 78,
        "sinceDate": "2018-11-10",
        "untilDate": "2018-11-11"
      },
      {
        "insertions": 105,
        "deletions": 67,
        "sinceDate": "2018-11-11",
        "untilDate": "2018-11-12"
      },
      {
        "insertions": 627,
        "deletions": 604,
        "sinceDate": "2018-11-12",
        "untilDate": "2018-11-13"
      },
      {
        "insertions": 3,
        "deletions": 2,
        "sinceDate": "2018-11-13",
        "untilDate": "2018-11-14"
      }
    ],
    "zhengwei143": [
      {
        "insertions": 0,
        "deletions": 0,
        "sinceDate": "2018-09-01",
        "untilDate": "2018-09-02"
      },
      {
        "insertions": 0,
        "deletions": 0,
        "sinceDate": "2018-09-02",
        "untilDate": "2018-09-03"
      },
      {
        "insertions": 0,
        "deletions": 0,
        "sinceDate": "2018-09-03",
        "untilDate": "2018-09-04"
      },
      {
        "insertions": 0,
        "deletions": 0,
        "sinceDate": "2018-09-04",
        "untilDate": "2018-09-05"
      },
      {
        "insertions": 0,
        "deletions": 0,
        "sinceDate": "2018-09-05",
        "untilDate": "2018-09-06"
      },
      {
        "insertions": 0,
        "deletions": 0,
        "sinceDate": "2018-09-06",
        "untilDate": "2018-09-07"
      },
      {
        "insertions": 0,
        "deletions": 0,
        "sinceDate": "2018-09-07",
        "untilDate": "2018-09-08"
      },
      {
        "insertions": 0,
        "deletions": 0,
        "sinceDate": "2018-09-08",
        "untilDate": "2018-09-09"
      },
      {
        "insertions": 0,
        "deletions": 0,
        "sinceDate": "2018-09-09",
        "untilDate": "2018-09-10"
      },
      {
        "insertions": 0,
        "deletions": 0,
        "sinceDate": "2018-09-10",
        "untilDate": "2018-09-11"
      },
      {
        "insertions": 0,
        "deletions": 0,
        "sinceDate": "2018-09-11",
        "untilDate": "2018-09-12"
      },
      {
        "insertions": 0,
        "deletions": 0,
        "sinceDate": "2018-09-12",
        "untilDate": "2018-09-13"
      },
      {
        "insertions": 0,
        "deletions": 0,
        "sinceDate": "2018-09-13",
        "untilDate": "2018-09-14"
      },
      {
        "insertions": 0,
        "deletions": 0,
        "sinceDate": "2018-09-14",
        "untilDate": "2018-09-15"
      },
      {
        "insertions": 0,
        "deletions": 0,
        "sinceDate": "2018-09-15",
        "untilDate": "2018-09-16"
      },
      {
        "insertions": 0,
        "deletions": 0,
        "sinceDate": "2018-09-16",
        "untilDate": "2018-09-17"
      },
      {
        "insertions": 0,
        "deletions": 0,
        "sinceDate": "2018-09-17",
        "untilDate": "2018-09-18"
      },
      {
        "insertions": 0,
        "deletions": 0,
        "sinceDate": "2018-09-18",
        "untilDate": "2018-09-19"
      },
      {
        "insertions": 26,
        "deletions": 18,
        "sinceDate": "2018-09-19",
        "untilDate": "2018-09-20"
      },
      {
        "insertions": 0,
        "deletions": 0,
        "sinceDate": "2018-09-20",
        "untilDate": "2018-09-21"
      },
      {
        "insertions": 0,
        "deletions": 0,
        "sinceDate": "2018-09-21",
        "untilDate": "2018-09-22"
      },
      {
        "insertions": 0,
        "deletions": 0,
        "sinceDate": "2018-09-22",
        "untilDate": "2018-09-23"
      },
      {
        "insertions": 0,
        "deletions": 0,
        "sinceDate": "2018-09-23",
        "untilDate": "2018-09-24"
      },
      {
        "insertions": 0,
        "deletions": 0,
        "sinceDate": "2018-09-24",
        "untilDate": "2018-09-25"
      },
      {
        "insertions": 0,
        "deletions": 0,
        "sinceDate": "2018-09-25",
        "untilDate": "2018-09-26"
      },
      {
        "insertions": 0,
        "deletions": 0,
        "sinceDate": "2018-09-26",
        "untilDate": "2018-09-27"
      },
      {
        "insertions": 0,
        "deletions": 0,
        "sinceDate": "2018-09-27",
        "untilDate": "2018-09-28"
      },
      {
        "insertions": 0,
        "deletions": 0,
        "sinceDate": "2018-09-28",
        "untilDate": "2018-09-29"
      },
      {
        "insertions": 0,
        "deletions": 0,
        "sinceDate": "2018-09-29",
        "untilDate": "2018-09-30"
      },
      {
        "insertions": 0,
        "deletions": 0,
        "sinceDate": "2018-09-30",
        "untilDate": "2018-10-01"
      },
      {
        "insertions": 0,
        "deletions": 0,
        "sinceDate": "2018-10-01",
        "untilDate": "2018-10-02"
      },
      {
        "insertions": 0,
        "deletions": 0,
        "sinceDate": "2018-10-02",
        "untilDate": "2018-10-03"
      },
      {
        "insertions": 1991,
        "deletions": 3241,
        "sinceDate": "2018-10-03",
        "untilDate": "2018-10-04"
      },
      {
        "insertions": 0,
        "deletions": 0,
        "sinceDate": "2018-10-04",
        "untilDate": "2018-10-05"
      },
      {
        "insertions": 0,
        "deletions": 0,
        "sinceDate": "2018-10-05",
        "untilDate": "2018-10-06"
      },
      {
        "insertions": 0,
        "deletions": 0,
        "sinceDate": "2018-10-06",
        "untilDate": "2018-10-07"
      },
      {
        "insertions": 0,
        "deletions": 0,
        "sinceDate": "2018-10-07",
        "untilDate": "2018-10-08"
      },
      {
        "insertions": 0,
        "deletions": 0,
        "sinceDate": "2018-10-08",
        "untilDate": "2018-10-09"
      },
      {
        "insertions": 0,
        "deletions": 0,
        "sinceDate": "2018-10-09",
        "untilDate": "2018-10-10"
      },
      {
        "insertions": 176,
        "deletions": 272,
        "sinceDate": "2018-10-10",
        "untilDate": "2018-10-11"
      },
      {
        "insertions": 0,
        "deletions": 0,
        "sinceDate": "2018-10-11",
        "untilDate": "2018-10-12"
      },
      {
        "insertions": 0,
        "deletions": 0,
        "sinceDate": "2018-10-12",
        "untilDate": "2018-10-13"
      },
      {
        "insertions": 0,
        "deletions": 0,
        "sinceDate": "2018-10-13",
        "untilDate": "2018-10-14"
      },
      {
        "insertions": 0,
        "deletions": 0,
        "sinceDate": "2018-10-14",
        "untilDate": "2018-10-15"
      },
      {
        "insertions": 0,
        "deletions": 0,
        "sinceDate": "2018-10-15",
        "untilDate": "2018-10-16"
      },
      {
        "insertions": 0,
        "deletions": 0,
        "sinceDate": "2018-10-16",
        "untilDate": "2018-10-17"
      },
      {
        "insertions": 171,
        "deletions": 67,
        "sinceDate": "2018-10-17",
        "untilDate": "2018-10-18"
      },
      {
        "insertions": 59,
        "deletions": 42,
        "sinceDate": "2018-10-18",
        "untilDate": "2018-10-19"
      },
      {
        "insertions": 10,
        "deletions": 56,
        "sinceDate": "2018-10-19",
        "untilDate": "2018-10-20"
      },
      {
        "insertions": 0,
        "deletions": 0,
        "sinceDate": "2018-10-20",
        "untilDate": "2018-10-21"
      },
      {
        "insertions": 0,
        "deletions": 0,
        "sinceDate": "2018-10-21",
        "untilDate": "2018-10-22"
      },
      {
        "insertions": 0,
        "deletions": 0,
        "sinceDate": "2018-10-22",
        "untilDate": "2018-10-23"
      },
      {
        "insertions": 0,
        "deletions": 0,
        "sinceDate": "2018-10-23",
        "untilDate": "2018-10-24"
      },
      {
        "insertions": 257,
        "deletions": 39,
        "sinceDate": "2018-10-24",
        "untilDate": "2018-10-25"
      },
      {
        "insertions": 0,
        "deletions": 0,
        "sinceDate": "2018-10-25",
        "untilDate": "2018-10-26"
      },
      {
        "insertions": 0,
        "deletions": 0,
        "sinceDate": "2018-10-26",
        "untilDate": "2018-10-27"
      },
      {
        "insertions": 0,
        "deletions": 0,
        "sinceDate": "2018-10-27",
        "untilDate": "2018-10-28"
      },
      {
        "insertions": 0,
        "deletions": 0,
        "sinceDate": "2018-10-28",
        "untilDate": "2018-10-29"
      },
      {
        "insertions": 0,
        "deletions": 0,
        "sinceDate": "2018-10-29",
        "untilDate": "2018-10-30"
      },
      {
        "insertions": 0,
        "deletions": 0,
        "sinceDate": "2018-10-30",
        "untilDate": "2018-10-31"
      },
      {
        "insertions": 425,
        "deletions": 150,
        "sinceDate": "2018-10-31",
        "untilDate": "2018-11-01"
      },
      {
        "insertions": 16,
        "deletions": 16,
        "sinceDate": "2018-11-01",
        "untilDate": "2018-11-02"
      },
      {
        "insertions": 851,
        "deletions": 750,
        "sinceDate": "2018-11-02",
        "untilDate": "2018-11-03"
      },
      {
        "insertions": 0,
        "deletions": 0,
        "sinceDate": "2018-11-03",
        "untilDate": "2018-11-04"
      },
      {
        "insertions": 0,
        "deletions": 0,
        "sinceDate": "2018-11-04",
        "untilDate": "2018-11-05"
      },
      {
        "insertions": 0,
        "deletions": 0,
        "sinceDate": "2018-11-05",
        "untilDate": "2018-11-06"
      },
      {
        "insertions": 0,
        "deletions": 0,
        "sinceDate": "2018-11-06",
        "untilDate": "2018-11-07"
      },
      {
        "insertions": 21,
        "deletions": 51,
        "sinceDate": "2018-11-07",
        "untilDate": "2018-11-08"
      },
      {
        "insertions": 0,
        "deletions": 0,
        "sinceDate": "2018-11-08",
        "untilDate": "2018-11-09"
      },
      {
        "insertions": 0,
        "deletions": 0,
        "sinceDate": "2018-11-09",
        "untilDate": "2018-11-10"
      },
      {
        "insertions": 312,
        "deletions": 262,
        "sinceDate": "2018-11-10",
        "untilDate": "2018-11-11"
      },
      {
        "insertions": 547,
        "deletions": 55,
        "sinceDate": "2018-11-11",
        "untilDate": "2018-11-12"
      },
      {
        "insertions": 458,
        "deletions": 131,
        "sinceDate": "2018-11-12",
        "untilDate": "2018-11-13"
      },
      {
        "insertions": 0,
        "deletions": 0,
        "sinceDate": "2018-11-13",
        "untilDate": "2018-11-14"
      }
    ],
    "xllliu": [
      {
        "insertions": 0,
        "deletions": 0,
        "sinceDate": "2018-09-01",
        "untilDate": "2018-09-02"
      },
      {
        "insertions": 0,
        "deletions": 0,
        "sinceDate": "2018-09-02",
        "untilDate": "2018-09-03"
      },
      {
        "insertions": 0,
        "deletions": 0,
        "sinceDate": "2018-09-03",
        "untilDate": "2018-09-04"
      },
      {
        "insertions": 0,
        "deletions": 0,
        "sinceDate": "2018-09-04",
        "untilDate": "2018-09-05"
      },
      {
        "insertions": 0,
        "deletions": 0,
        "sinceDate": "2018-09-05",
        "untilDate": "2018-09-06"
      },
      {
        "insertions": 0,
        "deletions": 0,
        "sinceDate": "2018-09-06",
        "untilDate": "2018-09-07"
      },
      {
        "insertions": 0,
        "deletions": 0,
        "sinceDate": "2018-09-07",
        "untilDate": "2018-09-08"
      },
      {
        "insertions": 0,
        "deletions": 0,
        "sinceDate": "2018-09-08",
        "untilDate": "2018-09-09"
      },
      {
        "insertions": 0,
        "deletions": 0,
        "sinceDate": "2018-09-09",
        "untilDate": "2018-09-10"
      },
      {
        "insertions": 0,
        "deletions": 0,
        "sinceDate": "2018-09-10",
        "untilDate": "2018-09-11"
      },
      {
        "insertions": 0,
        "deletions": 0,
        "sinceDate": "2018-09-11",
        "untilDate": "2018-09-12"
      },
      {
        "insertions": 0,
        "deletions": 0,
        "sinceDate": "2018-09-12",
        "untilDate": "2018-09-13"
      },
      {
        "insertions": 0,
        "deletions": 0,
        "sinceDate": "2018-09-13",
        "untilDate": "2018-09-14"
      },
      {
        "insertions": 0,
        "deletions": 0,
        "sinceDate": "2018-09-14",
        "untilDate": "2018-09-15"
      },
      {
        "insertions": 0,
        "deletions": 0,
        "sinceDate": "2018-09-15",
        "untilDate": "2018-09-16"
      },
      {
        "insertions": 0,
        "deletions": 0,
        "sinceDate": "2018-09-16",
        "untilDate": "2018-09-17"
      },
      {
        "insertions": 0,
        "deletions": 0,
        "sinceDate": "2018-09-17",
        "untilDate": "2018-09-18"
      },
      {
        "insertions": 0,
        "deletions": 0,
        "sinceDate": "2018-09-18",
        "untilDate": "2018-09-19"
      },
      {
        "insertions": 0,
        "deletions": 0,
        "sinceDate": "2018-09-19",
        "untilDate": "2018-09-20"
      },
      {
        "insertions": 0,
        "deletions": 0,
        "sinceDate": "2018-09-20",
        "untilDate": "2018-09-21"
      },
      {
        "insertions": 0,
        "deletions": 0,
        "sinceDate": "2018-09-21",
        "untilDate": "2018-09-22"
      },
      {
        "insertions": 0,
        "deletions": 0,
        "sinceDate": "2018-09-22",
        "untilDate": "2018-09-23"
      },
      {
        "insertions": 0,
        "deletions": 0,
        "sinceDate": "2018-09-23",
        "untilDate": "2018-09-24"
      },
      {
        "insertions": 0,
        "deletions": 0,
        "sinceDate": "2018-09-24",
        "untilDate": "2018-09-25"
      },
      {
        "insertions": 0,
        "deletions": 0,
        "sinceDate": "2018-09-25",
        "untilDate": "2018-09-26"
      },
      {
        "insertions": 0,
        "deletions": 0,
        "sinceDate": "2018-09-26",
        "untilDate": "2018-09-27"
      },
      {
        "insertions": 0,
        "deletions": 0,
        "sinceDate": "2018-09-27",
        "untilDate": "2018-09-28"
      },
      {
        "insertions": 0,
        "deletions": 0,
        "sinceDate": "2018-09-28",
        "untilDate": "2018-09-29"
      },
      {
        "insertions": 0,
        "deletions": 0,
        "sinceDate": "2018-09-29",
        "untilDate": "2018-09-30"
      },
      {
        "insertions": 0,
        "deletions": 0,
        "sinceDate": "2018-09-30",
        "untilDate": "2018-10-01"
      },
      {
        "insertions": 0,
        "deletions": 0,
        "sinceDate": "2018-10-01",
        "untilDate": "2018-10-02"
      },
      {
        "insertions": 8,
        "deletions": 8,
        "sinceDate": "2018-10-02",
        "untilDate": "2018-10-03"
      },
      {
        "insertions": 76,
        "deletions": 73,
        "sinceDate": "2018-10-03",
        "untilDate": "2018-10-04"
      },
      {
        "insertions": 0,
        "deletions": 0,
        "sinceDate": "2018-10-04",
        "untilDate": "2018-10-05"
      },
      {
        "insertions": 0,
        "deletions": 0,
        "sinceDate": "2018-10-05",
        "untilDate": "2018-10-06"
      },
      {
        "insertions": 0,
        "deletions": 0,
        "sinceDate": "2018-10-06",
        "untilDate": "2018-10-07"
      },
      {
        "insertions": 0,
        "deletions": 0,
        "sinceDate": "2018-10-07",
        "untilDate": "2018-10-08"
      },
      {
        "insertions": 0,
        "deletions": 0,
        "sinceDate": "2018-10-08",
        "untilDate": "2018-10-09"
      },
      {
        "insertions": 0,
        "deletions": 0,
        "sinceDate": "2018-10-09",
        "untilDate": "2018-10-10"
      },
      {
        "insertions": 86,
        "deletions": 81,
        "sinceDate": "2018-10-10",
        "untilDate": "2018-10-11"
      },
      {
        "insertions": 0,
        "deletions": 0,
        "sinceDate": "2018-10-11",
        "untilDate": "2018-10-12"
      },
      {
        "insertions": 0,
        "deletions": 0,
        "sinceDate": "2018-10-12",
        "untilDate": "2018-10-13"
      },
      {
        "insertions": 0,
        "deletions": 0,
        "sinceDate": "2018-10-13",
        "untilDate": "2018-10-14"
      },
      {
        "insertions": 2,
        "deletions": 2,
        "sinceDate": "2018-10-14",
        "untilDate": "2018-10-15"
      },
      {
        "insertions": 8,
        "deletions": 7,
        "sinceDate": "2018-10-15",
        "untilDate": "2018-10-16"
      },
      {
        "insertions": 89,
        "deletions": 3,
        "sinceDate": "2018-10-16",
        "untilDate": "2018-10-17"
      },
      {
        "insertions": 92,
        "deletions": 30,
        "sinceDate": "2018-10-17",
        "untilDate": "2018-10-18"
      },
      {
        "insertions": 56,
        "deletions": 47,
        "sinceDate": "2018-10-18",
        "untilDate": "2018-10-19"
      },
      {
        "insertions": 0,
        "deletions": 0,
        "sinceDate": "2018-10-19",
        "untilDate": "2018-10-20"
      },
      {
        "insertions": 0,
        "deletions": 0,
        "sinceDate": "2018-10-20",
        "untilDate": "2018-10-21"
      },
      {
        "insertions": 0,
        "deletions": 0,
        "sinceDate": "2018-10-21",
        "untilDate": "2018-10-22"
      },
      {
        "insertions": 0,
        "deletions": 0,
        "sinceDate": "2018-10-22",
        "untilDate": "2018-10-23"
      },
      {
        "insertions": 0,
        "deletions": 0,
        "sinceDate": "2018-10-23",
        "untilDate": "2018-10-24"
      },
      {
        "insertions": 187,
        "deletions": 71,
        "sinceDate": "2018-10-24",
        "untilDate": "2018-10-25"
      },
      {
        "insertions": 23,
        "deletions": 8,
        "sinceDate": "2018-10-25",
        "untilDate": "2018-10-26"
      },
      {
        "insertions": 228,
        "deletions": 3,
        "sinceDate": "2018-10-26",
        "untilDate": "2018-10-27"
      },
      {
        "insertions": 25,
        "deletions": 10,
        "sinceDate": "2018-10-27",
        "untilDate": "2018-10-28"
      },
      {
        "insertions": 193,
        "deletions": 58,
        "sinceDate": "2018-10-28",
        "untilDate": "2018-10-29"
      },
      {
        "insertions": 199,
        "deletions": 53,
        "sinceDate": "2018-10-29",
        "untilDate": "2018-10-30"
      },
      {
        "insertions": 183,
        "deletions": 63,
        "sinceDate": "2018-10-30",
        "untilDate": "2018-10-31"
      },
      {
        "insertions": 3,
        "deletions": 0,
        "sinceDate": "2018-10-31",
        "untilDate": "2018-11-01"
      },
      {
        "insertions": 114,
        "deletions": 32,
        "sinceDate": "2018-11-01",
        "untilDate": "2018-11-02"
      },
      {
        "insertions": 19,
        "deletions": 36,
        "sinceDate": "2018-11-02",
        "untilDate": "2018-11-03"
      },
      {
        "insertions": 0,
        "deletions": 0,
        "sinceDate": "2018-11-03",
        "untilDate": "2018-11-04"
      },
      {
        "insertions": 0,
        "deletions": 0,
        "sinceDate": "2018-11-04",
        "untilDate": "2018-11-05"
      },
      {
        "insertions": 0,
        "deletions": 0,
        "sinceDate": "2018-11-05",
        "untilDate": "2018-11-06"
      },
      {
        "insertions": 108,
        "deletions": 28,
        "sinceDate": "2018-11-06",
        "untilDate": "2018-11-07"
      },
      {
        "insertions": 72,
        "deletions": 25,
        "sinceDate": "2018-11-07",
        "untilDate": "2018-11-08"
      },
      {
        "insertions": 11,
        "deletions": 18,
        "sinceDate": "2018-11-08",
        "untilDate": "2018-11-09"
      },
      {
        "insertions": 0,
        "deletions": 1,
        "sinceDate": "2018-11-09",
        "untilDate": "2018-11-10"
      },
      {
        "insertions": 212,
        "deletions": 55,
        "sinceDate": "2018-11-10",
        "untilDate": "2018-11-11"
      },
      {
        "insertions": 294,
        "deletions": 26,
        "sinceDate": "2018-11-11",
        "untilDate": "2018-11-12"
      },
      {
        "insertions": 200,
        "deletions": 107,
        "sinceDate": "2018-11-12",
        "untilDate": "2018-11-13"
      },
      {
        "insertions": 0,
        "deletions": 0,
        "sinceDate": "2018-11-13",
        "untilDate": "2018-11-14"
      }
    ],
    "YShu7": [
      {
        "insertions": 0,
        "deletions": 0,
        "sinceDate": "2018-09-01",
        "untilDate": "2018-09-02"
      },
      {
        "insertions": 0,
        "deletions": 0,
        "sinceDate": "2018-09-02",
        "untilDate": "2018-09-03"
      },
      {
        "insertions": 0,
        "deletions": 0,
        "sinceDate": "2018-09-03",
        "untilDate": "2018-09-04"
      },
      {
        "insertions": 0,
        "deletions": 0,
        "sinceDate": "2018-09-04",
        "untilDate": "2018-09-05"
      },
      {
        "insertions": 0,
        "deletions": 0,
        "sinceDate": "2018-09-05",
        "untilDate": "2018-09-06"
      },
      {
        "insertions": 0,
        "deletions": 0,
        "sinceDate": "2018-09-06",
        "untilDate": "2018-09-07"
      },
      {
        "insertions": 0,
        "deletions": 0,
        "sinceDate": "2018-09-07",
        "untilDate": "2018-09-08"
      },
      {
        "insertions": 0,
        "deletions": 0,
        "sinceDate": "2018-09-08",
        "untilDate": "2018-09-09"
      },
      {
        "insertions": 0,
        "deletions": 0,
        "sinceDate": "2018-09-09",
        "untilDate": "2018-09-10"
      },
      {
        "insertions": 0,
        "deletions": 0,
        "sinceDate": "2018-09-10",
        "untilDate": "2018-09-11"
      },
      {
        "insertions": 0,
        "deletions": 0,
        "sinceDate": "2018-09-11",
        "untilDate": "2018-09-12"
      },
      {
        "insertions": 0,
        "deletions": 0,
        "sinceDate": "2018-09-12",
        "untilDate": "2018-09-13"
      },
      {
        "insertions": 0,
        "deletions": 0,
        "sinceDate": "2018-09-13",
        "untilDate": "2018-09-14"
      },
      {
        "insertions": 0,
        "deletions": 0,
        "sinceDate": "2018-09-14",
        "untilDate": "2018-09-15"
      },
      {
        "insertions": 0,
        "deletions": 0,
        "sinceDate": "2018-09-15",
        "untilDate": "2018-09-16"
      },
      {
        "insertions": 0,
        "deletions": 0,
        "sinceDate": "2018-09-16",
        "untilDate": "2018-09-17"
      },
      {
        "insertions": 0,
        "deletions": 0,
        "sinceDate": "2018-09-17",
        "untilDate": "2018-09-18"
      },
      {
        "insertions": 0,
        "deletions": 0,
        "sinceDate": "2018-09-18",
        "untilDate": "2018-09-19"
      },
      {
        "insertions": 328,
        "deletions": 35,
        "sinceDate": "2018-09-19",
        "untilDate": "2018-09-20"
      },
      {
        "insertions": 0,
        "deletions": 0,
        "sinceDate": "2018-09-20",
        "untilDate": "2018-09-21"
      },
      {
        "insertions": 0,
        "deletions": 0,
        "sinceDate": "2018-09-21",
        "untilDate": "2018-09-22"
      },
      {
        "insertions": 0,
        "deletions": 0,
        "sinceDate": "2018-09-22",
        "untilDate": "2018-09-23"
      },
      {
        "insertions": 0,
        "deletions": 0,
        "sinceDate": "2018-09-23",
        "untilDate": "2018-09-24"
      },
      {
        "insertions": 0,
        "deletions": 0,
        "sinceDate": "2018-09-24",
        "untilDate": "2018-09-25"
      },
      {
        "insertions": 0,
        "deletions": 0,
        "sinceDate": "2018-09-25",
        "untilDate": "2018-09-26"
      },
      {
        "insertions": 0,
        "deletions": 0,
        "sinceDate": "2018-09-26",
        "untilDate": "2018-09-27"
      },
      {
        "insertions": 0,
        "deletions": 0,
        "sinceDate": "2018-09-27",
        "untilDate": "2018-09-28"
      },
      {
        "insertions": 0,
        "deletions": 0,
        "sinceDate": "2018-09-28",
        "untilDate": "2018-09-29"
      },
      {
        "insertions": 0,
        "deletions": 0,
        "sinceDate": "2018-09-29",
        "untilDate": "2018-09-30"
      },
      {
        "insertions": 0,
        "deletions": 0,
        "sinceDate": "2018-09-30",
        "untilDate": "2018-10-01"
      },
      {
        "insertions": 371,
        "deletions": 330,
        "sinceDate": "2018-10-01",
        "untilDate": "2018-10-02"
      },
      {
        "insertions": 393,
        "deletions": 447,
        "sinceDate": "2018-10-02",
        "untilDate": "2018-10-03"
      },
      {
        "insertions": 127,
        "deletions": 43,
        "sinceDate": "2018-10-03",
        "untilDate": "2018-10-04"
      },
      {
        "insertions": 0,
        "deletions": 0,
        "sinceDate": "2018-10-04",
        "untilDate": "2018-10-05"
      },
      {
        "insertions": 0,
        "deletions": 0,
        "sinceDate": "2018-10-05",
        "untilDate": "2018-10-06"
      },
      {
        "insertions": 0,
        "deletions": 0,
        "sinceDate": "2018-10-06",
        "untilDate": "2018-10-07"
      },
      {
        "insertions": 0,
        "deletions": 0,
        "sinceDate": "2018-10-07",
        "untilDate": "2018-10-08"
      },
      {
        "insertions": 0,
        "deletions": 0,
        "sinceDate": "2018-10-08",
        "untilDate": "2018-10-09"
      },
      {
        "insertions": 0,
        "deletions": 0,
        "sinceDate": "2018-10-09",
        "untilDate": "2018-10-10"
      },
      {
        "insertions": 65,
        "deletions": 6,
        "sinceDate": "2018-10-10",
        "untilDate": "2018-10-11"
      },
      {
        "insertions": 0,
        "deletions": 0,
        "sinceDate": "2018-10-11",
        "untilDate": "2018-10-12"
      },
      {
        "insertions": 0,
        "deletions": 0,
        "sinceDate": "2018-10-12",
        "untilDate": "2018-10-13"
      },
      {
        "insertions": 0,
        "deletions": 0,
        "sinceDate": "2018-10-13",
        "untilDate": "2018-10-14"
      },
      {
        "insertions": 0,
        "deletions": 0,
        "sinceDate": "2018-10-14",
        "untilDate": "2018-10-15"
      },
      {
        "insertions": 0,
        "deletions": 0,
        "sinceDate": "2018-10-15",
        "untilDate": "2018-10-16"
      },
      {
        "insertions": 804,
        "deletions": 878,
        "sinceDate": "2018-10-16",
        "untilDate": "2018-10-17"
      },
      {
        "insertions": 271,
        "deletions": 111,
        "sinceDate": "2018-10-17",
        "untilDate": "2018-10-18"
      },
      {
        "insertions": 25,
        "deletions": 9,
        "sinceDate": "2018-10-18",
        "untilDate": "2018-10-19"
      },
      {
        "insertions": 0,
        "deletions": 0,
        "sinceDate": "2018-10-19",
        "untilDate": "2018-10-20"
      },
      {
        "insertions": 0,
        "deletions": 0,
        "sinceDate": "2018-10-20",
        "untilDate": "2018-10-21"
      },
      {
        "insertions": 0,
        "deletions": 0,
        "sinceDate": "2018-10-21",
        "untilDate": "2018-10-22"
      },
      {
        "insertions": 0,
        "deletions": 0,
        "sinceDate": "2018-10-22",
        "untilDate": "2018-10-23"
      },
      {
        "insertions": 262,
        "deletions": 70,
        "sinceDate": "2018-10-23",
        "untilDate": "2018-10-24"
      },
      {
        "insertions": 27,
        "deletions": 28,
        "sinceDate": "2018-10-24",
        "untilDate": "2018-10-25"
      },
      {
        "insertions": 0,
        "deletions": 0,
        "sinceDate": "2018-10-25",
        "untilDate": "2018-10-26"
      },
      {
        "insertions": 0,
        "deletions": 0,
        "sinceDate": "2018-10-26",
        "untilDate": "2018-10-27"
      },
      {
        "insertions": 0,
        "deletions": 0,
        "sinceDate": "2018-10-27",
        "untilDate": "2018-10-28"
      },
      {
        "insertions": 183,
        "deletions": 94,
        "sinceDate": "2018-10-28",
        "untilDate": "2018-10-29"
      },
      {
        "insertions": 500,
        "deletions": 311,
        "sinceDate": "2018-10-29",
        "untilDate": "2018-10-30"
      },
      {
        "insertions": 226,
        "deletions": 167,
        "sinceDate": "2018-10-30",
        "untilDate": "2018-10-31"
      },
      {
        "insertions": 200,
        "deletions": 72,
        "sinceDate": "2018-10-31",
        "untilDate": "2018-11-01"
      },
      {
        "insertions": 0,
        "deletions": 0,
        "sinceDate": "2018-11-01",
        "untilDate": "2018-11-02"
      },
      {
        "insertions": 42,
        "deletions": 28,
        "sinceDate": "2018-11-02",
        "untilDate": "2018-11-03"
      },
      {
        "insertions": 0,
        "deletions": 0,
        "sinceDate": "2018-11-03",
        "untilDate": "2018-11-04"
      },
      {
        "insertions": 197,
        "deletions": 48,
        "sinceDate": "2018-11-04",
        "untilDate": "2018-11-05"
      },
      {
        "insertions": 406,
        "deletions": 205,
        "sinceDate": "2018-11-05",
        "untilDate": "2018-11-06"
      },
      {
        "insertions": 421,
        "deletions": 144,
        "sinceDate": "2018-11-06",
        "untilDate": "2018-11-07"
      },
      {
        "insertions": 400,
        "deletions": 214,
        "sinceDate": "2018-11-07",
        "untilDate": "2018-11-08"
      },
      {
        "insertions": 97,
        "deletions": 21,
        "sinceDate": "2018-11-08",
        "untilDate": "2018-11-09"
      },
      {
        "insertions": 104,
        "deletions": 71,
        "sinceDate": "2018-11-09",
        "untilDate": "2018-11-10"
      },
      {
        "insertions": 344,
        "deletions": 245,
        "sinceDate": "2018-11-10",
        "untilDate": "2018-11-11"
      },
      {
        "insertions": 119,
        "deletions": 64,
        "sinceDate": "2018-11-11",
        "untilDate": "2018-11-12"
      },
      {
        "insertions": 387,
        "deletions": 220,
        "sinceDate": "2018-11-12",
        "untilDate": "2018-11-13"
      },
      {
        "insertions": 0,
        "deletions": 0,
        "sinceDate": "2018-11-13",
        "untilDate": "2018-11-14"
      }
    ]
  },
  "authorFinalContributionMap": {
    "jasonvank": 4077,
    "leo-1997": 3449,
    "zhengwei143": 2510,
    "xllliu": 1694,
    "YShu7": 2838
  },
  "authorContributionVariance": {
    "jasonvank": 5937167.0,
    "leo-1997": 8314953.5,
    "zhengwei143": 408010.0,
    "xllliu": 7629.6064,
    "YShu7": 80378.125
  },
  "authorDisplayNameMap": {
    "jasonvank": "FAN W...ENKAI",
    "leo-1997": "LI CH...NGRUI",
    "zhengwei143": "TAN Z...G WEI",
    "xllliu": "LIU T...IANYU",
    "YShu7": "YANG ...SHUQI"
  }
}
