{
  "authorWeeklyIntervalContributions": {
    "preethi-d": [
      {
        "insertions": 0,
        "deletions": 0,
        "sinceDate": "2018-09-01",
        "untilDate": "2018-09-08"
      },
      {
        "insertions": 0,
        "deletions": 0,
        "sinceDate": "2018-09-08",
        "untilDate": "2018-09-15"
      },
      {
        "insertions": 7,
        "deletions": 14,
        "sinceDate": "2018-09-15",
        "untilDate": "2018-09-22"
      },
      {
        "insertions": 0,
        "deletions": 0,
        "sinceDate": "2018-09-22",
        "untilDate": "2018-09-29"
      },
      {
        "insertions": 0,
        "deletions": 0,
        "sinceDate": "2018-09-29",
        "untilDate": "2018-10-06"
      },
      {
        "insertions": 35,
        "deletions": 24,
        "sinceDate": "2018-10-06",
        "untilDate": "2018-10-13"
      },
      {
        "insertions": 275,
        "deletions": 127,
        "sinceDate": "2018-10-13",
        "untilDate": "2018-10-20"
      },
      {
        "insertions": 416,
        "deletions": 83,
        "sinceDate": "2018-10-20",
        "untilDate": "2018-10-27"
      },
      {
        "insertions": 366,
        "deletions": 127,
        "sinceDate": "2018-10-27",
        "untilDate": "2018-11-03"
      },
      {
        "insertions": 281,
        "deletions": 23,
        "sinceDate": "2018-11-03",
        "untilDate": "2018-11-10"
      },
      {
        "insertions": 637,
        "deletions": 624,
        "sinceDate": "2018-11-10",
        "untilDate": "2018-11-17"
      }
    ],
    "yogtew": [
      {
        "insertions": 0,
        "deletions": 0,
        "sinceDate": "2018-09-01",
        "untilDate": "2018-09-08"
      },
      {
        "insertions": 0,
        "deletions": 0,
        "sinceDate": "2018-09-08",
        "untilDate": "2018-09-15"
      },
      {
        "insertions": 0,
        "deletions": 0,
        "sinceDate": "2018-09-15",
        "untilDate": "2018-09-22"
      },
      {
        "insertions": 0,
        "deletions": 0,
        "sinceDate": "2018-09-22",
        "untilDate": "2018-09-29"
      },
      {
        "insertions": 68,
        "deletions": 2,
        "sinceDate": "2018-09-29",
        "untilDate": "2018-10-06"
      },
      {
        "insertions": 8,
        "deletions": 13,
        "sinceDate": "2018-10-06",
        "untilDate": "2018-10-13"
      },
      {
        "insertions": 166,
        "deletions": 15,
        "sinceDate": "2018-10-13",
        "untilDate": "2018-10-20"
      },
      {
        "insertions": 0,
        "deletions": 0,
        "sinceDate": "2018-10-20",
        "untilDate": "2018-10-27"
      },
      {
        "insertions": 513,
        "deletions": 139,
        "sinceDate": "2018-10-27",
        "untilDate": "2018-11-03"
      },
      {
        "insertions": 66,
        "deletions": 13,
        "sinceDate": "2018-11-03",
        "untilDate": "2018-11-10"
      },
      {
        "insertions": 250,
        "deletions": 121,
        "sinceDate": "2018-11-10",
        "untilDate": "2018-11-17"
      }
    ],
    "cyrusguo": [
      {
        "insertions": 0,
        "deletions": 0,
        "sinceDate": "2018-09-01",
        "untilDate": "2018-09-08"
      },
      {
        "insertions": 0,
        "deletions": 0,
        "sinceDate": "2018-09-08",
        "untilDate": "2018-09-15"
      },
      {
        "insertions": 0,
        "deletions": 0,
        "sinceDate": "2018-09-15",
        "untilDate": "2018-09-22"
      },
      {
        "insertions": 0,
        "deletions": 0,
        "sinceDate": "2018-09-22",
        "untilDate": "2018-09-29"
      },
      {
        "insertions": 0,
        "deletions": 0,
        "sinceDate": "2018-09-29",
        "untilDate": "2018-10-06"
      },
      {
        "insertions": 0,
        "deletions": 0,
        "sinceDate": "2018-10-06",
        "untilDate": "2018-10-13"
      },
      {
        "insertions": 0,
        "deletions": 0,
        "sinceDate": "2018-10-13",
        "untilDate": "2018-10-20"
      },
      {
        "insertions": 0,
        "deletions": 0,
        "sinceDate": "2018-10-20",
        "untilDate": "2018-10-27"
      },
      {
        "insertions": 0,
        "deletions": 0,
        "sinceDate": "2018-10-27",
        "untilDate": "2018-11-03"
      },
      {
        "insertions": 0,
        "deletions": 0,
        "sinceDate": "2018-11-03",
        "untilDate": "2018-11-10"
      },
      {
        "insertions": 2886,
        "deletions": 2055,
        "sinceDate": "2018-11-10",
        "untilDate": "2018-11-17"
      }
    ],
    "andrewtanJS": [
      {
        "insertions": 0,
        "deletions": 0,
        "sinceDate": "2018-09-01",
        "untilDate": "2018-09-08"
      },
      {
        "insertions": 0,
        "deletions": 0,
        "sinceDate": "2018-09-08",
        "untilDate": "2018-09-15"
      },
      {
        "insertions": 283,
        "deletions": 36,
        "sinceDate": "2018-09-15",
        "untilDate": "2018-09-22"
      },
      {
        "insertions": 0,
        "deletions": 0,
        "sinceDate": "2018-09-22",
        "untilDate": "2018-09-29"
      },
      {
        "insertions": 559,
        "deletions": 287,
        "sinceDate": "2018-09-29",
        "untilDate": "2018-10-06"
      },
      {
        "insertions": 484,
        "deletions": 137,
        "sinceDate": "2018-10-06",
        "untilDate": "2018-10-13"
      },
      {
        "insertions": 600,
        "deletions": 321,
        "sinceDate": "2018-10-13",
        "untilDate": "2018-10-20"
      },
      {
        "insertions": 7237,
        "deletions": 5458,
        "sinceDate": "2018-10-20",
        "untilDate": "2018-10-27"
      },
      {
        "insertions": 391,
        "deletions": 630,
        "sinceDate": "2018-10-27",
        "untilDate": "2018-11-03"
      },
      {
        "insertions": 5530,
        "deletions": 4420,
        "sinceDate": "2018-11-03",
        "untilDate": "2018-11-10"
      },
      {
        "insertions": 862,
        "deletions": 163,
        "sinceDate": "2018-11-10",
        "untilDate": "2018-11-17"
      }
    ],
    "alyip98": [
      {
        "insertions": 0,
        "deletions": 0,
        "sinceDate": "2018-09-01",
        "untilDate": "2018-09-08"
      },
      {
        "insertions": 0,
        "deletions": 0,
        "sinceDate": "2018-09-08",
        "untilDate": "2018-09-15"
      },
      {
        "insertions": 0,
        "deletions": 0,
        "sinceDate": "2018-09-15",
        "untilDate": "2018-09-22"
      },
      {
        "insertions": 0,
        "deletions": 0,
        "sinceDate": "2018-09-22",
        "untilDate": "2018-09-29"
      },
      {
        "insertions": 0,
        "deletions": 0,
        "sinceDate": "2018-09-29",
        "untilDate": "2018-10-06"
      },
      {
        "insertions": 0,
        "deletions": 0,
        "sinceDate": "2018-10-06",
        "untilDate": "2018-10-13"
      },
      {
        "insertions": 73,
        "deletions": 0,
        "sinceDate": "2018-10-13",
        "untilDate": "2018-10-20"
      },
      {
        "insertions": 241,
        "deletions": 87,
        "sinceDate": "2018-10-20",
        "untilDate": "2018-10-27"
      },
      {
        "insertions": 1424,
        "deletions": 480,
        "sinceDate": "2018-10-27",
        "untilDate": "2018-11-03"
      },
      {
        "insertions": 1178,
        "deletions": 200,
        "sinceDate": "2018-11-03",
        "untilDate": "2018-11-10"
      },
      {
        "insertions": 1985,
        "deletions": 1263,
        "sinceDate": "2018-11-10",
        "untilDate": "2018-11-17"
      }
    ]
  },
  "authorDailyIntervalContributions": {
    "preethi-d": [
      {
        "insertions": 0,
        "deletions": 0,
        "sinceDate": "2018-09-01",
        "untilDate": "2018-09-02"
      },
      {
        "insertions": 0,
        "deletions": 0,
        "sinceDate": "2018-09-02",
        "untilDate": "2018-09-03"
      },
      {
        "insertions": 0,
        "deletions": 0,
        "sinceDate": "2018-09-03",
        "untilDate": "2018-09-04"
      },
      {
        "insertions": 0,
        "deletions": 0,
        "sinceDate": "2018-09-04",
        "untilDate": "2018-09-05"
      },
      {
        "insertions": 0,
        "deletions": 0,
        "sinceDate": "2018-09-05",
        "untilDate": "2018-09-06"
      },
      {
        "insertions": 0,
        "deletions": 0,
        "sinceDate": "2018-09-06",
        "untilDate": "2018-09-07"
      },
      {
        "insertions": 0,
        "deletions": 0,
        "sinceDate": "2018-09-07",
        "untilDate": "2018-09-08"
      },
      {
        "insertions": 0,
        "deletions": 0,
        "sinceDate": "2018-09-08",
        "untilDate": "2018-09-09"
      },
      {
        "insertions": 0,
        "deletions": 0,
        "sinceDate": "2018-09-09",
        "untilDate": "2018-09-10"
      },
      {
        "insertions": 0,
        "deletions": 0,
        "sinceDate": "2018-09-10",
        "untilDate": "2018-09-11"
      },
      {
        "insertions": 0,
        "deletions": 0,
        "sinceDate": "2018-09-11",
        "untilDate": "2018-09-12"
      },
      {
        "insertions": 0,
        "deletions": 0,
        "sinceDate": "2018-09-12",
        "untilDate": "2018-09-13"
      },
      {
        "insertions": 0,
        "deletions": 0,
        "sinceDate": "2018-09-13",
        "untilDate": "2018-09-14"
      },
      {
        "insertions": 0,
        "deletions": 0,
        "sinceDate": "2018-09-14",
        "untilDate": "2018-09-15"
      },
      {
        "insertions": 0,
        "deletions": 0,
        "sinceDate": "2018-09-15",
        "untilDate": "2018-09-16"
      },
      {
        "insertions": 0,
        "deletions": 0,
        "sinceDate": "2018-09-16",
        "untilDate": "2018-09-17"
      },
      {
        "insertions": 0,
        "deletions": 0,
        "sinceDate": "2018-09-17",
        "untilDate": "2018-09-18"
      },
      {
        "insertions": 5,
        "deletions": 12,
        "sinceDate": "2018-09-18",
        "untilDate": "2018-09-19"
      },
      {
        "insertions": 0,
        "deletions": 0,
        "sinceDate": "2018-09-19",
        "untilDate": "2018-09-20"
      },
      {
        "insertions": 0,
        "deletions": 0,
        "sinceDate": "2018-09-20",
        "untilDate": "2018-09-21"
      },
      {
        "insertions": 2,
        "deletions": 2,
        "sinceDate": "2018-09-21",
        "untilDate": "2018-09-22"
      },
      {
        "insertions": 0,
        "deletions": 0,
        "sinceDate": "2018-09-22",
        "untilDate": "2018-09-23"
      },
      {
        "insertions": 0,
        "deletions": 0,
        "sinceDate": "2018-09-23",
        "untilDate": "2018-09-24"
      },
      {
        "insertions": 0,
        "deletions": 0,
        "sinceDate": "2018-09-24",
        "untilDate": "2018-09-25"
      },
      {
        "insertions": 0,
        "deletions": 0,
        "sinceDate": "2018-09-25",
        "untilDate": "2018-09-26"
      },
      {
        "insertions": 0,
        "deletions": 0,
        "sinceDate": "2018-09-26",
        "untilDate": "2018-09-27"
      },
      {
        "insertions": 0,
        "deletions": 0,
        "sinceDate": "2018-09-27",
        "untilDate": "2018-09-28"
      },
      {
        "insertions": 0,
        "deletions": 0,
        "sinceDate": "2018-09-28",
        "untilDate": "2018-09-29"
      },
      {
        "insertions": 0,
        "deletions": 0,
        "sinceDate": "2018-09-29",
        "untilDate": "2018-09-30"
      },
      {
        "insertions": 0,
        "deletions": 0,
        "sinceDate": "2018-09-30",
        "untilDate": "2018-10-01"
      },
      {
        "insertions": 0,
        "deletions": 0,
        "sinceDate": "2018-10-01",
        "untilDate": "2018-10-02"
      },
      {
        "insertions": 0,
        "deletions": 0,
        "sinceDate": "2018-10-02",
        "untilDate": "2018-10-03"
      },
      {
        "insertions": 0,
        "deletions": 0,
        "sinceDate": "2018-10-03",
        "untilDate": "2018-10-04"
      },
      {
        "insertions": 0,
        "deletions": 0,
        "sinceDate": "2018-10-04",
        "untilDate": "2018-10-05"
      },
      {
        "insertions": 0,
        "deletions": 0,
        "sinceDate": "2018-10-05",
        "untilDate": "2018-10-06"
      },
      {
        "insertions": 0,
        "deletions": 0,
        "sinceDate": "2018-10-06",
        "untilDate": "2018-10-07"
      },
      {
        "insertions": 35,
        "deletions": 24,
        "sinceDate": "2018-10-07",
        "untilDate": "2018-10-08"
      },
      {
        "insertions": 0,
        "deletions": 0,
        "sinceDate": "2018-10-08",
        "untilDate": "2018-10-09"
      },
      {
        "insertions": 0,
        "deletions": 0,
        "sinceDate": "2018-10-09",
        "untilDate": "2018-10-10"
      },
      {
        "insertions": 0,
        "deletions": 0,
        "sinceDate": "2018-10-10",
        "untilDate": "2018-10-11"
      },
      {
        "insertions": 0,
        "deletions": 0,
        "sinceDate": "2018-10-11",
        "untilDate": "2018-10-12"
      },
      {
        "insertions": 0,
        "deletions": 0,
        "sinceDate": "2018-10-12",
        "untilDate": "2018-10-13"
      },
      {
        "insertions": 0,
        "deletions": 0,
        "sinceDate": "2018-10-13",
        "untilDate": "2018-10-14"
      },
      {
        "insertions": 252,
        "deletions": 120,
        "sinceDate": "2018-10-14",
        "untilDate": "2018-10-15"
      },
      {
        "insertions": 0,
        "deletions": 0,
        "sinceDate": "2018-10-15",
        "untilDate": "2018-10-16"
      },
      {
        "insertions": 23,
        "deletions": 7,
        "sinceDate": "2018-10-16",
        "untilDate": "2018-10-17"
      },
      {
        "insertions": 0,
        "deletions": 0,
        "sinceDate": "2018-10-17",
        "untilDate": "2018-10-18"
      },
      {
        "insertions": 0,
        "deletions": 0,
        "sinceDate": "2018-10-18",
        "untilDate": "2018-10-19"
      },
      {
        "insertions": 0,
        "deletions": 0,
        "sinceDate": "2018-10-19",
        "untilDate": "2018-10-20"
      },
      {
        "insertions": 0,
        "deletions": 0,
        "sinceDate": "2018-10-20",
        "untilDate": "2018-10-21"
      },
      {
        "insertions": 0,
        "deletions": 0,
        "sinceDate": "2018-10-21",
        "untilDate": "2018-10-22"
      },
      {
        "insertions": 0,
        "deletions": 0,
        "sinceDate": "2018-10-22",
        "untilDate": "2018-10-23"
      },
      {
        "insertions": 0,
        "deletions": 0,
        "sinceDate": "2018-10-23",
        "untilDate": "2018-10-24"
      },
      {
        "insertions": 0,
        "deletions": 0,
        "sinceDate": "2018-10-24",
        "untilDate": "2018-10-25"
      },
      {
        "insertions": 0,
        "deletions": 0,
        "sinceDate": "2018-10-25",
        "untilDate": "2018-10-26"
      },
      {
        "insertions": 416,
        "deletions": 83,
        "sinceDate": "2018-10-26",
        "untilDate": "2018-10-27"
      },
      {
        "insertions": 160,
        "deletions": 52,
        "sinceDate": "2018-10-27",
        "untilDate": "2018-10-28"
      },
      {
        "insertions": 162,
        "deletions": 38,
        "sinceDate": "2018-10-28",
        "untilDate": "2018-10-29"
      },
      {
        "insertions": 0,
        "deletions": 0,
        "sinceDate": "2018-10-29",
        "untilDate": "2018-10-30"
      },
      {
        "insertions": 44,
        "deletions": 37,
        "sinceDate": "2018-10-30",
        "untilDate": "2018-10-31"
      },
      {
        "insertions": 0,
        "deletions": 0,
        "sinceDate": "2018-10-31",
        "untilDate": "2018-11-01"
      },
      {
        "insertions": 0,
        "deletions": 0,
        "sinceDate": "2018-11-01",
        "untilDate": "2018-11-02"
      },
      {
        "insertions": 0,
        "deletions": 0,
        "sinceDate": "2018-11-02",
        "untilDate": "2018-11-03"
      },
      {
        "insertions": 0,
        "deletions": 0,
        "sinceDate": "2018-11-03",
        "untilDate": "2018-11-04"
      },
      {
        "insertions": 0,
        "deletions": 0,
        "sinceDate": "2018-11-04",
        "untilDate": "2018-11-05"
      },
      {
        "insertions": 0,
        "deletions": 0,
        "sinceDate": "2018-11-05",
        "untilDate": "2018-11-06"
      },
      {
        "insertions": 0,
        "deletions": 0,
        "sinceDate": "2018-11-06",
        "untilDate": "2018-11-07"
      },
      {
        "insertions": 0,
        "deletions": 0,
        "sinceDate": "2018-11-07",
        "untilDate": "2018-11-08"
      },
      {
        "insertions": 0,
        "deletions": 0,
        "sinceDate": "2018-11-08",
        "untilDate": "2018-11-09"
      },
      {
        "insertions": 281,
        "deletions": 23,
        "sinceDate": "2018-11-09",
        "untilDate": "2018-11-10"
      },
      {
        "insertions": 430,
        "deletions": 438,
        "sinceDate": "2018-11-10",
        "untilDate": "2018-11-11"
      },
      {
        "insertions": 47,
        "deletions": 27,
        "sinceDate": "2018-11-11",
        "untilDate": "2018-11-12"
      },
      {
        "insertions": 160,
        "deletions": 159,
        "sinceDate": "2018-11-12",
        "untilDate": "2018-11-13"
      }
    ],
    "yogtew": [
      {
        "insertions": 0,
        "deletions": 0,
        "sinceDate": "2018-09-01",
        "untilDate": "2018-09-02"
      },
      {
        "insertions": 0,
        "deletions": 0,
        "sinceDate": "2018-09-02",
        "untilDate": "2018-09-03"
      },
      {
        "insertions": 0,
        "deletions": 0,
        "sinceDate": "2018-09-03",
        "untilDate": "2018-09-04"
      },
      {
        "insertions": 0,
        "deletions": 0,
        "sinceDate": "2018-09-04",
        "untilDate": "2018-09-05"
      },
      {
        "insertions": 0,
        "deletions": 0,
        "sinceDate": "2018-09-05",
        "untilDate": "2018-09-06"
      },
      {
        "insertions": 0,
        "deletions": 0,
        "sinceDate": "2018-09-06",
        "untilDate": "2018-09-07"
      },
      {
        "insertions": 0,
        "deletions": 0,
        "sinceDate": "2018-09-07",
        "untilDate": "2018-09-08"
      },
      {
        "insertions": 0,
        "deletions": 0,
        "sinceDate": "2018-09-08",
        "untilDate": "2018-09-09"
      },
      {
        "insertions": 0,
        "deletions": 0,
        "sinceDate": "2018-09-09",
        "untilDate": "2018-09-10"
      },
      {
        "insertions": 0,
        "deletions": 0,
        "sinceDate": "2018-09-10",
        "untilDate": "2018-09-11"
      },
      {
        "insertions": 0,
        "deletions": 0,
        "sinceDate": "2018-09-11",
        "untilDate": "2018-09-12"
      },
      {
        "insertions": 0,
        "deletions": 0,
        "sinceDate": "2018-09-12",
        "untilDate": "2018-09-13"
      },
      {
        "insertions": 0,
        "deletions": 0,
        "sinceDate": "2018-09-13",
        "untilDate": "2018-09-14"
      },
      {
        "insertions": 0,
        "deletions": 0,
        "sinceDate": "2018-09-14",
        "untilDate": "2018-09-15"
      },
      {
        "insertions": 0,
        "deletions": 0,
        "sinceDate": "2018-09-15",
        "untilDate": "2018-09-16"
      },
      {
        "insertions": 0,
        "deletions": 0,
        "sinceDate": "2018-09-16",
        "untilDate": "2018-09-17"
      },
      {
        "insertions": 0,
        "deletions": 0,
        "sinceDate": "2018-09-17",
        "untilDate": "2018-09-18"
      },
      {
        "insertions": 0,
        "deletions": 0,
        "sinceDate": "2018-09-18",
        "untilDate": "2018-09-19"
      },
      {
        "insertions": 0,
        "deletions": 0,
        "sinceDate": "2018-09-19",
        "untilDate": "2018-09-20"
      },
      {
        "insertions": 0,
        "deletions": 0,
        "sinceDate": "2018-09-20",
        "untilDate": "2018-09-21"
      },
      {
        "insertions": 0,
        "deletions": 0,
        "sinceDate": "2018-09-21",
        "untilDate": "2018-09-22"
      },
      {
        "insertions": 0,
        "deletions": 0,
        "sinceDate": "2018-09-22",
        "untilDate": "2018-09-23"
      },
      {
        "insertions": 0,
        "deletions": 0,
        "sinceDate": "2018-09-23",
        "untilDate": "2018-09-24"
      },
      {
        "insertions": 0,
        "deletions": 0,
        "sinceDate": "2018-09-24",
        "untilDate": "2018-09-25"
      },
      {
        "insertions": 0,
        "deletions": 0,
        "sinceDate": "2018-09-25",
        "untilDate": "2018-09-26"
      },
      {
        "insertions": 0,
        "deletions": 0,
        "sinceDate": "2018-09-26",
        "untilDate": "2018-09-27"
      },
      {
        "insertions": 0,
        "deletions": 0,
        "sinceDate": "2018-09-27",
        "untilDate": "2018-09-28"
      },
      {
        "insertions": 0,
        "deletions": 0,
        "sinceDate": "2018-09-28",
        "untilDate": "2018-09-29"
      },
      {
        "insertions": 0,
        "deletions": 0,
        "sinceDate": "2018-09-29",
        "untilDate": "2018-09-30"
      },
      {
        "insertions": 0,
        "deletions": 0,
        "sinceDate": "2018-09-30",
        "untilDate": "2018-10-01"
      },
      {
        "insertions": 0,
        "deletions": 0,
        "sinceDate": "2018-10-01",
        "untilDate": "2018-10-02"
      },
      {
        "insertions": 68,
        "deletions": 2,
        "sinceDate": "2018-10-02",
        "untilDate": "2018-10-03"
      },
      {
        "insertions": 0,
        "deletions": 0,
        "sinceDate": "2018-10-03",
        "untilDate": "2018-10-04"
      },
      {
        "insertions": 0,
        "deletions": 0,
        "sinceDate": "2018-10-04",
        "untilDate": "2018-10-05"
      },
      {
        "insertions": 0,
        "deletions": 0,
        "sinceDate": "2018-10-05",
        "untilDate": "2018-10-06"
      },
      {
        "insertions": 0,
        "deletions": 0,
        "sinceDate": "2018-10-06",
        "untilDate": "2018-10-07"
      },
      {
        "insertions": 0,
        "deletions": 0,
        "sinceDate": "2018-10-07",
        "untilDate": "2018-10-08"
      },
      {
        "insertions": 0,
        "deletions": 0,
        "sinceDate": "2018-10-08",
        "untilDate": "2018-10-09"
      },
      {
        "insertions": 6,
        "deletions": 1,
        "sinceDate": "2018-10-09",
        "untilDate": "2018-10-10"
      },
      {
        "insertions": 2,
        "deletions": 12,
        "sinceDate": "2018-10-10",
        "untilDate": "2018-10-11"
      },
      {
        "insertions": 0,
        "deletions": 0,
        "sinceDate": "2018-10-11",
        "untilDate": "2018-10-12"
      },
      {
        "insertions": 0,
        "deletions": 0,
        "sinceDate": "2018-10-12",
        "untilDate": "2018-10-13"
      },
      {
        "insertions": 0,
        "deletions": 0,
        "sinceDate": "2018-10-13",
        "untilDate": "2018-10-14"
      },
      {
        "insertions": 0,
        "deletions": 0,
        "sinceDate": "2018-10-14",
        "untilDate": "2018-10-15"
      },
      {
        "insertions": 0,
        "deletions": 0,
        "sinceDate": "2018-10-15",
        "untilDate": "2018-10-16"
      },
      {
        "insertions": 166,
        "deletions": 15,
        "sinceDate": "2018-10-16",
        "untilDate": "2018-10-17"
      },
      {
        "insertions": 0,
        "deletions": 0,
        "sinceDate": "2018-10-17",
        "untilDate": "2018-10-18"
      },
      {
        "insertions": 0,
        "deletions": 0,
        "sinceDate": "2018-10-18",
        "untilDate": "2018-10-19"
      },
      {
        "insertions": 0,
        "deletions": 0,
        "sinceDate": "2018-10-19",
        "untilDate": "2018-10-20"
      },
      {
        "insertions": 0,
        "deletions": 0,
        "sinceDate": "2018-10-20",
        "untilDate": "2018-10-21"
      },
      {
        "insertions": 0,
        "deletions": 0,
        "sinceDate": "2018-10-21",
        "untilDate": "2018-10-22"
      },
      {
        "insertions": 0,
        "deletions": 0,
        "sinceDate": "2018-10-22",
        "untilDate": "2018-10-23"
      },
      {
        "insertions": 0,
        "deletions": 0,
        "sinceDate": "2018-10-23",
        "untilDate": "2018-10-24"
      },
      {
        "insertions": 0,
        "deletions": 0,
        "sinceDate": "2018-10-24",
        "untilDate": "2018-10-25"
      },
      {
        "insertions": 0,
        "deletions": 0,
        "sinceDate": "2018-10-25",
        "untilDate": "2018-10-26"
      },
      {
        "insertions": 0,
        "deletions": 0,
        "sinceDate": "2018-10-26",
        "untilDate": "2018-10-27"
      },
      {
        "insertions": 90,
        "deletions": 18,
        "sinceDate": "2018-10-27",
        "untilDate": "2018-10-28"
      },
      {
        "insertions": 143,
        "deletions": 49,
        "sinceDate": "2018-10-28",
        "untilDate": "2018-10-29"
      },
      {
        "insertions": 61,
        "deletions": 23,
        "sinceDate": "2018-10-29",
        "untilDate": "2018-10-30"
      },
      {
        "insertions": 0,
        "deletions": 3,
        "sinceDate": "2018-10-30",
        "untilDate": "2018-10-31"
      },
      {
        "insertions": 11,
        "deletions": 0,
        "sinceDate": "2018-10-31",
        "untilDate": "2018-11-01"
      },
      {
        "insertions": 208,
        "deletions": 42,
        "sinceDate": "2018-11-01",
        "untilDate": "2018-11-02"
      },
      {
        "insertions": 0,
        "deletions": 4,
        "sinceDate": "2018-11-02",
        "untilDate": "2018-11-03"
      },
      {
        "insertions": 0,
        "deletions": 0,
        "sinceDate": "2018-11-03",
        "untilDate": "2018-11-04"
      },
      {
        "insertions": 0,
        "deletions": 0,
        "sinceDate": "2018-11-04",
        "untilDate": "2018-11-05"
      },
      {
        "insertions": 0,
        "deletions": 0,
        "sinceDate": "2018-11-05",
        "untilDate": "2018-11-06"
      },
      {
        "insertions": 0,
        "deletions": 0,
        "sinceDate": "2018-11-06",
        "untilDate": "2018-11-07"
      },
      {
        "insertions": 0,
        "deletions": 0,
        "sinceDate": "2018-11-07",
        "untilDate": "2018-11-08"
      },
      {
        "insertions": 0,
        "deletions": 0,
        "sinceDate": "2018-11-08",
        "untilDate": "2018-11-09"
      },
      {
        "insertions": 66,
        "deletions": 13,
        "sinceDate": "2018-11-09",
        "untilDate": "2018-11-10"
      },
      {
        "insertions": 188,
        "deletions": 96,
        "sinceDate": "2018-11-10",
        "untilDate": "2018-11-11"
      },
      {
        "insertions": 62,
        "deletions": 25,
        "sinceDate": "2018-11-11",
        "untilDate": "2018-11-12"
      },
      {
        "insertions": 0,
        "deletions": 0,
        "sinceDate": "2018-11-12",
        "untilDate": "2018-11-13"
      }
    ],
    "cyrusguo": [
      {
        "insertions": 0,
        "deletions": 0,
        "sinceDate": "2018-09-01",
        "untilDate": "2018-09-02"
      },
      {
        "insertions": 0,
        "deletions": 0,
        "sinceDate": "2018-09-02",
        "untilDate": "2018-09-03"
      },
      {
        "insertions": 0,
        "deletions": 0,
        "sinceDate": "2018-09-03",
        "untilDate": "2018-09-04"
      },
      {
        "insertions": 0,
        "deletions": 0,
        "sinceDate": "2018-09-04",
        "untilDate": "2018-09-05"
      },
      {
        "insertions": 0,
        "deletions": 0,
        "sinceDate": "2018-09-05",
        "untilDate": "2018-09-06"
      },
      {
        "insertions": 0,
        "deletions": 0,
        "sinceDate": "2018-09-06",
        "untilDate": "2018-09-07"
      },
      {
        "insertions": 0,
        "deletions": 0,
        "sinceDate": "2018-09-07",
        "untilDate": "2018-09-08"
      },
      {
        "insertions": 0,
        "deletions": 0,
        "sinceDate": "2018-09-08",
        "untilDate": "2018-09-09"
      },
      {
        "insertions": 0,
        "deletions": 0,
        "sinceDate": "2018-09-09",
        "untilDate": "2018-09-10"
      },
      {
        "insertions": 0,
        "deletions": 0,
        "sinceDate": "2018-09-10",
        "untilDate": "2018-09-11"
      },
      {
        "insertions": 0,
        "deletions": 0,
        "sinceDate": "2018-09-11",
        "untilDate": "2018-09-12"
      },
      {
        "insertions": 0,
        "deletions": 0,
        "sinceDate": "2018-09-12",
        "untilDate": "2018-09-13"
      },
      {
        "insertions": 0,
        "deletions": 0,
        "sinceDate": "2018-09-13",
        "untilDate": "2018-09-14"
      },
      {
        "insertions": 0,
        "deletions": 0,
        "sinceDate": "2018-09-14",
        "untilDate": "2018-09-15"
      },
      {
        "insertions": 0,
        "deletions": 0,
        "sinceDate": "2018-09-15",
        "untilDate": "2018-09-16"
      },
      {
        "insertions": 0,
        "deletions": 0,
        "sinceDate": "2018-09-16",
        "untilDate": "2018-09-17"
      },
      {
        "insertions": 0,
        "deletions": 0,
        "sinceDate": "2018-09-17",
        "untilDate": "2018-09-18"
      },
      {
        "insertions": 0,
        "deletions": 0,
        "sinceDate": "2018-09-18",
        "untilDate": "2018-09-19"
      },
      {
        "insertions": 0,
        "deletions": 0,
        "sinceDate": "2018-09-19",
        "untilDate": "2018-09-20"
      },
      {
        "insertions": 0,
        "deletions": 0,
        "sinceDate": "2018-09-20",
        "untilDate": "2018-09-21"
      },
      {
        "insertions": 0,
        "deletions": 0,
        "sinceDate": "2018-09-21",
        "untilDate": "2018-09-22"
      },
      {
        "insertions": 0,
        "deletions": 0,
        "sinceDate": "2018-09-22",
        "untilDate": "2018-09-23"
      },
      {
        "insertions": 0,
        "deletions": 0,
        "sinceDate": "2018-09-23",
        "untilDate": "2018-09-24"
      },
      {
        "insertions": 0,
        "deletions": 0,
        "sinceDate": "2018-09-24",
        "untilDate": "2018-09-25"
      },
      {
        "insertions": 0,
        "deletions": 0,
        "sinceDate": "2018-09-25",
        "untilDate": "2018-09-26"
      },
      {
        "insertions": 0,
        "deletions": 0,
        "sinceDate": "2018-09-26",
        "untilDate": "2018-09-27"
      },
      {
        "insertions": 0,
        "deletions": 0,
        "sinceDate": "2018-09-27",
        "untilDate": "2018-09-28"
      },
      {
        "insertions": 0,
        "deletions": 0,
        "sinceDate": "2018-09-28",
        "untilDate": "2018-09-29"
      },
      {
        "insertions": 0,
        "deletions": 0,
        "sinceDate": "2018-09-29",
        "untilDate": "2018-09-30"
      },
      {
        "insertions": 0,
        "deletions": 0,
        "sinceDate": "2018-09-30",
        "untilDate": "2018-10-01"
      },
      {
        "insertions": 0,
        "deletions": 0,
        "sinceDate": "2018-10-01",
        "untilDate": "2018-10-02"
      },
      {
        "insertions": 0,
        "deletions": 0,
        "sinceDate": "2018-10-02",
        "untilDate": "2018-10-03"
      },
      {
        "insertions": 0,
        "deletions": 0,
        "sinceDate": "2018-10-03",
        "untilDate": "2018-10-04"
      },
      {
        "insertions": 0,
        "deletions": 0,
        "sinceDate": "2018-10-04",
        "untilDate": "2018-10-05"
      },
      {
        "insertions": 0,
        "deletions": 0,
        "sinceDate": "2018-10-05",
        "untilDate": "2018-10-06"
      },
      {
        "insertions": 0,
        "deletions": 0,
        "sinceDate": "2018-10-06",
        "untilDate": "2018-10-07"
      },
      {
        "insertions": 0,
        "deletions": 0,
        "sinceDate": "2018-10-07",
        "untilDate": "2018-10-08"
      },
      {
        "insertions": 0,
        "deletions": 0,
        "sinceDate": "2018-10-08",
        "untilDate": "2018-10-09"
      },
      {
        "insertions": 0,
        "deletions": 0,
        "sinceDate": "2018-10-09",
        "untilDate": "2018-10-10"
      },
      {
        "insertions": 0,
        "deletions": 0,
        "sinceDate": "2018-10-10",
        "untilDate": "2018-10-11"
      },
      {
        "insertions": 0,
        "deletions": 0,
        "sinceDate": "2018-10-11",
        "untilDate": "2018-10-12"
      },
      {
        "insertions": 0,
        "deletions": 0,
        "sinceDate": "2018-10-12",
        "untilDate": "2018-10-13"
      },
      {
        "insertions": 0,
        "deletions": 0,
        "sinceDate": "2018-10-13",
        "untilDate": "2018-10-14"
      },
      {
        "insertions": 0,
        "deletions": 0,
        "sinceDate": "2018-10-14",
        "untilDate": "2018-10-15"
      },
      {
        "insertions": 0,
        "deletions": 0,
        "sinceDate": "2018-10-15",
        "untilDate": "2018-10-16"
      },
      {
        "insertions": 0,
        "deletions": 0,
        "sinceDate": "2018-10-16",
        "untilDate": "2018-10-17"
      },
      {
        "insertions": 0,
        "deletions": 0,
        "sinceDate": "2018-10-17",
        "untilDate": "2018-10-18"
      },
      {
        "insertions": 0,
        "deletions": 0,
        "sinceDate": "2018-10-18",
        "untilDate": "2018-10-19"
      },
      {
        "insertions": 0,
        "deletions": 0,
        "sinceDate": "2018-10-19",
        "untilDate": "2018-10-20"
      },
      {
        "insertions": 0,
        "deletions": 0,
        "sinceDate": "2018-10-20",
        "untilDate": "2018-10-21"
      },
      {
        "insertions": 0,
        "deletions": 0,
        "sinceDate": "2018-10-21",
        "untilDate": "2018-10-22"
      },
      {
        "insertions": 0,
        "deletions": 0,
        "sinceDate": "2018-10-22",
        "untilDate": "2018-10-23"
      },
      {
        "insertions": 0,
        "deletions": 0,
        "sinceDate": "2018-10-23",
        "untilDate": "2018-10-24"
      },
      {
        "insertions": 0,
        "deletions": 0,
        "sinceDate": "2018-10-24",
        "untilDate": "2018-10-25"
      },
      {
        "insertions": 0,
        "deletions": 0,
        "sinceDate": "2018-10-25",
        "untilDate": "2018-10-26"
      },
      {
        "insertions": 0,
        "deletions": 0,
        "sinceDate": "2018-10-26",
        "untilDate": "2018-10-27"
      },
      {
        "insertions": 0,
        "deletions": 0,
        "sinceDate": "2018-10-27",
        "untilDate": "2018-10-28"
      },
      {
        "insertions": 0,
        "deletions": 0,
        "sinceDate": "2018-10-28",
        "untilDate": "2018-10-29"
      },
      {
        "insertions": 0,
        "deletions": 0,
        "sinceDate": "2018-10-29",
        "untilDate": "2018-10-30"
      },
      {
        "insertions": 0,
        "deletions": 0,
        "sinceDate": "2018-10-30",
        "untilDate": "2018-10-31"
      },
      {
        "insertions": 0,
        "deletions": 0,
        "sinceDate": "2018-10-31",
        "untilDate": "2018-11-01"
      },
      {
        "insertions": 0,
        "deletions": 0,
        "sinceDate": "2018-11-01",
        "untilDate": "2018-11-02"
      },
      {
        "insertions": 0,
        "deletions": 0,
        "sinceDate": "2018-11-02",
        "untilDate": "2018-11-03"
      },
      {
        "insertions": 0,
        "deletions": 0,
        "sinceDate": "2018-11-03",
        "untilDate": "2018-11-04"
      },
      {
        "insertions": 0,
        "deletions": 0,
        "sinceDate": "2018-11-04",
        "untilDate": "2018-11-05"
      },
      {
        "insertions": 0,
        "deletions": 0,
        "sinceDate": "2018-11-05",
        "untilDate": "2018-11-06"
      },
      {
        "insertions": 0,
        "deletions": 0,
        "sinceDate": "2018-11-06",
        "untilDate": "2018-11-07"
      },
      {
        "insertions": 0,
        "deletions": 0,
        "sinceDate": "2018-11-07",
        "untilDate": "2018-11-08"
      },
      {
        "insertions": 0,
        "deletions": 0,
        "sinceDate": "2018-11-08",
        "untilDate": "2018-11-09"
      },
      {
        "insertions": 0,
        "deletions": 0,
        "sinceDate": "2018-11-09",
        "untilDate": "2018-11-10"
      },
      {
        "insertions": 2045,
        "deletions": 21,
        "sinceDate": "2018-11-10",
        "untilDate": "2018-11-11"
      },
      {
        "insertions": 566,
        "deletions": 1942,
        "sinceDate": "2018-11-11",
        "untilDate": "2018-11-12"
      },
      {
        "insertions": 275,
        "deletions": 92,
        "sinceDate": "2018-11-12",
        "untilDate": "2018-11-13"
      }
    ],
    "andrewtanJS": [
      {
        "insertions": 0,
        "deletions": 0,
        "sinceDate": "2018-09-01",
        "untilDate": "2018-09-02"
      },
      {
        "insertions": 0,
        "deletions": 0,
        "sinceDate": "2018-09-02",
        "untilDate": "2018-09-03"
      },
      {
        "insertions": 0,
        "deletions": 0,
        "sinceDate": "2018-09-03",
        "untilDate": "2018-09-04"
      },
      {
        "insertions": 0,
        "deletions": 0,
        "sinceDate": "2018-09-04",
        "untilDate": "2018-09-05"
      },
      {
        "insertions": 0,
        "deletions": 0,
        "sinceDate": "2018-09-05",
        "untilDate": "2018-09-06"
      },
      {
        "insertions": 0,
        "deletions": 0,
        "sinceDate": "2018-09-06",
        "untilDate": "2018-09-07"
      },
      {
        "insertions": 0,
        "deletions": 0,
        "sinceDate": "2018-09-07",
        "untilDate": "2018-09-08"
      },
      {
        "insertions": 0,
        "deletions": 0,
        "sinceDate": "2018-09-08",
        "untilDate": "2018-09-09"
      },
      {
        "insertions": 0,
        "deletions": 0,
        "sinceDate": "2018-09-09",
        "untilDate": "2018-09-10"
      },
      {
        "insertions": 0,
        "deletions": 0,
        "sinceDate": "2018-09-10",
        "untilDate": "2018-09-11"
      },
      {
        "insertions": 0,
        "deletions": 0,
        "sinceDate": "2018-09-11",
        "untilDate": "2018-09-12"
      },
      {
        "insertions": 0,
        "deletions": 0,
        "sinceDate": "2018-09-12",
        "untilDate": "2018-09-13"
      },
      {
        "insertions": 0,
        "deletions": 0,
        "sinceDate": "2018-09-13",
        "untilDate": "2018-09-14"
      },
      {
        "insertions": 0,
        "deletions": 0,
        "sinceDate": "2018-09-14",
        "untilDate": "2018-09-15"
      },
      {
        "insertions": 0,
        "deletions": 0,
        "sinceDate": "2018-09-15",
        "untilDate": "2018-09-16"
      },
      {
        "insertions": 0,
        "deletions": 0,
        "sinceDate": "2018-09-16",
        "untilDate": "2018-09-17"
      },
      {
        "insertions": 0,
        "deletions": 0,
        "sinceDate": "2018-09-17",
        "untilDate": "2018-09-18"
      },
      {
        "insertions": 281,
        "deletions": 34,
        "sinceDate": "2018-09-18",
        "untilDate": "2018-09-19"
      },
      {
        "insertions": 0,
        "deletions": 0,
        "sinceDate": "2018-09-19",
        "untilDate": "2018-09-20"
      },
      {
        "insertions": 0,
        "deletions": 0,
        "sinceDate": "2018-09-20",
        "untilDate": "2018-09-21"
      },
      {
        "insertions": 2,
        "deletions": 2,
        "sinceDate": "2018-09-21",
        "untilDate": "2018-09-22"
      },
      {
        "insertions": 0,
        "deletions": 0,
        "sinceDate": "2018-09-22",
        "untilDate": "2018-09-23"
      },
      {
        "insertions": 0,
        "deletions": 0,
        "sinceDate": "2018-09-23",
        "untilDate": "2018-09-24"
      },
      {
        "insertions": 0,
        "deletions": 0,
        "sinceDate": "2018-09-24",
        "untilDate": "2018-09-25"
      },
      {
        "insertions": 0,
        "deletions": 0,
        "sinceDate": "2018-09-25",
        "untilDate": "2018-09-26"
      },
      {
        "insertions": 0,
        "deletions": 0,
        "sinceDate": "2018-09-26",
        "untilDate": "2018-09-27"
      },
      {
        "insertions": 0,
        "deletions": 0,
        "sinceDate": "2018-09-27",
        "untilDate": "2018-09-28"
      },
      {
        "insertions": 0,
        "deletions": 0,
        "sinceDate": "2018-09-28",
        "untilDate": "2018-09-29"
      },
      {
        "insertions": 0,
        "deletions": 0,
        "sinceDate": "2018-09-29",
        "untilDate": "2018-09-30"
      },
      {
        "insertions": 0,
        "deletions": 0,
        "sinceDate": "2018-09-30",
        "untilDate": "2018-10-01"
      },
      {
        "insertions": 4,
        "deletions": 4,
        "sinceDate": "2018-10-01",
        "untilDate": "2018-10-02"
      },
      {
        "insertions": 555,
        "deletions": 283,
        "sinceDate": "2018-10-02",
        "untilDate": "2018-10-03"
      },
      {
        "insertions": 0,
        "deletions": 0,
        "sinceDate": "2018-10-03",
        "untilDate": "2018-10-04"
      },
      {
        "insertions": 0,
        "deletions": 0,
        "sinceDate": "2018-10-04",
        "untilDate": "2018-10-05"
      },
      {
        "insertions": 0,
        "deletions": 0,
        "sinceDate": "2018-10-05",
        "untilDate": "2018-10-06"
      },
      {
        "insertions": 0,
        "deletions": 0,
        "sinceDate": "2018-10-06",
        "untilDate": "2018-10-07"
      },
      {
        "insertions": 0,
        "deletions": 0,
        "sinceDate": "2018-10-07",
        "untilDate": "2018-10-08"
      },
      {
        "insertions": 0,
        "deletions": 0,
        "sinceDate": "2018-10-08",
        "untilDate": "2018-10-09"
      },
      {
        "insertions": 183,
        "deletions": 6,
        "sinceDate": "2018-10-09",
        "untilDate": "2018-10-10"
      },
      {
        "insertions": 162,
        "deletions": 29,
        "sinceDate": "2018-10-10",
        "untilDate": "2018-10-11"
      },
      {
        "insertions": 139,
        "deletions": 102,
        "sinceDate": "2018-10-11",
        "untilDate": "2018-10-12"
      },
      {
        "insertions": 0,
        "deletions": 0,
        "sinceDate": "2018-10-12",
        "untilDate": "2018-10-13"
      },
      {
        "insertions": 0,
        "deletions": 0,
        "sinceDate": "2018-10-13",
        "untilDate": "2018-10-14"
      },
      {
        "insertions": 0,
        "deletions": 0,
        "sinceDate": "2018-10-14",
        "untilDate": "2018-10-15"
      },
      {
        "insertions": 0,
        "deletions": 0,
        "sinceDate": "2018-10-15",
        "untilDate": "2018-10-16"
      },
      {
        "insertions": 588,
        "deletions": 315,
        "sinceDate": "2018-10-16",
        "untilDate": "2018-10-17"
      },
      {
        "insertions": 0,
        "deletions": 0,
        "sinceDate": "2018-10-17",
        "untilDate": "2018-10-18"
      },
      {
        "insertions": 2,
        "deletions": 6,
        "sinceDate": "2018-10-18",
        "untilDate": "2018-10-19"
      },
      {
        "insertions": 10,
        "deletions": 0,
        "sinceDate": "2018-10-19",
        "untilDate": "2018-10-20"
      },
      {
        "insertions": 0,
        "deletions": 0,
        "sinceDate": "2018-10-20",
        "untilDate": "2018-10-21"
      },
      {
        "insertions": 0,
        "deletions": 0,
        "sinceDate": "2018-10-21",
        "untilDate": "2018-10-22"
      },
      {
        "insertions": 6199,
        "deletions": 5179,
        "sinceDate": "2018-10-22",
        "untilDate": "2018-10-23"
      },
      {
        "insertions": 1038,
        "deletions": 279,
        "sinceDate": "2018-10-23",
        "untilDate": "2018-10-24"
      },
      {
        "insertions": 0,
        "deletions": 0,
        "sinceDate": "2018-10-24",
        "untilDate": "2018-10-25"
      },
      {
        "insertions": 0,
        "deletions": 0,
        "sinceDate": "2018-10-25",
        "untilDate": "2018-10-26"
      },
      {
        "insertions": 0,
        "deletions": 0,
        "sinceDate": "2018-10-26",
        "untilDate": "2018-10-27"
      },
      {
        "insertions": 0,
        "deletions": 0,
        "sinceDate": "2018-10-27",
        "untilDate": "2018-10-28"
      },
      {
        "insertions": 0,
        "deletions": 0,
        "sinceDate": "2018-10-28",
        "untilDate": "2018-10-29"
      },
      {
        "insertions": 0,
        "deletions": 4,
        "sinceDate": "2018-10-29",
        "untilDate": "2018-10-30"
      },
      {
        "insertions": 380,
        "deletions": 613,
        "sinceDate": "2018-10-30",
        "untilDate": "2018-10-31"
      },
      {
        "insertions": 1,
        "deletions": 1,
        "sinceDate": "2018-10-31",
        "untilDate": "2018-11-01"
      },
      {
        "insertions": 0,
        "deletions": 0,
        "sinceDate": "2018-11-01",
        "untilDate": "2018-11-02"
      },
      {
        "insertions": 10,
        "deletions": 12,
        "sinceDate": "2018-11-02",
        "untilDate": "2018-11-03"
      },
      {
        "insertions": 3574,
        "deletions": 3803,
        "sinceDate": "2018-11-03",
        "untilDate": "2018-11-04"
      },
      {
        "insertions": 0,
        "deletions": 0,
        "sinceDate": "2018-11-04",
        "untilDate": "2018-11-05"
      },
      {
        "insertions": 0,
        "deletions": 0,
        "sinceDate": "2018-11-05",
        "untilDate": "2018-11-06"
      },
      {
        "insertions": 1143,
        "deletions": 506,
        "sinceDate": "2018-11-06",
        "untilDate": "2018-11-07"
      },
      {
        "insertions": 561,
        "deletions": 67,
        "sinceDate": "2018-11-07",
        "untilDate": "2018-11-08"
      },
      {
        "insertions": 125,
        "deletions": 31,
        "sinceDate": "2018-11-08",
        "untilDate": "2018-11-09"
      },
      {
        "insertions": 127,
        "deletions": 13,
        "sinceDate": "2018-11-09",
        "untilDate": "2018-11-10"
      },
      {
        "insertions": 0,
        "deletions": 0,
        "sinceDate": "2018-11-10",
        "untilDate": "2018-11-11"
      },
      {
        "insertions": 768,
        "deletions": 48,
        "sinceDate": "2018-11-11",
        "untilDate": "2018-11-12"
      },
      {
        "insertions": 94,
        "deletions": 115,
        "sinceDate": "2018-11-12",
        "untilDate": "2018-11-13"
      }
    ],
    "alyip98": [
      {
        "insertions": 0,
        "deletions": 0,
        "sinceDate": "2018-09-01",
        "untilDate": "2018-09-02"
      },
      {
        "insertions": 0,
        "deletions": 0,
        "sinceDate": "2018-09-02",
        "untilDate": "2018-09-03"
      },
      {
        "insertions": 0,
        "deletions": 0,
        "sinceDate": "2018-09-03",
        "untilDate": "2018-09-04"
      },
      {
        "insertions": 0,
        "deletions": 0,
        "sinceDate": "2018-09-04",
        "untilDate": "2018-09-05"
      },
      {
        "insertions": 0,
        "deletions": 0,
        "sinceDate": "2018-09-05",
        "untilDate": "2018-09-06"
      },
      {
        "insertions": 0,
        "deletions": 0,
        "sinceDate": "2018-09-06",
        "untilDate": "2018-09-07"
      },
      {
        "insertions": 0,
        "deletions": 0,
        "sinceDate": "2018-09-07",
        "untilDate": "2018-09-08"
      },
      {
        "insertions": 0,
        "deletions": 0,
        "sinceDate": "2018-09-08",
        "untilDate": "2018-09-09"
      },
      {
        "insertions": 0,
        "deletions": 0,
        "sinceDate": "2018-09-09",
        "untilDate": "2018-09-10"
      },
      {
        "insertions": 0,
        "deletions": 0,
        "sinceDate": "2018-09-10",
        "untilDate": "2018-09-11"
      },
      {
        "insertions": 0,
        "deletions": 0,
        "sinceDate": "2018-09-11",
        "untilDate": "2018-09-12"
      },
      {
        "insertions": 0,
        "deletions": 0,
        "sinceDate": "2018-09-12",
        "untilDate": "2018-09-13"
      },
      {
        "insertions": 0,
        "deletions": 0,
        "sinceDate": "2018-09-13",
        "untilDate": "2018-09-14"
      },
      {
        "insertions": 0,
        "deletions": 0,
        "sinceDate": "2018-09-14",
        "untilDate": "2018-09-15"
      },
      {
        "insertions": 0,
        "deletions": 0,
        "sinceDate": "2018-09-15",
        "untilDate": "2018-09-16"
      },
      {
        "insertions": 0,
        "deletions": 0,
        "sinceDate": "2018-09-16",
        "untilDate": "2018-09-17"
      },
      {
        "insertions": 0,
        "deletions": 0,
        "sinceDate": "2018-09-17",
        "untilDate": "2018-09-18"
      },
      {
        "insertions": 0,
        "deletions": 0,
        "sinceDate": "2018-09-18",
        "untilDate": "2018-09-19"
      },
      {
        "insertions": 0,
        "deletions": 0,
        "sinceDate": "2018-09-19",
        "untilDate": "2018-09-20"
      },
      {
        "insertions": 0,
        "deletions": 0,
        "sinceDate": "2018-09-20",
        "untilDate": "2018-09-21"
      },
      {
        "insertions": 0,
        "deletions": 0,
        "sinceDate": "2018-09-21",
        "untilDate": "2018-09-22"
      },
      {
        "insertions": 0,
        "deletions": 0,
        "sinceDate": "2018-09-22",
        "untilDate": "2018-09-23"
      },
      {
        "insertions": 0,
        "deletions": 0,
        "sinceDate": "2018-09-23",
        "untilDate": "2018-09-24"
      },
      {
        "insertions": 0,
        "deletions": 0,
        "sinceDate": "2018-09-24",
        "untilDate": "2018-09-25"
      },
      {
        "insertions": 0,
        "deletions": 0,
        "sinceDate": "2018-09-25",
        "untilDate": "2018-09-26"
      },
      {
        "insertions": 0,
        "deletions": 0,
        "sinceDate": "2018-09-26",
        "untilDate": "2018-09-27"
      },
      {
        "insertions": 0,
        "deletions": 0,
        "sinceDate": "2018-09-27",
        "untilDate": "2018-09-28"
      },
      {
        "insertions": 0,
        "deletions": 0,
        "sinceDate": "2018-09-28",
        "untilDate": "2018-09-29"
      },
      {
        "insertions": 0,
        "deletions": 0,
        "sinceDate": "2018-09-29",
        "untilDate": "2018-09-30"
      },
      {
        "insertions": 0,
        "deletions": 0,
        "sinceDate": "2018-09-30",
        "untilDate": "2018-10-01"
      },
      {
        "insertions": 0,
        "deletions": 0,
        "sinceDate": "2018-10-01",
        "untilDate": "2018-10-02"
      },
      {
        "insertions": 0,
        "deletions": 0,
        "sinceDate": "2018-10-02",
        "untilDate": "2018-10-03"
      },
      {
        "insertions": 0,
        "deletions": 0,
        "sinceDate": "2018-10-03",
        "untilDate": "2018-10-04"
      },
      {
        "insertions": 0,
        "deletions": 0,
        "sinceDate": "2018-10-04",
        "untilDate": "2018-10-05"
      },
      {
        "insertions": 0,
        "deletions": 0,
        "sinceDate": "2018-10-05",
        "untilDate": "2018-10-06"
      },
      {
        "insertions": 0,
        "deletions": 0,
        "sinceDate": "2018-10-06",
        "untilDate": "2018-10-07"
      },
      {
        "insertions": 0,
        "deletions": 0,
        "sinceDate": "2018-10-07",
        "untilDate": "2018-10-08"
      },
      {
        "insertions": 0,
        "deletions": 0,
        "sinceDate": "2018-10-08",
        "untilDate": "2018-10-09"
      },
      {
        "insertions": 0,
        "deletions": 0,
        "sinceDate": "2018-10-09",
        "untilDate": "2018-10-10"
      },
      {
        "insertions": 0,
        "deletions": 0,
        "sinceDate": "2018-10-10",
        "untilDate": "2018-10-11"
      },
      {
        "insertions": 0,
        "deletions": 0,
        "sinceDate": "2018-10-11",
        "untilDate": "2018-10-12"
      },
      {
        "insertions": 0,
        "deletions": 0,
        "sinceDate": "2018-10-12",
        "untilDate": "2018-10-13"
      },
      {
        "insertions": 0,
        "deletions": 0,
        "sinceDate": "2018-10-13",
        "untilDate": "2018-10-14"
      },
      {
        "insertions": 0,
        "deletions": 0,
        "sinceDate": "2018-10-14",
        "untilDate": "2018-10-15"
      },
      {
        "insertions": 0,
        "deletions": 0,
        "sinceDate": "2018-10-15",
        "untilDate": "2018-10-16"
      },
      {
        "insertions": 21,
        "deletions": 0,
        "sinceDate": "2018-10-16",
        "untilDate": "2018-10-17"
      },
      {
        "insertions": 52,
        "deletions": 0,
        "sinceDate": "2018-10-17",
        "untilDate": "2018-10-18"
      },
      {
        "insertions": 0,
        "deletions": 0,
        "sinceDate": "2018-10-18",
        "untilDate": "2018-10-19"
      },
      {
        "insertions": 0,
        "deletions": 0,
        "sinceDate": "2018-10-19",
        "untilDate": "2018-10-20"
      },
      {
        "insertions": 0,
        "deletions": 0,
        "sinceDate": "2018-10-20",
        "untilDate": "2018-10-21"
      },
      {
        "insertions": 0,
        "deletions": 0,
        "sinceDate": "2018-10-21",
        "untilDate": "2018-10-22"
      },
      {
        "insertions": 0,
        "deletions": 0,
        "sinceDate": "2018-10-22",
        "untilDate": "2018-10-23"
      },
      {
        "insertions": 0,
        "deletions": 0,
        "sinceDate": "2018-10-23",
        "untilDate": "2018-10-24"
      },
      {
        "insertions": 0,
        "deletions": 0,
        "sinceDate": "2018-10-24",
        "untilDate": "2018-10-25"
      },
      {
        "insertions": 144,
        "deletions": 54,
        "sinceDate": "2018-10-25",
        "untilDate": "2018-10-26"
      },
      {
        "insertions": 97,
        "deletions": 33,
        "sinceDate": "2018-10-26",
        "untilDate": "2018-10-27"
      },
      {
        "insertions": 120,
        "deletions": 13,
        "sinceDate": "2018-10-27",
        "untilDate": "2018-10-28"
      },
      {
        "insertions": 16,
        "deletions": 2,
        "sinceDate": "2018-10-28",
        "untilDate": "2018-10-29"
      },
      {
        "insertions": 710,
        "deletions": 157,
        "sinceDate": "2018-10-29",
        "untilDate": "2018-10-30"
      },
      {
        "insertions": 256,
        "deletions": 94,
        "sinceDate": "2018-10-30",
        "untilDate": "2018-10-31"
      },
      {
        "insertions": 0,
        "deletions": 0,
        "sinceDate": "2018-10-31",
        "untilDate": "2018-11-01"
      },
      {
        "insertions": 322,
        "deletions": 214,
        "sinceDate": "2018-11-01",
        "untilDate": "2018-11-02"
      },
      {
        "insertions": 0,
        "deletions": 0,
        "sinceDate": "2018-11-02",
        "untilDate": "2018-11-03"
      },
      {
        "insertions": 0,
        "deletions": 0,
        "sinceDate": "2018-11-03",
        "untilDate": "2018-11-04"
      },
      {
        "insertions": 0,
        "deletions": 0,
        "sinceDate": "2018-11-04",
        "untilDate": "2018-11-05"
      },
      {
        "insertions": 331,
        "deletions": 34,
        "sinceDate": "2018-11-05",
        "untilDate": "2018-11-06"
      },
      {
        "insertions": 0,
        "deletions": 0,
        "sinceDate": "2018-11-06",
        "untilDate": "2018-11-07"
      },
      {
        "insertions": 847,
        "deletions": 166,
        "sinceDate": "2018-11-07",
        "untilDate": "2018-11-08"
      },
      {
        "insertions": 0,
        "deletions": 0,
        "sinceDate": "2018-11-08",
        "untilDate": "2018-11-09"
      },
      {
        "insertions": 0,
        "deletions": 0,
        "sinceDate": "2018-11-09",
        "untilDate": "2018-11-10"
      },
      {
        "insertions": 50,
        "deletions": 0,
        "sinceDate": "2018-11-10",
        "untilDate": "2018-11-11"
      },
      {
        "insertions": 701,
        "deletions": 178,
        "sinceDate": "2018-11-11",
        "untilDate": "2018-11-12"
      },
      {
        "insertions": 1234,
        "deletions": 1085,
        "sinceDate": "2018-11-12",
        "untilDate": "2018-11-13"
      }
    ]
  },
  "authorFinalContributionMap": {
    "preethi-d": 1107,
    "yogtew": 595,
    "cyrusguo": 669,
    "andrewtanJS": 8475,
    "alyip98": 2623
  },
  "authorContributionVariance": {
    "preethi-d": 17947.107,
    "yogtew": 3078.6396,
    "cyrusguo": 141899.72,
    "andrewtanJS": 2492214.5,
    "alyip98": 108122.98
  },
  "authorDisplayNameMap": {
    "preethi-d": "preethid",
    "yogtew": "Yogusvi Tewari",
    "cyrusguo": "Cyrus Guo",
    "andrewtanJS": "Andrew Tan",
    "alyip98": "Alfred Yip"
  }
}
