{
  "authorWeeklyIntervalContributions": {
    "Philos22": [
      {
        "insertions": 221,
        "deletions": 46,
        "sinceDate": "2018-03-08",
        "untilDate": "2018-03-15"
      },
      {
        "insertions": 924,
        "deletions": 627,
        "sinceDate": "2018-03-15",
        "untilDate": "2018-03-22"
      },
      {
        "insertions": 235,
        "deletions": 1,
        "sinceDate": "2018-03-22",
        "untilDate": "2018-03-29"
      },
      {
        "insertions": 455,
        "deletions": 276,
        "sinceDate": "2018-03-29",
        "untilDate": "2018-04-05"
      },
      {
        "insertions": 260,
        "deletions": 81,
        "sinceDate": "2018-04-05",
        "untilDate": "2018-04-12"
      },
      {
        "insertions": 481,
        "deletions": 127,
        "sinceDate": "2018-04-12",
        "untilDate": "2018-04-19"
      }
    ],
    "Zacci": [
      {
        "insertions": 214,
        "deletions": 37,
        "sinceDate": "2018-03-08",
        "untilDate": "2018-03-15"
      },
      {
        "insertions": 531,
        "deletions": 293,
        "sinceDate": "2018-03-15",
        "untilDate": "2018-03-22"
      },
      {
        "insertions": 264,
        "deletions": 27,
        "sinceDate": "2018-03-22",
        "untilDate": "2018-03-29"
      },
      {
        "insertions": 348,
        "deletions": 149,
        "sinceDate": "2018-03-29",
        "untilDate": "2018-04-05"
      },
      {
        "insertions": 1046,
        "deletions": 290,
        "sinceDate": "2018-04-05",
        "untilDate": "2018-04-12"
      },
      {
        "insertions": 619,
        "deletions": 118,
        "sinceDate": "2018-04-12",
        "untilDate": "2018-04-19"
      }
    ],
    "sarahgoh97": [
      {
        "insertions": 225,
        "deletions": 102,
        "sinceDate": "2018-03-08",
        "untilDate": "2018-03-15"
      },
      {
        "insertions": 778,
        "deletions": 144,
        "sinceDate": "2018-03-15",
        "untilDate": "2018-03-22"
      },
      {
        "insertions": 1063,
        "deletions": 475,
        "sinceDate": "2018-03-22",
        "untilDate": "2018-03-29"
      },
      {
        "insertions": 561,
        "deletions": 323,
        "sinceDate": "2018-03-29",
        "untilDate": "2018-04-05"
      },
      {
        "insertions": 599,
        "deletions": 689,
        "sinceDate": "2018-04-05",
        "untilDate": "2018-04-12"
      },
      {
        "insertions": 1080,
        "deletions": 692,
        "sinceDate": "2018-04-12",
        "untilDate": "2018-04-19"
      }
    ]
  },
  "authorDailyIntervalContributions": {
    "Philos22": [
      {
        "insertions": 219,
        "deletions": 46,
        "sinceDate": "2018-03-08",
        "untilDate": "2018-03-09"
      },
      {
        "insertions": 2,
        "deletions": 0,
        "sinceDate": "2018-03-09",
        "untilDate": "2018-03-10"
      },
      {
        "insertions": 0,
        "deletions": 0,
        "sinceDate": "2018-03-10",
        "untilDate": "2018-03-11"
      },
      {
        "insertions": 0,
        "deletions": 0,
        "sinceDate": "2018-03-11",
        "untilDate": "2018-03-12"
      },
      {
        "insertions": 0,
        "deletions": 0,
        "sinceDate": "2018-03-12",
        "untilDate": "2018-03-13"
      },
      {
        "insertions": 0,
        "deletions": 0,
        "sinceDate": "2018-03-13",
        "untilDate": "2018-03-14"
      },
      {
        "insertions": 0,
        "deletions": 0,
        "sinceDate": "2018-03-14",
        "untilDate": "2018-03-15"
      },
      {
        "insertions": 126,
        "deletions": 0,
        "sinceDate": "2018-03-15",
        "untilDate": "2018-03-16"
      },
      {
        "insertions": 0,
        "deletions": 0,
        "sinceDate": "2018-03-16",
        "untilDate": "2018-03-17"
      },
      {
        "insertions": 669,
        "deletions": 500,
        "sinceDate": "2018-03-17",
        "untilDate": "2018-03-18"
      },
      {
        "insertions": 0,
        "deletions": 0,
        "sinceDate": "2018-03-18",
        "untilDate": "2018-03-19"
      },
      {
        "insertions": 0,
        "deletions": 0,
        "sinceDate": "2018-03-19",
        "untilDate": "2018-03-20"
      },
      {
        "insertions": 0,
        "deletions": 0,
        "sinceDate": "2018-03-20",
        "untilDate": "2018-03-21"
      },
      {
        "insertions": 129,
        "deletions": 127,
        "sinceDate": "2018-03-21",
        "untilDate": "2018-03-22"
      },
      {
        "insertions": 29,
        "deletions": 0,
        "sinceDate": "2018-03-22",
        "untilDate": "2018-03-23"
      },
      {
        "insertions": 0,
        "deletions": 0,
        "sinceDate": "2018-03-23",
        "untilDate": "2018-03-24"
      },
      {
        "insertions": 0,
        "deletions": 0,
        "sinceDate": "2018-03-24",
        "untilDate": "2018-03-25"
      },
      {
        "insertions": 0,
        "deletions": 0,
        "sinceDate": "2018-03-25",
        "untilDate": "2018-03-26"
      },
      {
        "insertions": 0,
        "deletions": 0,
        "sinceDate": "2018-03-26",
        "untilDate": "2018-03-27"
      },
      {
        "insertions": 0,
        "deletions": 0,
        "sinceDate": "2018-03-27",
        "untilDate": "2018-03-28"
      },
      {
        "insertions": 206,
        "deletions": 1,
        "sinceDate": "2018-03-28",
        "untilDate": "2018-03-29"
      },
      {
        "insertions": 195,
        "deletions": 237,
        "sinceDate": "2018-03-29",
        "untilDate": "2018-03-30"
      },
      {
        "insertions": 0,
        "deletions": 0,
        "sinceDate": "2018-03-30",
        "untilDate": "2018-03-31"
      },
      {
        "insertions": 0,
        "deletions": 0,
        "sinceDate": "2018-03-31",
        "untilDate": "2018-04-01"
      },
      {
        "insertions": 0,
        "deletions": 0,
        "sinceDate": "2018-04-01",
        "untilDate": "2018-04-02"
      },
      {
        "insertions": 0,
        "deletions": 0,
        "sinceDate": "2018-04-02",
        "untilDate": "2018-04-03"
      },
      {
        "insertions": 0,
        "deletions": 0,
        "sinceDate": "2018-04-03",
        "untilDate": "2018-04-04"
      },
      {
        "insertions": 260,
        "deletions": 39,
        "sinceDate": "2018-04-04",
        "untilDate": "2018-04-05"
      },
      {
        "insertions": 10,
        "deletions": 11,
        "sinceDate": "2018-04-05",
        "untilDate": "2018-04-06"
      },
      {
        "insertions": 0,
        "deletions": 0,
        "sinceDate": "2018-04-06",
        "untilDate": "2018-04-07"
      },
      {
        "insertions": 0,
        "deletions": 0,
        "sinceDate": "2018-04-07",
        "untilDate": "2018-04-08"
      },
      {
        "insertions": 0,
        "deletions": 0,
        "sinceDate": "2018-04-08",
        "untilDate": "2018-04-09"
      },
      {
        "insertions": 0,
        "deletions": 0,
        "sinceDate": "2018-04-09",
        "untilDate": "2018-04-10"
      },
      {
        "insertions": 0,
        "deletions": 0,
        "sinceDate": "2018-04-10",
        "untilDate": "2018-04-11"
      },
      {
        "insertions": 250,
        "deletions": 70,
        "sinceDate": "2018-04-11",
        "untilDate": "2018-04-12"
      },
      {
        "insertions": 9,
        "deletions": 10,
        "sinceDate": "2018-04-12",
        "untilDate": "2018-04-13"
      },
      {
        "insertions": 2,
        "deletions": 1,
        "sinceDate": "2018-04-13",
        "untilDate": "2018-04-14"
      },
      {
        "insertions": 0,
        "deletions": 0,
        "sinceDate": "2018-04-14",
        "untilDate": "2018-04-15"
      },
      {
        "insertions": 370,
        "deletions": 50,
        "sinceDate": "2018-04-15",
        "untilDate": "2018-04-16"
      },
      {
        "insertions": 100,
        "deletions": 66,
        "sinceDate": "2018-04-16",
        "untilDate": "2018-04-17"
      }
    ],
    "Zacci": [
      {
        "insertions": 0,
        "deletions": 0,
        "sinceDate": "2018-03-08",
        "untilDate": "2018-03-09"
      },
      {
        "insertions": 50,
        "deletions": 10,
        "sinceDate": "2018-03-09",
        "untilDate": "2018-03-10"
      },
      {
        "insertions": 0,
        "deletions": 0,
        "sinceDate": "2018-03-10",
        "untilDate": "2018-03-11"
      },
      {
        "insertions": 0,
        "deletions": 0,
        "sinceDate": "2018-03-11",
        "untilDate": "2018-03-12"
      },
      {
        "insertions": 0,
        "deletions": 0,
        "sinceDate": "2018-03-12",
        "untilDate": "2018-03-13"
      },
      {
        "insertions": 0,
        "deletions": 0,
        "sinceDate": "2018-03-13",
        "untilDate": "2018-03-14"
      },
      {
        "insertions": 164,
        "deletions": 27,
        "sinceDate": "2018-03-14",
        "untilDate": "2018-03-15"
      },
      {
        "insertions": 185,
        "deletions": 171,
        "sinceDate": "2018-03-15",
        "untilDate": "2018-03-16"
      },
      {
        "insertions": 0,
        "deletions": 0,
        "sinceDate": "2018-03-16",
        "untilDate": "2018-03-17"
      },
      {
        "insertions": 0,
        "deletions": 0,
        "sinceDate": "2018-03-17",
        "untilDate": "2018-03-18"
      },
      {
        "insertions": 0,
        "deletions": 0,
        "sinceDate": "2018-03-18",
        "untilDate": "2018-03-19"
      },
      {
        "insertions": 263,
        "deletions": 122,
        "sinceDate": "2018-03-19",
        "untilDate": "2018-03-20"
      },
      {
        "insertions": 0,
        "deletions": 0,
        "sinceDate": "2018-03-20",
        "untilDate": "2018-03-21"
      },
      {
        "insertions": 83,
        "deletions": 0,
        "sinceDate": "2018-03-21",
        "untilDate": "2018-03-22"
      },
      {
        "insertions": 264,
        "deletions": 27,
        "sinceDate": "2018-03-22",
        "untilDate": "2018-03-23"
      },
      {
        "insertions": 0,
        "deletions": 0,
        "sinceDate": "2018-03-23",
        "untilDate": "2018-03-24"
      },
      {
        "insertions": 0,
        "deletions": 0,
        "sinceDate": "2018-03-24",
        "untilDate": "2018-03-25"
      },
      {
        "insertions": 0,
        "deletions": 0,
        "sinceDate": "2018-03-25",
        "untilDate": "2018-03-26"
      },
      {
        "insertions": 0,
        "deletions": 0,
        "sinceDate": "2018-03-26",
        "untilDate": "2018-03-27"
      },
      {
        "insertions": 0,
        "deletions": 0,
        "sinceDate": "2018-03-27",
        "untilDate": "2018-03-28"
      },
      {
        "insertions": 0,
        "deletions": 0,
        "sinceDate": "2018-03-28",
        "untilDate": "2018-03-29"
      },
      {
        "insertions": 100,
        "deletions": 72,
        "sinceDate": "2018-03-29",
        "untilDate": "2018-03-30"
      },
      {
        "insertions": 0,
        "deletions": 0,
        "sinceDate": "2018-03-30",
        "untilDate": "2018-03-31"
      },
      {
        "insertions": 0,
        "deletions": 0,
        "sinceDate": "2018-03-31",
        "untilDate": "2018-04-01"
      },
      {
        "insertions": 0,
        "deletions": 0,
        "sinceDate": "2018-04-01",
        "untilDate": "2018-04-02"
      },
      {
        "insertions": 0,
        "deletions": 0,
        "sinceDate": "2018-04-02",
        "untilDate": "2018-04-03"
      },
      {
        "insertions": 35,
        "deletions": 21,
        "sinceDate": "2018-04-03",
        "untilDate": "2018-04-04"
      },
      {
        "insertions": 213,
        "deletions": 56,
        "sinceDate": "2018-04-04",
        "untilDate": "2018-04-05"
      },
      {
        "insertions": 672,
        "deletions": 129,
        "sinceDate": "2018-04-05",
        "untilDate": "2018-04-06"
      },
      {
        "insertions": 65,
        "deletions": 24,
        "sinceDate": "2018-04-06",
        "untilDate": "2018-04-07"
      },
      {
        "insertions": 0,
        "deletions": 0,
        "sinceDate": "2018-04-07",
        "untilDate": "2018-04-08"
      },
      {
        "insertions": 0,
        "deletions": 0,
        "sinceDate": "2018-04-08",
        "untilDate": "2018-04-09"
      },
      {
        "insertions": 0,
        "deletions": 0,
        "sinceDate": "2018-04-09",
        "untilDate": "2018-04-10"
      },
      {
        "insertions": 0,
        "deletions": 0,
        "sinceDate": "2018-04-10",
        "untilDate": "2018-04-11"
      },
      {
        "insertions": 309,
        "deletions": 137,
        "sinceDate": "2018-04-11",
        "untilDate": "2018-04-12"
      },
      {
        "insertions": 118,
        "deletions": 56,
        "sinceDate": "2018-04-12",
        "untilDate": "2018-04-13"
      },
      {
        "insertions": 0,
        "deletions": 0,
        "sinceDate": "2018-04-13",
        "untilDate": "2018-04-14"
      },
      {
        "insertions": 0,
        "deletions": 0,
        "sinceDate": "2018-04-14",
        "untilDate": "2018-04-15"
      },
      {
        "insertions": 501,
        "deletions": 62,
        "sinceDate": "2018-04-15",
        "untilDate": "2018-04-16"
      },
      {
        "insertions": 0,
        "deletions": 0,
        "sinceDate": "2018-04-16",
        "untilDate": "2018-04-17"
      }
    ],
    "sarahgoh97": [
      {
        "insertions": 71,
        "deletions": 33,
        "sinceDate": "2018-03-08",
        "untilDate": "2018-03-09"
      },
      {
        "insertions": 92,
        "deletions": 27,
        "sinceDate": "2018-03-09",
        "untilDate": "2018-03-10"
      },
      {
        "insertions": 0,
        "deletions": 1,
        "sinceDate": "2018-03-10",
        "untilDate": "2018-03-11"
      },
      {
        "insertions": 0,
        "deletions": 0,
        "sinceDate": "2018-03-11",
        "untilDate": "2018-03-12"
      },
      {
        "insertions": 0,
        "deletions": 0,
        "sinceDate": "2018-03-12",
        "untilDate": "2018-03-13"
      },
      {
        "insertions": 0,
        "deletions": 0,
        "sinceDate": "2018-03-13",
        "untilDate": "2018-03-14"
      },
      {
        "insertions": 62,
        "deletions": 41,
        "sinceDate": "2018-03-14",
        "untilDate": "2018-03-15"
      },
      {
        "insertions": 147,
        "deletions": 5,
        "sinceDate": "2018-03-15",
        "untilDate": "2018-03-16"
      },
      {
        "insertions": 428,
        "deletions": 96,
        "sinceDate": "2018-03-16",
        "untilDate": "2018-03-17"
      },
      {
        "insertions": 0,
        "deletions": 0,
        "sinceDate": "2018-03-17",
        "untilDate": "2018-03-18"
      },
      {
        "insertions": 0,
        "deletions": 0,
        "sinceDate": "2018-03-18",
        "untilDate": "2018-03-19"
      },
      {
        "insertions": 23,
        "deletions": 9,
        "sinceDate": "2018-03-19",
        "untilDate": "2018-03-20"
      },
      {
        "insertions": 0,
        "deletions": 0,
        "sinceDate": "2018-03-20",
        "untilDate": "2018-03-21"
      },
      {
        "insertions": 180,
        "deletions": 34,
        "sinceDate": "2018-03-21",
        "untilDate": "2018-03-22"
      },
      {
        "insertions": 112,
        "deletions": 8,
        "sinceDate": "2018-03-22",
        "untilDate": "2018-03-23"
      },
      {
        "insertions": 0,
        "deletions": 0,
        "sinceDate": "2018-03-23",
        "untilDate": "2018-03-24"
      },
      {
        "insertions": 66,
        "deletions": 221,
        "sinceDate": "2018-03-24",
        "untilDate": "2018-03-25"
      },
      {
        "insertions": 0,
        "deletions": 0,
        "sinceDate": "2018-03-25",
        "untilDate": "2018-03-26"
      },
      {
        "insertions": 345,
        "deletions": 133,
        "sinceDate": "2018-03-26",
        "untilDate": "2018-03-27"
      },
      {
        "insertions": 0,
        "deletions": 0,
        "sinceDate": "2018-03-27",
        "untilDate": "2018-03-28"
      },
      {
        "insertions": 540,
        "deletions": 113,
        "sinceDate": "2018-03-28",
        "untilDate": "2018-03-29"
      },
      {
        "insertions": 1,
        "deletions": 1,
        "sinceDate": "2018-03-29",
        "untilDate": "2018-03-30"
      },
      {
        "insertions": 0,
        "deletions": 0,
        "sinceDate": "2018-03-30",
        "untilDate": "2018-03-31"
      },
      {
        "insertions": 0,
        "deletions": 0,
        "sinceDate": "2018-03-31",
        "untilDate": "2018-04-01"
      },
      {
        "insertions": 0,
        "deletions": 0,
        "sinceDate": "2018-04-01",
        "untilDate": "2018-04-02"
      },
      {
        "insertions": 251,
        "deletions": 26,
        "sinceDate": "2018-04-02",
        "untilDate": "2018-04-03"
      },
      {
        "insertions": 0,
        "deletions": 0,
        "sinceDate": "2018-04-03",
        "untilDate": "2018-04-04"
      },
      {
        "insertions": 309,
        "deletions": 296,
        "sinceDate": "2018-04-04",
        "untilDate": "2018-04-05"
      },
      {
        "insertions": 0,
        "deletions": 0,
        "sinceDate": "2018-04-05",
        "untilDate": "2018-04-06"
      },
      {
        "insertions": 8,
        "deletions": 1,
        "sinceDate": "2018-04-06",
        "untilDate": "2018-04-07"
      },
      {
        "insertions": 0,
        "deletions": 0,
        "sinceDate": "2018-04-07",
        "untilDate": "2018-04-08"
      },
      {
        "insertions": 0,
        "deletions": 0,
        "sinceDate": "2018-04-08",
        "untilDate": "2018-04-09"
      },
      {
        "insertions": 53,
        "deletions": 18,
        "sinceDate": "2018-04-09",
        "untilDate": "2018-04-10"
      },
      {
        "insertions": 134,
        "deletions": 181,
        "sinceDate": "2018-04-10",
        "untilDate": "2018-04-11"
      },
      {
        "insertions": 404,
        "deletions": 489,
        "sinceDate": "2018-04-11",
        "untilDate": "2018-04-12"
      },
      {
        "insertions": 117,
        "deletions": 63,
        "sinceDate": "2018-04-12",
        "untilDate": "2018-04-13"
      },
      {
        "insertions": 698,
        "deletions": 497,
        "sinceDate": "2018-04-13",
        "untilDate": "2018-04-14"
      },
      {
        "insertions": 256,
        "deletions": 130,
        "sinceDate": "2018-04-14",
        "untilDate": "2018-04-15"
      },
      {
        "insertions": 9,
        "deletions": 2,
        "sinceDate": "2018-04-15",
        "untilDate": "2018-04-16"
      },
      {
        "insertions": 0,
        "deletions": 0,
        "sinceDate": "2018-04-16",
        "untilDate": "2018-04-17"
      }
    ]
  },
  "authorFinalContributionMap": {
    "Philos22": 1583,
    "Zacci": 2588,
    "sarahgoh97": 3203
  },
  "authorContributionVariance": {
    "Philos22": 44912.89,
    "Zacci": 33001.836,
    "sarahgoh97": 73829.66
  },
  "authorDisplayNameMap": {
    "Philos22": "CHUNG... TSAI",
    "Zacci": "ISAAC...N TAN",
    "sarahgoh97": "SARAH... NING"
  }
}
