{
  "authorWeeklyIntervalContributions": {
    "tzerbin": [
      {
        "insertions": 0,
        "deletions": 0,
        "sinceDate": "2018-02-28",
        "untilDate": "2018-03-07"
      },
      {
        "insertions": 0,
        "deletions": 0,
        "sinceDate": "2018-03-07",
        "untilDate": "2018-03-14"
      },
      {
        "insertions": 0,
        "deletions": 0,
        "sinceDate": "2018-03-14",
        "untilDate": "2018-03-21"
      },
      {
        "insertions": 0,
        "deletions": 0,
        "sinceDate": "2018-03-21",
        "untilDate": "2018-03-28"
      },
      {
        "insertions": 0,
        "deletions": 0,
        "sinceDate": "2018-03-28",
        "untilDate": "2018-04-04"
      },
      {
        "insertions": 0,
        "deletions": 0,
        "sinceDate": "2018-04-04",
        "untilDate": "2018-04-11"
      },
      {
        "insertions": 0,
        "deletions": 0,
        "sinceDate": "2018-04-11",
        "untilDate": "2018-04-18"
      }
    ],
    "muruges95": [
      {
        "insertions": 0,
        "deletions": 0,
        "sinceDate": "2018-02-28",
        "untilDate": "2018-03-07"
      },
      {
        "insertions": 0,
        "deletions": 0,
        "sinceDate": "2018-03-07",
        "untilDate": "2018-03-14"
      },
      {
        "insertions": 0,
        "deletions": 0,
        "sinceDate": "2018-03-14",
        "untilDate": "2018-03-21"
      },
      {
        "insertions": 0,
        "deletions": 0,
        "sinceDate": "2018-03-21",
        "untilDate": "2018-03-28"
      },
      {
        "insertions": 0,
        "deletions": 0,
        "sinceDate": "2018-03-28",
        "untilDate": "2018-04-04"
      },
      {
        "insertions": 0,
        "deletions": 0,
        "sinceDate": "2018-04-04",
        "untilDate": "2018-04-11"
      },
      {
        "insertions": 0,
        "deletions": 0,
        "sinceDate": "2018-04-11",
        "untilDate": "2018-04-18"
      }
    ],
    "WJY-norainu": [
      {
        "insertions": 149,
        "deletions": 24,
        "sinceDate": "2018-02-28",
        "untilDate": "2018-03-07"
      },
      {
        "insertions": 253,
        "deletions": 30,
        "sinceDate": "2018-03-07",
        "untilDate": "2018-03-14"
      },
      {
        "insertions": 307,
        "deletions": 25,
        "sinceDate": "2018-03-14",
        "untilDate": "2018-03-21"
      },
      {
        "insertions": 2383,
        "deletions": 1947,
        "sinceDate": "2018-03-21",
        "untilDate": "2018-03-28"
      },
      {
        "insertions": 1061,
        "deletions": 268,
        "sinceDate": "2018-03-28",
        "untilDate": "2018-04-04"
      },
      {
        "insertions": 1822,
        "deletions": 337,
        "sinceDate": "2018-04-04",
        "untilDate": "2018-04-11"
      },
      {
        "insertions": 1057,
        "deletions": 764,
        "sinceDate": "2018-04-11",
        "untilDate": "2018-04-18"
      }
    ],
    "Damienskt": [
      {
        "insertions": 0,
        "deletions": 0,
        "sinceDate": "2018-02-28",
        "untilDate": "2018-03-07"
      },
      {
        "insertions": 0,
        "deletions": 0,
        "sinceDate": "2018-03-07",
        "untilDate": "2018-03-14"
      },
      {
        "insertions": 0,
        "deletions": 0,
        "sinceDate": "2018-03-14",
        "untilDate": "2018-03-21"
      },
      {
        "insertions": 0,
        "deletions": 0,
        "sinceDate": "2018-03-21",
        "untilDate": "2018-03-28"
      },
      {
        "insertions": 0,
        "deletions": 0,
        "sinceDate": "2018-03-28",
        "untilDate": "2018-04-04"
      },
      {
        "insertions": 0,
        "deletions": 0,
        "sinceDate": "2018-04-04",
        "untilDate": "2018-04-11"
      },
      {
        "insertions": 106,
        "deletions": 248,
        "sinceDate": "2018-04-11",
        "untilDate": "2018-04-18"
      }
    ]
  },
  "authorDailyIntervalContributions": {
    "tzerbin": [
      {
        "insertions": 0,
        "deletions": 0,
        "sinceDate": "2018-02-28",
        "untilDate": "2018-03-01"
      },
      {
        "insertions": 0,
        "deletions": 0,
        "sinceDate": "2018-03-01",
        "untilDate": "2018-03-02"
      },
      {
        "insertions": 0,
        "deletions": 0,
        "sinceDate": "2018-03-02",
        "untilDate": "2018-03-03"
      },
      {
        "insertions": 0,
        "deletions": 0,
        "sinceDate": "2018-03-03",
        "untilDate": "2018-03-04"
      },
      {
        "insertions": 0,
        "deletions": 0,
        "sinceDate": "2018-03-04",
        "untilDate": "2018-03-05"
      },
      {
        "insertions": 0,
        "deletions": 0,
        "sinceDate": "2018-03-05",
        "untilDate": "2018-03-06"
      },
      {
        "insertions": 0,
        "deletions": 0,
        "sinceDate": "2018-03-06",
        "untilDate": "2018-03-07"
      },
      {
        "insertions": 0,
        "deletions": 0,
        "sinceDate": "2018-03-07",
        "untilDate": "2018-03-08"
      },
      {
        "insertions": 0,
        "deletions": 0,
        "sinceDate": "2018-03-08",
        "untilDate": "2018-03-09"
      },
      {
        "insertions": 0,
        "deletions": 0,
        "sinceDate": "2018-03-09",
        "untilDate": "2018-03-10"
      },
      {
        "insertions": 0,
        "deletions": 0,
        "sinceDate": "2018-03-10",
        "untilDate": "2018-03-11"
      },
      {
        "insertions": 0,
        "deletions": 0,
        "sinceDate": "2018-03-11",
        "untilDate": "2018-03-12"
      },
      {
        "insertions": 0,
        "deletions": 0,
        "sinceDate": "2018-03-12",
        "untilDate": "2018-03-13"
      },
      {
        "insertions": 0,
        "deletions": 0,
        "sinceDate": "2018-03-13",
        "untilDate": "2018-03-14"
      },
      {
        "insertions": 0,
        "deletions": 0,
        "sinceDate": "2018-03-14",
        "untilDate": "2018-03-15"
      },
      {
        "insertions": 0,
        "deletions": 0,
        "sinceDate": "2018-03-15",
        "untilDate": "2018-03-16"
      },
      {
        "insertions": 0,
        "deletions": 0,
        "sinceDate": "2018-03-16",
        "untilDate": "2018-03-17"
      },
      {
        "insertions": 0,
        "deletions": 0,
        "sinceDate": "2018-03-17",
        "untilDate": "2018-03-18"
      },
      {
        "insertions": 0,
        "deletions": 0,
        "sinceDate": "2018-03-18",
        "untilDate": "2018-03-19"
      },
      {
        "insertions": 0,
        "deletions": 0,
        "sinceDate": "2018-03-19",
        "untilDate": "2018-03-20"
      },
      {
        "insertions": 0,
        "deletions": 0,
        "sinceDate": "2018-03-20",
        "untilDate": "2018-03-21"
      },
      {
        "insertions": 0,
        "deletions": 0,
        "sinceDate": "2018-03-21",
        "untilDate": "2018-03-22"
      },
      {
        "insertions": 0,
        "deletions": 0,
        "sinceDate": "2018-03-22",
        "untilDate": "2018-03-23"
      },
      {
        "insertions": 0,
        "deletions": 0,
        "sinceDate": "2018-03-23",
        "untilDate": "2018-03-24"
      },
      {
        "insertions": 0,
        "deletions": 0,
        "sinceDate": "2018-03-24",
        "untilDate": "2018-03-25"
      },
      {
        "insertions": 0,
        "deletions": 0,
        "sinceDate": "2018-03-25",
        "untilDate": "2018-03-26"
      },
      {
        "insertions": 0,
        "deletions": 0,
        "sinceDate": "2018-03-26",
        "untilDate": "2018-03-27"
      },
      {
        "insertions": 0,
        "deletions": 0,
        "sinceDate": "2018-03-27",
        "untilDate": "2018-03-28"
      },
      {
        "insertions": 0,
        "deletions": 0,
        "sinceDate": "2018-03-28",
        "untilDate": "2018-03-29"
      },
      {
        "insertions": 0,
        "deletions": 0,
        "sinceDate": "2018-03-29",
        "untilDate": "2018-03-30"
      },
      {
        "insertions": 0,
        "deletions": 0,
        "sinceDate": "2018-03-30",
        "untilDate": "2018-03-31"
      },
      {
        "insertions": 0,
        "deletions": 0,
        "sinceDate": "2018-03-31",
        "untilDate": "2018-04-01"
      },
      {
        "insertions": 0,
        "deletions": 0,
        "sinceDate": "2018-04-01",
        "untilDate": "2018-04-02"
      },
      {
        "insertions": 0,
        "deletions": 0,
        "sinceDate": "2018-04-02",
        "untilDate": "2018-04-03"
      },
      {
        "insertions": 0,
        "deletions": 0,
        "sinceDate": "2018-04-03",
        "untilDate": "2018-04-04"
      },
      {
        "insertions": 0,
        "deletions": 0,
        "sinceDate": "2018-04-04",
        "untilDate": "2018-04-05"
      },
      {
        "insertions": 0,
        "deletions": 0,
        "sinceDate": "2018-04-05",
        "untilDate": "2018-04-06"
      },
      {
        "insertions": 0,
        "deletions": 0,
        "sinceDate": "2018-04-06",
        "untilDate": "2018-04-07"
      },
      {
        "insertions": 0,
        "deletions": 0,
        "sinceDate": "2018-04-07",
        "untilDate": "2018-04-08"
      },
      {
        "insertions": 0,
        "deletions": 0,
        "sinceDate": "2018-04-08",
        "untilDate": "2018-04-09"
      },
      {
        "insertions": 0,
        "deletions": 0,
        "sinceDate": "2018-04-09",
        "untilDate": "2018-04-10"
      },
      {
        "insertions": 0,
        "deletions": 0,
        "sinceDate": "2018-04-10",
        "untilDate": "2018-04-11"
      },
      {
        "insertions": 0,
        "deletions": 0,
        "sinceDate": "2018-04-11",
        "untilDate": "2018-04-12"
      },
      {
        "insertions": 0,
        "deletions": 0,
        "sinceDate": "2018-04-12",
        "untilDate": "2018-04-13"
      },
      {
        "insertions": 0,
        "deletions": 0,
        "sinceDate": "2018-04-13",
        "untilDate": "2018-04-14"
      },
      {
        "insertions": 0,
        "deletions": 0,
        "sinceDate": "2018-04-14",
        "untilDate": "2018-04-15"
      },
      {
        "insertions": 0,
        "deletions": 0,
        "sinceDate": "2018-04-15",
        "untilDate": "2018-04-16"
      }
    ],
    "muruges95": [
      {
        "insertions": 0,
        "deletions": 0,
        "sinceDate": "2018-02-28",
        "untilDate": "2018-03-01"
      },
      {
        "insertions": 0,
        "deletions": 0,
        "sinceDate": "2018-03-01",
        "untilDate": "2018-03-02"
      },
      {
        "insertions": 0,
        "deletions": 0,
        "sinceDate": "2018-03-02",
        "untilDate": "2018-03-03"
      },
      {
        "insertions": 0,
        "deletions": 0,
        "sinceDate": "2018-03-03",
        "untilDate": "2018-03-04"
      },
      {
        "insertions": 0,
        "deletions": 0,
        "sinceDate": "2018-03-04",
        "untilDate": "2018-03-05"
      },
      {
        "insertions": 0,
        "deletions": 0,
        "sinceDate": "2018-03-05",
        "untilDate": "2018-03-06"
      },
      {
        "insertions": 0,
        "deletions": 0,
        "sinceDate": "2018-03-06",
        "untilDate": "2018-03-07"
      },
      {
        "insertions": 0,
        "deletions": 0,
        "sinceDate": "2018-03-07",
        "untilDate": "2018-03-08"
      },
      {
        "insertions": 0,
        "deletions": 0,
        "sinceDate": "2018-03-08",
        "untilDate": "2018-03-09"
      },
      {
        "insertions": 0,
        "deletions": 0,
        "sinceDate": "2018-03-09",
        "untilDate": "2018-03-10"
      },
      {
        "insertions": 0,
        "deletions": 0,
        "sinceDate": "2018-03-10",
        "untilDate": "2018-03-11"
      },
      {
        "insertions": 0,
        "deletions": 0,
        "sinceDate": "2018-03-11",
        "untilDate": "2018-03-12"
      },
      {
        "insertions": 0,
        "deletions": 0,
        "sinceDate": "2018-03-12",
        "untilDate": "2018-03-13"
      },
      {
        "insertions": 0,
        "deletions": 0,
        "sinceDate": "2018-03-13",
        "untilDate": "2018-03-14"
      },
      {
        "insertions": 0,
        "deletions": 0,
        "sinceDate": "2018-03-14",
        "untilDate": "2018-03-15"
      },
      {
        "insertions": 0,
        "deletions": 0,
        "sinceDate": "2018-03-15",
        "untilDate": "2018-03-16"
      },
      {
        "insertions": 0,
        "deletions": 0,
        "sinceDate": "2018-03-16",
        "untilDate": "2018-03-17"
      },
      {
        "insertions": 0,
        "deletions": 0,
        "sinceDate": "2018-03-17",
        "untilDate": "2018-03-18"
      },
      {
        "insertions": 0,
        "deletions": 0,
        "sinceDate": "2018-03-18",
        "untilDate": "2018-03-19"
      },
      {
        "insertions": 0,
        "deletions": 0,
        "sinceDate": "2018-03-19",
        "untilDate": "2018-03-20"
      },
      {
        "insertions": 0,
        "deletions": 0,
        "sinceDate": "2018-03-20",
        "untilDate": "2018-03-21"
      },
      {
        "insertions": 0,
        "deletions": 0,
        "sinceDate": "2018-03-21",
        "untilDate": "2018-03-22"
      },
      {
        "insertions": 0,
        "deletions": 0,
        "sinceDate": "2018-03-22",
        "untilDate": "2018-03-23"
      },
      {
        "insertions": 0,
        "deletions": 0,
        "sinceDate": "2018-03-23",
        "untilDate": "2018-03-24"
      },
      {
        "insertions": 0,
        "deletions": 0,
        "sinceDate": "2018-03-24",
        "untilDate": "2018-03-25"
      },
      {
        "insertions": 0,
        "deletions": 0,
        "sinceDate": "2018-03-25",
        "untilDate": "2018-03-26"
      },
      {
        "insertions": 0,
        "deletions": 0,
        "sinceDate": "2018-03-26",
        "untilDate": "2018-03-27"
      },
      {
        "insertions": 0,
        "deletions": 0,
        "sinceDate": "2018-03-27",
        "untilDate": "2018-03-28"
      },
      {
        "insertions": 0,
        "deletions": 0,
        "sinceDate": "2018-03-28",
        "untilDate": "2018-03-29"
      },
      {
        "insertions": 0,
        "deletions": 0,
        "sinceDate": "2018-03-29",
        "untilDate": "2018-03-30"
      },
      {
        "insertions": 0,
        "deletions": 0,
        "sinceDate": "2018-03-30",
        "untilDate": "2018-03-31"
      },
      {
        "insertions": 0,
        "deletions": 0,
        "sinceDate": "2018-03-31",
        "untilDate": "2018-04-01"
      },
      {
        "insertions": 0,
        "deletions": 0,
        "sinceDate": "2018-04-01",
        "untilDate": "2018-04-02"
      },
      {
        "insertions": 0,
        "deletions": 0,
        "sinceDate": "2018-04-02",
        "untilDate": "2018-04-03"
      },
      {
        "insertions": 0,
        "deletions": 0,
        "sinceDate": "2018-04-03",
        "untilDate": "2018-04-04"
      },
      {
        "insertions": 0,
        "deletions": 0,
        "sinceDate": "2018-04-04",
        "untilDate": "2018-04-05"
      },
      {
        "insertions": 0,
        "deletions": 0,
        "sinceDate": "2018-04-05",
        "untilDate": "2018-04-06"
      },
      {
        "insertions": 0,
        "deletions": 0,
        "sinceDate": "2018-04-06",
        "untilDate": "2018-04-07"
      },
      {
        "insertions": 0,
        "deletions": 0,
        "sinceDate": "2018-04-07",
        "untilDate": "2018-04-08"
      },
      {
        "insertions": 0,
        "deletions": 0,
        "sinceDate": "2018-04-08",
        "untilDate": "2018-04-09"
      },
      {
        "insertions": 0,
        "deletions": 0,
        "sinceDate": "2018-04-09",
        "untilDate": "2018-04-10"
      },
      {
        "insertions": 0,
        "deletions": 0,
        "sinceDate": "2018-04-10",
        "untilDate": "2018-04-11"
      },
      {
        "insertions": 0,
        "deletions": 0,
        "sinceDate": "2018-04-11",
        "untilDate": "2018-04-12"
      },
      {
        "insertions": 0,
        "deletions": 0,
        "sinceDate": "2018-04-12",
        "untilDate": "2018-04-13"
      },
      {
        "insertions": 0,
        "deletions": 0,
        "sinceDate": "2018-04-13",
        "untilDate": "2018-04-14"
      },
      {
        "insertions": 0,
        "deletions": 0,
        "sinceDate": "2018-04-14",
        "untilDate": "2018-04-15"
      },
      {
        "insertions": 0,
        "deletions": 0,
        "sinceDate": "2018-04-15",
        "untilDate": "2018-04-16"
      }
    ],
    "WJY-norainu": [
      {
        "insertions": 149,
        "deletions": 24,
        "sinceDate": "2018-02-28",
        "untilDate": "2018-03-01"
      },
      {
        "insertions": 0,
        "deletions": 0,
        "sinceDate": "2018-03-01",
        "untilDate": "2018-03-02"
      },
      {
        "insertions": 0,
        "deletions": 0,
        "sinceDate": "2018-03-02",
        "untilDate": "2018-03-03"
      },
      {
        "insertions": 0,
        "deletions": 0,
        "sinceDate": "2018-03-03",
        "untilDate": "2018-03-04"
      },
      {
        "insertions": 0,
        "deletions": 0,
        "sinceDate": "2018-03-04",
        "untilDate": "2018-03-05"
      },
      {
        "insertions": 0,
        "deletions": 0,
        "sinceDate": "2018-03-05",
        "untilDate": "2018-03-06"
      },
      {
        "insertions": 0,
        "deletions": 0,
        "sinceDate": "2018-03-06",
        "untilDate": "2018-03-07"
      },
      {
        "insertions": 0,
        "deletions": 0,
        "sinceDate": "2018-03-07",
        "untilDate": "2018-03-08"
      },
      {
        "insertions": 23,
        "deletions": 17,
        "sinceDate": "2018-03-08",
        "untilDate": "2018-03-09"
      },
      {
        "insertions": 8,
        "deletions": 6,
        "sinceDate": "2018-03-09",
        "untilDate": "2018-03-10"
      },
      {
        "insertions": 0,
        "deletions": 0,
        "sinceDate": "2018-03-10",
        "untilDate": "2018-03-11"
      },
      {
        "insertions": 0,
        "deletions": 0,
        "sinceDate": "2018-03-11",
        "untilDate": "2018-03-12"
      },
      {
        "insertions": 172,
        "deletions": 7,
        "sinceDate": "2018-03-12",
        "untilDate": "2018-03-13"
      },
      {
        "insertions": 50,
        "deletions": 0,
        "sinceDate": "2018-03-13",
        "untilDate": "2018-03-14"
      },
      {
        "insertions": 167,
        "deletions": 20,
        "sinceDate": "2018-03-14",
        "untilDate": "2018-03-15"
      },
      {
        "insertions": 10,
        "deletions": 4,
        "sinceDate": "2018-03-15",
        "untilDate": "2018-03-16"
      },
      {
        "insertions": 0,
        "deletions": 0,
        "sinceDate": "2018-03-16",
        "untilDate": "2018-03-17"
      },
      {
        "insertions": 0,
        "deletions": 0,
        "sinceDate": "2018-03-17",
        "untilDate": "2018-03-18"
      },
      {
        "insertions": 0,
        "deletions": 0,
        "sinceDate": "2018-03-18",
        "untilDate": "2018-03-19"
      },
      {
        "insertions": 0,
        "deletions": 0,
        "sinceDate": "2018-03-19",
        "untilDate": "2018-03-20"
      },
      {
        "insertions": 130,
        "deletions": 1,
        "sinceDate": "2018-03-20",
        "untilDate": "2018-03-21"
      },
      {
        "insertions": 663,
        "deletions": 174,
        "sinceDate": "2018-03-21",
        "untilDate": "2018-03-22"
      },
      {
        "insertions": 170,
        "deletions": 170,
        "sinceDate": "2018-03-22",
        "untilDate": "2018-03-23"
      },
      {
        "insertions": 83,
        "deletions": 186,
        "sinceDate": "2018-03-23",
        "untilDate": "2018-03-24"
      },
      {
        "insertions": 1047,
        "deletions": 1287,
        "sinceDate": "2018-03-24",
        "untilDate": "2018-03-25"
      },
      {
        "insertions": 95,
        "deletions": 72,
        "sinceDate": "2018-03-25",
        "untilDate": "2018-03-26"
      },
      {
        "insertions": 0,
        "deletions": 0,
        "sinceDate": "2018-03-26",
        "untilDate": "2018-03-27"
      },
      {
        "insertions": 325,
        "deletions": 58,
        "sinceDate": "2018-03-27",
        "untilDate": "2018-03-28"
      },
      {
        "insertions": 49,
        "deletions": 28,
        "sinceDate": "2018-03-28",
        "untilDate": "2018-03-29"
      },
      {
        "insertions": 0,
        "deletions": 0,
        "sinceDate": "2018-03-29",
        "untilDate": "2018-03-30"
      },
      {
        "insertions": 0,
        "deletions": 0,
        "sinceDate": "2018-03-30",
        "untilDate": "2018-03-31"
      },
      {
        "insertions": 360,
        "deletions": 156,
        "sinceDate": "2018-03-31",
        "untilDate": "2018-04-01"
      },
      {
        "insertions": 47,
        "deletions": 34,
        "sinceDate": "2018-04-01",
        "untilDate": "2018-04-02"
      },
      {
        "insertions": 216,
        "deletions": 9,
        "sinceDate": "2018-04-02",
        "untilDate": "2018-04-03"
      },
      {
        "insertions": 389,
        "deletions": 41,
        "sinceDate": "2018-04-03",
        "untilDate": "2018-04-04"
      },
      {
        "insertions": 244,
        "deletions": 3,
        "sinceDate": "2018-04-04",
        "untilDate": "2018-04-05"
      },
      {
        "insertions": 22,
        "deletions": 24,
        "sinceDate": "2018-04-05",
        "untilDate": "2018-04-06"
      },
      {
        "insertions": 305,
        "deletions": 126,
        "sinceDate": "2018-04-06",
        "untilDate": "2018-04-07"
      },
      {
        "insertions": 549,
        "deletions": 114,
        "sinceDate": "2018-04-07",
        "untilDate": "2018-04-08"
      },
      {
        "insertions": 564,
        "deletions": 44,
        "sinceDate": "2018-04-08",
        "untilDate": "2018-04-09"
      },
      {
        "insertions": 0,
        "deletions": 0,
        "sinceDate": "2018-04-09",
        "untilDate": "2018-04-10"
      },
      {
        "insertions": 138,
        "deletions": 26,
        "sinceDate": "2018-04-10",
        "untilDate": "2018-04-11"
      },
      {
        "insertions": 9,
        "deletions": 45,
        "sinceDate": "2018-04-11",
        "untilDate": "2018-04-12"
      },
      {
        "insertions": 16,
        "deletions": 4,
        "sinceDate": "2018-04-12",
        "untilDate": "2018-04-13"
      },
      {
        "insertions": 391,
        "deletions": 326,
        "sinceDate": "2018-04-13",
        "untilDate": "2018-04-14"
      },
      {
        "insertions": 118,
        "deletions": 120,
        "sinceDate": "2018-04-14",
        "untilDate": "2018-04-15"
      },
      {
        "insertions": 523,
        "deletions": 269,
        "sinceDate": "2018-04-15",
        "untilDate": "2018-04-16"
      }
    ],
    "Damienskt": [
      {
        "insertions": 0,
        "deletions": 0,
        "sinceDate": "2018-02-28",
        "untilDate": "2018-03-01"
      },
      {
        "insertions": 0,
        "deletions": 0,
        "sinceDate": "2018-03-01",
        "untilDate": "2018-03-02"
      },
      {
        "insertions": 0,
        "deletions": 0,
        "sinceDate": "2018-03-02",
        "untilDate": "2018-03-03"
      },
      {
        "insertions": 0,
        "deletions": 0,
        "sinceDate": "2018-03-03",
        "untilDate": "2018-03-04"
      },
      {
        "insertions": 0,
        "deletions": 0,
        "sinceDate": "2018-03-04",
        "untilDate": "2018-03-05"
      },
      {
        "insertions": 0,
        "deletions": 0,
        "sinceDate": "2018-03-05",
        "untilDate": "2018-03-06"
      },
      {
        "insertions": 0,
        "deletions": 0,
        "sinceDate": "2018-03-06",
        "untilDate": "2018-03-07"
      },
      {
        "insertions": 0,
        "deletions": 0,
        "sinceDate": "2018-03-07",
        "untilDate": "2018-03-08"
      },
      {
        "insertions": 0,
        "deletions": 0,
        "sinceDate": "2018-03-08",
        "untilDate": "2018-03-09"
      },
      {
        "insertions": 0,
        "deletions": 0,
        "sinceDate": "2018-03-09",
        "untilDate": "2018-03-10"
      },
      {
        "insertions": 0,
        "deletions": 0,
        "sinceDate": "2018-03-10",
        "untilDate": "2018-03-11"
      },
      {
        "insertions": 0,
        "deletions": 0,
        "sinceDate": "2018-03-11",
        "untilDate": "2018-03-12"
      },
      {
        "insertions": 0,
        "deletions": 0,
        "sinceDate": "2018-03-12",
        "untilDate": "2018-03-13"
      },
      {
        "insertions": 0,
        "deletions": 0,
        "sinceDate": "2018-03-13",
        "untilDate": "2018-03-14"
      },
      {
        "insertions": 0,
        "deletions": 0,
        "sinceDate": "2018-03-14",
        "untilDate": "2018-03-15"
      },
      {
        "insertions": 0,
        "deletions": 0,
        "sinceDate": "2018-03-15",
        "untilDate": "2018-03-16"
      },
      {
        "insertions": 0,
        "deletions": 0,
        "sinceDate": "2018-03-16",
        "untilDate": "2018-03-17"
      },
      {
        "insertions": 0,
        "deletions": 0,
        "sinceDate": "2018-03-17",
        "untilDate": "2018-03-18"
      },
      {
        "insertions": 0,
        "deletions": 0,
        "sinceDate": "2018-03-18",
        "untilDate": "2018-03-19"
      },
      {
        "insertions": 0,
        "deletions": 0,
        "sinceDate": "2018-03-19",
        "untilDate": "2018-03-20"
      },
      {
        "insertions": 0,
        "deletions": 0,
        "sinceDate": "2018-03-20",
        "untilDate": "2018-03-21"
      },
      {
        "insertions": 0,
        "deletions": 0,
        "sinceDate": "2018-03-21",
        "untilDate": "2018-03-22"
      },
      {
        "insertions": 0,
        "deletions": 0,
        "sinceDate": "2018-03-22",
        "untilDate": "2018-03-23"
      },
      {
        "insertions": 0,
        "deletions": 0,
        "sinceDate": "2018-03-23",
        "untilDate": "2018-03-24"
      },
      {
        "insertions": 0,
        "deletions": 0,
        "sinceDate": "2018-03-24",
        "untilDate": "2018-03-25"
      },
      {
        "insertions": 0,
        "deletions": 0,
        "sinceDate": "2018-03-25",
        "untilDate": "2018-03-26"
      },
      {
        "insertions": 0,
        "deletions": 0,
        "sinceDate": "2018-03-26",
        "untilDate": "2018-03-27"
      },
      {
        "insertions": 0,
        "deletions": 0,
        "sinceDate": "2018-03-27",
        "untilDate": "2018-03-28"
      },
      {
        "insertions": 0,
        "deletions": 0,
        "sinceDate": "2018-03-28",
        "untilDate": "2018-03-29"
      },
      {
        "insertions": 0,
        "deletions": 0,
        "sinceDate": "2018-03-29",
        "untilDate": "2018-03-30"
      },
      {
        "insertions": 0,
        "deletions": 0,
        "sinceDate": "2018-03-30",
        "untilDate": "2018-03-31"
      },
      {
        "insertions": 0,
        "deletions": 0,
        "sinceDate": "2018-03-31",
        "untilDate": "2018-04-01"
      },
      {
        "insertions": 0,
        "deletions": 0,
        "sinceDate": "2018-04-01",
        "untilDate": "2018-04-02"
      },
      {
        "insertions": 0,
        "deletions": 0,
        "sinceDate": "2018-04-02",
        "untilDate": "2018-04-03"
      },
      {
        "insertions": 0,
        "deletions": 0,
        "sinceDate": "2018-04-03",
        "untilDate": "2018-04-04"
      },
      {
        "insertions": 0,
        "deletions": 0,
        "sinceDate": "2018-04-04",
        "untilDate": "2018-04-05"
      },
      {
        "insertions": 0,
        "deletions": 0,
        "sinceDate": "2018-04-05",
        "untilDate": "2018-04-06"
      },
      {
        "insertions": 0,
        "deletions": 0,
        "sinceDate": "2018-04-06",
        "untilDate": "2018-04-07"
      },
      {
        "insertions": 0,
        "deletions": 0,
        "sinceDate": "2018-04-07",
        "untilDate": "2018-04-08"
      },
      {
        "insertions": 0,
        "deletions": 0,
        "sinceDate": "2018-04-08",
        "untilDate": "2018-04-09"
      },
      {
        "insertions": 0,
        "deletions": 0,
        "sinceDate": "2018-04-09",
        "untilDate": "2018-04-10"
      },
      {
        "insertions": 0,
        "deletions": 0,
        "sinceDate": "2018-04-10",
        "untilDate": "2018-04-11"
      },
      {
        "insertions": 0,
        "deletions": 0,
        "sinceDate": "2018-04-11",
        "untilDate": "2018-04-12"
      },
      {
        "insertions": 64,
        "deletions": 37,
        "sinceDate": "2018-04-12",
        "untilDate": "2018-04-13"
      },
      {
        "insertions": 37,
        "deletions": 2,
        "sinceDate": "2018-04-13",
        "untilDate": "2018-04-14"
      },
      {
        "insertions": 5,
        "deletions": 209,
        "sinceDate": "2018-04-14",
        "untilDate": "2018-04-15"
      },
      {
        "insertions": 0,
        "deletions": 0,
        "sinceDate": "2018-04-15",
        "untilDate": "2018-04-16"
      }
    ]
  },
  "authorFinalContributionMap": {
    "tzerbin": 597,
    "muruges95": 2562,
    "WJY-norainu": 7424,
    "Damienskt": 1694
  },
  "authorContributionVariance": {
    "tzerbin": 0.0,
    "muruges95": 0.0,
    "WJY-norainu": 151417.34,
    "Damienskt": 1167.0574
  },
  "authorDisplayNameMap": {
    "tzerbin": "NG TZ...R BIN",
    "muruges95": "K MUR...RUGES",
    "WJY-norainu": "WANG ...JINYI",
    "Damienskt": "SIM K...AMIEN"
  }
}
