{
  "authorWeeklyIntervalContributions": {
    "karenfrilya97": [
      {
        "insertions": 75,
        "deletions": 9,
        "sinceDate": "2018-03-05",
        "untilDate": "2018-03-12"
      },
      {
        "insertions": 1273,
        "deletions": 902,
        "sinceDate": "2018-03-12",
        "untilDate": "2018-03-19"
      },
      {
        "insertions": 966,
        "deletions": 1679,
        "sinceDate": "2018-03-19",
        "untilDate": "2018-03-26"
      },
      {
        "insertions": 523,
        "deletions": 307,
        "sinceDate": "2018-03-26",
        "untilDate": "2018-04-02"
      },
      {
        "insertions": 1119,
        "deletions": 712,
        "sinceDate": "2018-04-02",
        "untilDate": "2018-04-09"
      },
      {
        "insertions": 1611,
        "deletions": 887,
        "sinceDate": "2018-04-09",
        "untilDate": "2018-04-16"
      },
      {
        "insertions": 0,
        "deletions": 0,
        "sinceDate": "2018-04-16",
        "untilDate": "2018-04-23"
      }
    ],
    "YuanQLLer": [
      {
        "insertions": 0,
        "deletions": 0,
        "sinceDate": "2018-03-05",
        "untilDate": "2018-03-12"
      },
      {
        "insertions": 4122,
        "deletions": 3952,
        "sinceDate": "2018-03-12",
        "untilDate": "2018-03-19"
      },
      {
        "insertions": 3974,
        "deletions": 4288,
        "sinceDate": "2018-03-19",
        "untilDate": "2018-03-26"
      },
      {
        "insertions": 1059,
        "deletions": 778,
        "sinceDate": "2018-03-26",
        "untilDate": "2018-04-02"
      },
      {
        "insertions": 419,
        "deletions": 202,
        "sinceDate": "2018-04-02",
        "untilDate": "2018-04-09"
      },
      {
        "insertions": 7416,
        "deletions": 3061,
        "sinceDate": "2018-04-09",
        "untilDate": "2018-04-16"
      },
      {
        "insertions": 84,
        "deletions": 27,
        "sinceDate": "2018-04-16",
        "untilDate": "2018-04-23"
      }
    ],
    "Kyomian": [
      {
        "insertions": 28,
        "deletions": 10,
        "sinceDate": "2018-03-05",
        "untilDate": "2018-03-12"
      },
      {
        "insertions": 234,
        "deletions": 251,
        "sinceDate": "2018-03-12",
        "untilDate": "2018-03-19"
      },
      {
        "insertions": 12839,
        "deletions": 12777,
        "sinceDate": "2018-03-19",
        "untilDate": "2018-03-26"
      },
      {
        "insertions": 1775,
        "deletions": 1182,
        "sinceDate": "2018-03-26",
        "untilDate": "2018-04-02"
      },
      {
        "insertions": 5163,
        "deletions": 176,
        "sinceDate": "2018-04-02",
        "untilDate": "2018-04-09"
      },
      {
        "insertions": 1975,
        "deletions": 1340,
        "sinceDate": "2018-04-09",
        "untilDate": "2018-04-16"
      },
      {
        "insertions": 27,
        "deletions": 16,
        "sinceDate": "2018-04-16",
        "untilDate": "2018-04-23"
      }
    ],
    "jasmoon": [
      {
        "insertions": 0,
        "deletions": 0,
        "sinceDate": "2018-03-05",
        "untilDate": "2018-03-12"
      },
      {
        "insertions": 175,
        "deletions": 53,
        "sinceDate": "2018-03-12",
        "untilDate": "2018-03-19"
      },
      {
        "insertions": 289,
        "deletions": 99,
        "sinceDate": "2018-03-19",
        "untilDate": "2018-03-26"
      },
      {
        "insertions": 1363,
        "deletions": 253,
        "sinceDate": "2018-03-26",
        "untilDate": "2018-04-02"
      },
      {
        "insertions": 784,
        "deletions": 466,
        "sinceDate": "2018-04-02",
        "untilDate": "2018-04-09"
      },
      {
        "insertions": 4073,
        "deletions": 1164,
        "sinceDate": "2018-04-09",
        "untilDate": "2018-04-16"
      },
      {
        "insertions": 1,
        "deletions": 2,
        "sinceDate": "2018-04-16",
        "untilDate": "2018-04-23"
      }
    ]
  },
  "authorDailyIntervalContributions": {
    "karenfrilya97": [
      {
        "insertions": 0,
        "deletions": 0,
        "sinceDate": "2018-03-05",
        "untilDate": "2018-03-06"
      },
      {
        "insertions": 74,
        "deletions": 8,
        "sinceDate": "2018-03-06",
        "untilDate": "2018-03-07"
      },
      {
        "insertions": 0,
        "deletions": 0,
        "sinceDate": "2018-03-07",
        "untilDate": "2018-03-08"
      },
      {
        "insertions": 1,
        "deletions": 1,
        "sinceDate": "2018-03-08",
        "untilDate": "2018-03-09"
      },
      {
        "insertions": 0,
        "deletions": 0,
        "sinceDate": "2018-03-09",
        "untilDate": "2018-03-10"
      },
      {
        "insertions": 0,
        "deletions": 0,
        "sinceDate": "2018-03-10",
        "untilDate": "2018-03-11"
      },
      {
        "insertions": 0,
        "deletions": 0,
        "sinceDate": "2018-03-11",
        "untilDate": "2018-03-12"
      },
      {
        "insertions": 0,
        "deletions": 0,
        "sinceDate": "2018-03-12",
        "untilDate": "2018-03-13"
      },
      {
        "insertions": 29,
        "deletions": 14,
        "sinceDate": "2018-03-13",
        "untilDate": "2018-03-14"
      },
      {
        "insertions": 0,
        "deletions": 0,
        "sinceDate": "2018-03-14",
        "untilDate": "2018-03-15"
      },
      {
        "insertions": 0,
        "deletions": 0,
        "sinceDate": "2018-03-15",
        "untilDate": "2018-03-16"
      },
      {
        "insertions": 0,
        "deletions": 0,
        "sinceDate": "2018-03-16",
        "untilDate": "2018-03-17"
      },
      {
        "insertions": 1244,
        "deletions": 888,
        "sinceDate": "2018-03-17",
        "untilDate": "2018-03-18"
      },
      {
        "insertions": 0,
        "deletions": 0,
        "sinceDate": "2018-03-18",
        "untilDate": "2018-03-19"
      },
      {
        "insertions": 28,
        "deletions": 5,
        "sinceDate": "2018-03-19",
        "untilDate": "2018-03-20"
      },
      {
        "insertions": 0,
        "deletions": 0,
        "sinceDate": "2018-03-20",
        "untilDate": "2018-03-21"
      },
      {
        "insertions": 750,
        "deletions": 1513,
        "sinceDate": "2018-03-21",
        "untilDate": "2018-03-22"
      },
      {
        "insertions": 0,
        "deletions": 0,
        "sinceDate": "2018-03-22",
        "untilDate": "2018-03-23"
      },
      {
        "insertions": 0,
        "deletions": 0,
        "sinceDate": "2018-03-23",
        "untilDate": "2018-03-24"
      },
      {
        "insertions": 114,
        "deletions": 112,
        "sinceDate": "2018-03-24",
        "untilDate": "2018-03-25"
      },
      {
        "insertions": 74,
        "deletions": 49,
        "sinceDate": "2018-03-25",
        "untilDate": "2018-03-26"
      },
      {
        "insertions": 516,
        "deletions": 304,
        "sinceDate": "2018-03-26",
        "untilDate": "2018-03-27"
      },
      {
        "insertions": 7,
        "deletions": 3,
        "sinceDate": "2018-03-27",
        "untilDate": "2018-03-28"
      },
      {
        "insertions": 0,
        "deletions": 0,
        "sinceDate": "2018-03-28",
        "untilDate": "2018-03-29"
      },
      {
        "insertions": 0,
        "deletions": 0,
        "sinceDate": "2018-03-29",
        "untilDate": "2018-03-30"
      },
      {
        "insertions": 0,
        "deletions": 0,
        "sinceDate": "2018-03-30",
        "untilDate": "2018-03-31"
      },
      {
        "insertions": 0,
        "deletions": 0,
        "sinceDate": "2018-03-31",
        "untilDate": "2018-04-01"
      },
      {
        "insertions": 0,
        "deletions": 0,
        "sinceDate": "2018-04-01",
        "untilDate": "2018-04-02"
      },
      {
        "insertions": 0,
        "deletions": 0,
        "sinceDate": "2018-04-02",
        "untilDate": "2018-04-03"
      },
      {
        "insertions": 0,
        "deletions": 0,
        "sinceDate": "2018-04-03",
        "untilDate": "2018-04-04"
      },
      {
        "insertions": 158,
        "deletions": 103,
        "sinceDate": "2018-04-04",
        "untilDate": "2018-04-05"
      },
      {
        "insertions": 171,
        "deletions": 56,
        "sinceDate": "2018-04-05",
        "untilDate": "2018-04-06"
      },
      {
        "insertions": 255,
        "deletions": 26,
        "sinceDate": "2018-04-06",
        "untilDate": "2018-04-07"
      },
      {
        "insertions": 112,
        "deletions": 89,
        "sinceDate": "2018-04-07",
        "untilDate": "2018-04-08"
      },
      {
        "insertions": 423,
        "deletions": 438,
        "sinceDate": "2018-04-08",
        "untilDate": "2018-04-09"
      },
      {
        "insertions": 0,
        "deletions": 0,
        "sinceDate": "2018-04-09",
        "untilDate": "2018-04-10"
      },
      {
        "insertions": 212,
        "deletions": 64,
        "sinceDate": "2018-04-10",
        "untilDate": "2018-04-11"
      },
      {
        "insertions": 332,
        "deletions": 95,
        "sinceDate": "2018-04-11",
        "untilDate": "2018-04-12"
      },
      {
        "insertions": 570,
        "deletions": 438,
        "sinceDate": "2018-04-12",
        "untilDate": "2018-04-13"
      },
      {
        "insertions": 27,
        "deletions": 4,
        "sinceDate": "2018-04-13",
        "untilDate": "2018-04-14"
      },
      {
        "insertions": 0,
        "deletions": 0,
        "sinceDate": "2018-04-14",
        "untilDate": "2018-04-15"
      },
      {
        "insertions": 470,
        "deletions": 286,
        "sinceDate": "2018-04-15",
        "untilDate": "2018-04-16"
      },
      {
        "insertions": 0,
        "deletions": 0,
        "sinceDate": "2018-04-16",
        "untilDate": "2018-04-17"
      },
      {
        "insertions": 0,
        "deletions": 0,
        "sinceDate": "2018-04-17",
        "untilDate": "2018-04-18"
      },
      {
        "insertions": 0,
        "deletions": 0,
        "sinceDate": "2018-04-18",
        "untilDate": "2018-04-19"
      },
      {
        "insertions": 0,
        "deletions": 0,
        "sinceDate": "2018-04-19",
        "untilDate": "2018-04-20"
      },
      {
        "insertions": 0,
        "deletions": 0,
        "sinceDate": "2018-04-20",
        "untilDate": "2018-04-21"
      },
      {
        "insertions": 0,
        "deletions": 0,
        "sinceDate": "2018-04-21",
        "untilDate": "2018-04-22"
      },
      {
        "insertions": 0,
        "deletions": 0,
        "sinceDate": "2018-04-22",
        "untilDate": "2018-04-23"
      }
    ],
    "YuanQLLer": [
      {
        "insertions": 0,
        "deletions": 0,
        "sinceDate": "2018-03-05",
        "untilDate": "2018-03-06"
      },
      {
        "insertions": 0,
        "deletions": 0,
        "sinceDate": "2018-03-06",
        "untilDate": "2018-03-07"
      },
      {
        "insertions": 0,
        "deletions": 0,
        "sinceDate": "2018-03-07",
        "untilDate": "2018-03-08"
      },
      {
        "insertions": 0,
        "deletions": 0,
        "sinceDate": "2018-03-08",
        "untilDate": "2018-03-09"
      },
      {
        "insertions": 0,
        "deletions": 0,
        "sinceDate": "2018-03-09",
        "untilDate": "2018-03-10"
      },
      {
        "insertions": 0,
        "deletions": 0,
        "sinceDate": "2018-03-10",
        "untilDate": "2018-03-11"
      },
      {
        "insertions": 0,
        "deletions": 0,
        "sinceDate": "2018-03-11",
        "untilDate": "2018-03-12"
      },
      {
        "insertions": 2209,
        "deletions": 2432,
        "sinceDate": "2018-03-12",
        "untilDate": "2018-03-13"
      },
      {
        "insertions": 0,
        "deletions": 0,
        "sinceDate": "2018-03-13",
        "untilDate": "2018-03-14"
      },
      {
        "insertions": 530,
        "deletions": 529,
        "sinceDate": "2018-03-14",
        "untilDate": "2018-03-15"
      },
      {
        "insertions": 243,
        "deletions": 57,
        "sinceDate": "2018-03-15",
        "untilDate": "2018-03-16"
      },
      {
        "insertions": 279,
        "deletions": 224,
        "sinceDate": "2018-03-16",
        "untilDate": "2018-03-17"
      },
      {
        "insertions": 0,
        "deletions": 0,
        "sinceDate": "2018-03-17",
        "untilDate": "2018-03-18"
      },
      {
        "insertions": 861,
        "deletions": 710,
        "sinceDate": "2018-03-18",
        "untilDate": "2018-03-19"
      },
      {
        "insertions": 2919,
        "deletions": 2728,
        "sinceDate": "2018-03-19",
        "untilDate": "2018-03-20"
      },
      {
        "insertions": 0,
        "deletions": 0,
        "sinceDate": "2018-03-20",
        "untilDate": "2018-03-21"
      },
      {
        "insertions": 1001,
        "deletions": 1527,
        "sinceDate": "2018-03-21",
        "untilDate": "2018-03-22"
      },
      {
        "insertions": 0,
        "deletions": 0,
        "sinceDate": "2018-03-22",
        "untilDate": "2018-03-23"
      },
      {
        "insertions": 39,
        "deletions": 23,
        "sinceDate": "2018-03-23",
        "untilDate": "2018-03-24"
      },
      {
        "insertions": 0,
        "deletions": 0,
        "sinceDate": "2018-03-24",
        "untilDate": "2018-03-25"
      },
      {
        "insertions": 15,
        "deletions": 10,
        "sinceDate": "2018-03-25",
        "untilDate": "2018-03-26"
      },
      {
        "insertions": 0,
        "deletions": 0,
        "sinceDate": "2018-03-26",
        "untilDate": "2018-03-27"
      },
      {
        "insertions": 387,
        "deletions": 313,
        "sinceDate": "2018-03-27",
        "untilDate": "2018-03-28"
      },
      {
        "insertions": 465,
        "deletions": 405,
        "sinceDate": "2018-03-28",
        "untilDate": "2018-03-29"
      },
      {
        "insertions": 0,
        "deletions": 0,
        "sinceDate": "2018-03-29",
        "untilDate": "2018-03-30"
      },
      {
        "insertions": 0,
        "deletions": 0,
        "sinceDate": "2018-03-30",
        "untilDate": "2018-03-31"
      },
      {
        "insertions": 0,
        "deletions": 0,
        "sinceDate": "2018-03-31",
        "untilDate": "2018-04-01"
      },
      {
        "insertions": 207,
        "deletions": 60,
        "sinceDate": "2018-04-01",
        "untilDate": "2018-04-02"
      },
      {
        "insertions": 226,
        "deletions": 31,
        "sinceDate": "2018-04-02",
        "untilDate": "2018-04-03"
      },
      {
        "insertions": 40,
        "deletions": 50,
        "sinceDate": "2018-04-03",
        "untilDate": "2018-04-04"
      },
      {
        "insertions": 82,
        "deletions": 58,
        "sinceDate": "2018-04-04",
        "untilDate": "2018-04-05"
      },
      {
        "insertions": 55,
        "deletions": 56,
        "sinceDate": "2018-04-05",
        "untilDate": "2018-04-06"
      },
      {
        "insertions": 0,
        "deletions": 0,
        "sinceDate": "2018-04-06",
        "untilDate": "2018-04-07"
      },
      {
        "insertions": 0,
        "deletions": 0,
        "sinceDate": "2018-04-07",
        "untilDate": "2018-04-08"
      },
      {
        "insertions": 16,
        "deletions": 7,
        "sinceDate": "2018-04-08",
        "untilDate": "2018-04-09"
      },
      {
        "insertions": 0,
        "deletions": 0,
        "sinceDate": "2018-04-09",
        "untilDate": "2018-04-10"
      },
      {
        "insertions": 146,
        "deletions": 55,
        "sinceDate": "2018-04-10",
        "untilDate": "2018-04-11"
      },
      {
        "insertions": 47,
        "deletions": 833,
        "sinceDate": "2018-04-11",
        "untilDate": "2018-04-12"
      },
      {
        "insertions": 0,
        "deletions": 0,
        "sinceDate": "2018-04-12",
        "untilDate": "2018-04-13"
      },
      {
        "insertions": 0,
        "deletions": 0,
        "sinceDate": "2018-04-13",
        "untilDate": "2018-04-14"
      },
      {
        "insertions": 453,
        "deletions": 210,
        "sinceDate": "2018-04-14",
        "untilDate": "2018-04-15"
      },
      {
        "insertions": 6770,
        "deletions": 1963,
        "sinceDate": "2018-04-15",
        "untilDate": "2018-04-16"
      },
      {
        "insertions": 84,
        "deletions": 27,
        "sinceDate": "2018-04-16",
        "untilDate": "2018-04-17"
      },
      {
        "insertions": 0,
        "deletions": 0,
        "sinceDate": "2018-04-17",
        "untilDate": "2018-04-18"
      },
      {
        "insertions": 0,
        "deletions": 0,
        "sinceDate": "2018-04-18",
        "untilDate": "2018-04-19"
      },
      {
        "insertions": 0,
        "deletions": 0,
        "sinceDate": "2018-04-19",
        "untilDate": "2018-04-20"
      },
      {
        "insertions": 0,
        "deletions": 0,
        "sinceDate": "2018-04-20",
        "untilDate": "2018-04-21"
      },
      {
        "insertions": 0,
        "deletions": 0,
        "sinceDate": "2018-04-21",
        "untilDate": "2018-04-22"
      },
      {
        "insertions": 0,
        "deletions": 0,
        "sinceDate": "2018-04-22",
        "untilDate": "2018-04-23"
      }
    ],
    "Kyomian": [
      {
        "insertions": 2,
        "deletions": 2,
        "sinceDate": "2018-03-05",
        "untilDate": "2018-03-06"
      },
      {
        "insertions": 26,
        "deletions": 8,
        "sinceDate": "2018-03-06",
        "untilDate": "2018-03-07"
      },
      {
        "insertions": 0,
        "deletions": 0,
        "sinceDate": "2018-03-07",
        "untilDate": "2018-03-08"
      },
      {
        "insertions": 0,
        "deletions": 0,
        "sinceDate": "2018-03-08",
        "untilDate": "2018-03-09"
      },
      {
        "insertions": 0,
        "deletions": 0,
        "sinceDate": "2018-03-09",
        "untilDate": "2018-03-10"
      },
      {
        "insertions": 0,
        "deletions": 0,
        "sinceDate": "2018-03-10",
        "untilDate": "2018-03-11"
      },
      {
        "insertions": 0,
        "deletions": 0,
        "sinceDate": "2018-03-11",
        "untilDate": "2018-03-12"
      },
      {
        "insertions": 4,
        "deletions": 4,
        "sinceDate": "2018-03-12",
        "untilDate": "2018-03-13"
      },
      {
        "insertions": 88,
        "deletions": 99,
        "sinceDate": "2018-03-13",
        "untilDate": "2018-03-14"
      },
      {
        "insertions": 0,
        "deletions": 0,
        "sinceDate": "2018-03-14",
        "untilDate": "2018-03-15"
      },
      {
        "insertions": 0,
        "deletions": 0,
        "sinceDate": "2018-03-15",
        "untilDate": "2018-03-16"
      },
      {
        "insertions": 106,
        "deletions": 124,
        "sinceDate": "2018-03-16",
        "untilDate": "2018-03-17"
      },
      {
        "insertions": 0,
        "deletions": 0,
        "sinceDate": "2018-03-17",
        "untilDate": "2018-03-18"
      },
      {
        "insertions": 36,
        "deletions": 24,
        "sinceDate": "2018-03-18",
        "untilDate": "2018-03-19"
      },
      {
        "insertions": 1387,
        "deletions": 10810,
        "sinceDate": "2018-03-19",
        "untilDate": "2018-03-20"
      },
      {
        "insertions": 9473,
        "deletions": 57,
        "sinceDate": "2018-03-20",
        "untilDate": "2018-03-21"
      },
      {
        "insertions": 1936,
        "deletions": 1889,
        "sinceDate": "2018-03-21",
        "untilDate": "2018-03-22"
      },
      {
        "insertions": 0,
        "deletions": 0,
        "sinceDate": "2018-03-22",
        "untilDate": "2018-03-23"
      },
      {
        "insertions": 0,
        "deletions": 0,
        "sinceDate": "2018-03-23",
        "untilDate": "2018-03-24"
      },
      {
        "insertions": 0,
        "deletions": 0,
        "sinceDate": "2018-03-24",
        "untilDate": "2018-03-25"
      },
      {
        "insertions": 43,
        "deletions": 21,
        "sinceDate": "2018-03-25",
        "untilDate": "2018-03-26"
      },
      {
        "insertions": 3,
        "deletions": 1,
        "sinceDate": "2018-03-26",
        "untilDate": "2018-03-27"
      },
      {
        "insertions": 623,
        "deletions": 243,
        "sinceDate": "2018-03-27",
        "untilDate": "2018-03-28"
      },
      {
        "insertions": 47,
        "deletions": 58,
        "sinceDate": "2018-03-28",
        "untilDate": "2018-03-29"
      },
      {
        "insertions": 0,
        "deletions": 0,
        "sinceDate": "2018-03-29",
        "untilDate": "2018-03-30"
      },
      {
        "insertions": 0,
        "deletions": 0,
        "sinceDate": "2018-03-30",
        "untilDate": "2018-03-31"
      },
      {
        "insertions": 0,
        "deletions": 0,
        "sinceDate": "2018-03-31",
        "untilDate": "2018-04-01"
      },
      {
        "insertions": 1102,
        "deletions": 880,
        "sinceDate": "2018-04-01",
        "untilDate": "2018-04-02"
      },
      {
        "insertions": 0,
        "deletions": 0,
        "sinceDate": "2018-04-02",
        "untilDate": "2018-04-03"
      },
      {
        "insertions": 154,
        "deletions": 98,
        "sinceDate": "2018-04-03",
        "untilDate": "2018-04-04"
      },
      {
        "insertions": 4776,
        "deletions": 56,
        "sinceDate": "2018-04-04",
        "untilDate": "2018-04-05"
      },
      {
        "insertions": 42,
        "deletions": 0,
        "sinceDate": "2018-04-05",
        "untilDate": "2018-04-06"
      },
      {
        "insertions": 6,
        "deletions": 6,
        "sinceDate": "2018-04-06",
        "untilDate": "2018-04-07"
      },
      {
        "insertions": 0,
        "deletions": 0,
        "sinceDate": "2018-04-07",
        "untilDate": "2018-04-08"
      },
      {
        "insertions": 185,
        "deletions": 16,
        "sinceDate": "2018-04-08",
        "untilDate": "2018-04-09"
      },
      {
        "insertions": 0,
        "deletions": 0,
        "sinceDate": "2018-04-09",
        "untilDate": "2018-04-10"
      },
      {
        "insertions": 0,
        "deletions": 0,
        "sinceDate": "2018-04-10",
        "untilDate": "2018-04-11"
      },
      {
        "insertions": 365,
        "deletions": 54,
        "sinceDate": "2018-04-11",
        "untilDate": "2018-04-12"
      },
      {
        "insertions": 0,
        "deletions": 0,
        "sinceDate": "2018-04-12",
        "untilDate": "2018-04-13"
      },
      {
        "insertions": 0,
        "deletions": 0,
        "sinceDate": "2018-04-13",
        "untilDate": "2018-04-14"
      },
      {
        "insertions": 1312,
        "deletions": 1167,
        "sinceDate": "2018-04-14",
        "untilDate": "2018-04-15"
      },
      {
        "insertions": 298,
        "deletions": 119,
        "sinceDate": "2018-04-15",
        "untilDate": "2018-04-16"
      },
      {
        "insertions": 27,
        "deletions": 16,
        "sinceDate": "2018-04-16",
        "untilDate": "2018-04-17"
      },
      {
        "insertions": 0,
        "deletions": 0,
        "sinceDate": "2018-04-17",
        "untilDate": "2018-04-18"
      },
      {
        "insertions": 0,
        "deletions": 0,
        "sinceDate": "2018-04-18",
        "untilDate": "2018-04-19"
      },
      {
        "insertions": 0,
        "deletions": 0,
        "sinceDate": "2018-04-19",
        "untilDate": "2018-04-20"
      },
      {
        "insertions": 0,
        "deletions": 0,
        "sinceDate": "2018-04-20",
        "untilDate": "2018-04-21"
      },
      {
        "insertions": 0,
        "deletions": 0,
        "sinceDate": "2018-04-21",
        "untilDate": "2018-04-22"
      },
      {
        "insertions": 0,
        "deletions": 0,
        "sinceDate": "2018-04-22",
        "untilDate": "2018-04-23"
      }
    ],
    "jasmoon": [
      {
        "insertions": 0,
        "deletions": 0,
        "sinceDate": "2018-03-05",
        "untilDate": "2018-03-06"
      },
      {
        "insertions": 0,
        "deletions": 0,
        "sinceDate": "2018-03-06",
        "untilDate": "2018-03-07"
      },
      {
        "insertions": 0,
        "deletions": 0,
        "sinceDate": "2018-03-07",
        "untilDate": "2018-03-08"
      },
      {
        "insertions": 0,
        "deletions": 0,
        "sinceDate": "2018-03-08",
        "untilDate": "2018-03-09"
      },
      {
        "insertions": 0,
        "deletions": 0,
        "sinceDate": "2018-03-09",
        "untilDate": "2018-03-10"
      },
      {
        "insertions": 0,
        "deletions": 0,
        "sinceDate": "2018-03-10",
        "untilDate": "2018-03-11"
      },
      {
        "insertions": 0,
        "deletions": 0,
        "sinceDate": "2018-03-11",
        "untilDate": "2018-03-12"
      },
      {
        "insertions": 0,
        "deletions": 0,
        "sinceDate": "2018-03-12",
        "untilDate": "2018-03-13"
      },
      {
        "insertions": 0,
        "deletions": 0,
        "sinceDate": "2018-03-13",
        "untilDate": "2018-03-14"
      },
      {
        "insertions": 0,
        "deletions": 0,
        "sinceDate": "2018-03-14",
        "untilDate": "2018-03-15"
      },
      {
        "insertions": 158,
        "deletions": 42,
        "sinceDate": "2018-03-15",
        "untilDate": "2018-03-16"
      },
      {
        "insertions": 17,
        "deletions": 11,
        "sinceDate": "2018-03-16",
        "untilDate": "2018-03-17"
      },
      {
        "insertions": 0,
        "deletions": 0,
        "sinceDate": "2018-03-17",
        "untilDate": "2018-03-18"
      },
      {
        "insertions": 0,
        "deletions": 0,
        "sinceDate": "2018-03-18",
        "untilDate": "2018-03-19"
      },
      {
        "insertions": 155,
        "deletions": 67,
        "sinceDate": "2018-03-19",
        "untilDate": "2018-03-20"
      },
      {
        "insertions": 77,
        "deletions": 29,
        "sinceDate": "2018-03-20",
        "untilDate": "2018-03-21"
      },
      {
        "insertions": 3,
        "deletions": 3,
        "sinceDate": "2018-03-21",
        "untilDate": "2018-03-22"
      },
      {
        "insertions": 0,
        "deletions": 0,
        "sinceDate": "2018-03-22",
        "untilDate": "2018-03-23"
      },
      {
        "insertions": 0,
        "deletions": 0,
        "sinceDate": "2018-03-23",
        "untilDate": "2018-03-24"
      },
      {
        "insertions": 0,
        "deletions": 0,
        "sinceDate": "2018-03-24",
        "untilDate": "2018-03-25"
      },
      {
        "insertions": 54,
        "deletions": 0,
        "sinceDate": "2018-03-25",
        "untilDate": "2018-03-26"
      },
      {
        "insertions": 47,
        "deletions": 4,
        "sinceDate": "2018-03-26",
        "untilDate": "2018-03-27"
      },
      {
        "insertions": 425,
        "deletions": 47,
        "sinceDate": "2018-03-27",
        "untilDate": "2018-03-28"
      },
      {
        "insertions": 291,
        "deletions": 34,
        "sinceDate": "2018-03-28",
        "untilDate": "2018-03-29"
      },
      {
        "insertions": 0,
        "deletions": 0,
        "sinceDate": "2018-03-29",
        "untilDate": "2018-03-30"
      },
      {
        "insertions": 37,
        "deletions": 14,
        "sinceDate": "2018-03-30",
        "untilDate": "2018-03-31"
      },
      {
        "insertions": 0,
        "deletions": 0,
        "sinceDate": "2018-03-31",
        "untilDate": "2018-04-01"
      },
      {
        "insertions": 563,
        "deletions": 154,
        "sinceDate": "2018-04-01",
        "untilDate": "2018-04-02"
      },
      {
        "insertions": 125,
        "deletions": 59,
        "sinceDate": "2018-04-02",
        "untilDate": "2018-04-03"
      },
      {
        "insertions": 257,
        "deletions": 42,
        "sinceDate": "2018-04-03",
        "untilDate": "2018-04-04"
      },
      {
        "insertions": 66,
        "deletions": 207,
        "sinceDate": "2018-04-04",
        "untilDate": "2018-04-05"
      },
      {
        "insertions": 0,
        "deletions": 0,
        "sinceDate": "2018-04-05",
        "untilDate": "2018-04-06"
      },
      {
        "insertions": 239,
        "deletions": 105,
        "sinceDate": "2018-04-06",
        "untilDate": "2018-04-07"
      },
      {
        "insertions": 65,
        "deletions": 19,
        "sinceDate": "2018-04-07",
        "untilDate": "2018-04-08"
      },
      {
        "insertions": 32,
        "deletions": 34,
        "sinceDate": "2018-04-08",
        "untilDate": "2018-04-09"
      },
      {
        "insertions": 0,
        "deletions": 0,
        "sinceDate": "2018-04-09",
        "untilDate": "2018-04-10"
      },
      {
        "insertions": 0,
        "deletions": 0,
        "sinceDate": "2018-04-10",
        "untilDate": "2018-04-11"
      },
      {
        "insertions": 1420,
        "deletions": 492,
        "sinceDate": "2018-04-11",
        "untilDate": "2018-04-12"
      },
      {
        "insertions": 0,
        "deletions": 0,
        "sinceDate": "2018-04-12",
        "untilDate": "2018-04-13"
      },
      {
        "insertions": 0,
        "deletions": 0,
        "sinceDate": "2018-04-13",
        "untilDate": "2018-04-14"
      },
      {
        "insertions": 0,
        "deletions": 0,
        "sinceDate": "2018-04-14",
        "untilDate": "2018-04-15"
      },
      {
        "insertions": 2653,
        "deletions": 672,
        "sinceDate": "2018-04-15",
        "untilDate": "2018-04-16"
      },
      {
        "insertions": 0,
        "deletions": 0,
        "sinceDate": "2018-04-16",
        "untilDate": "2018-04-17"
      },
      {
        "insertions": 0,
        "deletions": 0,
        "sinceDate": "2018-04-17",
        "untilDate": "2018-04-18"
      },
      {
        "insertions": 0,
        "deletions": 0,
        "sinceDate": "2018-04-18",
        "untilDate": "2018-04-19"
      },
      {
        "insertions": 0,
        "deletions": 0,
        "sinceDate": "2018-04-19",
        "untilDate": "2018-04-20"
      },
      {
        "insertions": 0,
        "deletions": 0,
        "sinceDate": "2018-04-20",
        "untilDate": "2018-04-21"
      },
      {
        "insertions": 0,
        "deletions": 0,
        "sinceDate": "2018-04-21",
        "untilDate": "2018-04-22"
      },
      {
        "insertions": 1,
        "deletions": 2,
        "sinceDate": "2018-04-22",
        "untilDate": "2018-04-23"
      }
    ]
  },
  "authorFinalContributionMap": {
    "karenfrilya97": 3116,
    "YuanQLLer": 9234,
    "Kyomian": 5341,
    "jasmoon": 4546
  },
  "authorContributionVariance": {
    "karenfrilya97": 228076.61,
    "YuanQLLer": 2552931.5,
    "Kyomian": 5302163.5,
    "jasmoon": 294660.25
  },
  "authorDisplayNameMap": {
    "karenfrilya97": "KAREN...ELINE",
    "YuanQLLer": "YUAN ... QUAN",
    "Kyomian": "CHOO ...RRETT",
    "jasmoon": "TOH J...SMUND"
  }
}
