{
  "authorWeeklyIntervalContributions": {
    "dlworldpeace": [
      {
        "insertions": 0,
        "deletions": 1,
        "sinceDate": "2018-09-19",
        "untilDate": "2018-09-26"
      },
      {
        "insertions": 0,
        "deletions": 0,
        "sinceDate": "2018-09-26",
        "untilDate": "2018-10-03"
      },
      {
        "insertions": 5212,
        "deletions": 5080,
        "sinceDate": "2018-10-03",
        "untilDate": "2018-10-10"
      },
      {
        "insertions": 59,
        "deletions": 46,
        "sinceDate": "2018-10-10",
        "untilDate": "2018-10-17"
      },
      {
        "insertions": 184,
        "deletions": 62,
        "sinceDate": "2018-10-17",
        "untilDate": "2018-10-24"
      },
      {
        "insertions": 275,
        "deletions": 41,
        "sinceDate": "2018-10-24",
        "untilDate": "2018-10-31"
      },
      {
        "insertions": 590,
        "deletions": 91,
        "sinceDate": "2018-10-31",
        "untilDate": "2018-11-07"
      },
      {
        "insertions": 1622,
        "deletions": 498,
        "sinceDate": "2018-11-07",
        "untilDate": "2018-11-14"
      }
    ],
    "Lexzt": [
      {
        "insertions": 0,
        "deletions": 0,
        "sinceDate": "2018-09-19",
        "untilDate": "2018-09-26"
      },
      {
        "insertions": 1852,
        "deletions": 817,
        "sinceDate": "2018-09-26",
        "untilDate": "2018-10-03"
      },
      {
        "insertions": 3868,
        "deletions": 2315,
        "sinceDate": "2018-10-03",
        "untilDate": "2018-10-10"
      },
      {
        "insertions": 351,
        "deletions": 1807,
        "sinceDate": "2018-10-10",
        "untilDate": "2018-10-17"
      },
      {
        "insertions": 348,
        "deletions": 3092,
        "sinceDate": "2018-10-17",
        "untilDate": "2018-10-24"
      },
      {
        "insertions": 1042,
        "deletions": 482,
        "sinceDate": "2018-10-24",
        "untilDate": "2018-10-31"
      },
      {
        "insertions": 2455,
        "deletions": 956,
        "sinceDate": "2018-10-31",
        "untilDate": "2018-11-07"
      },
      {
        "insertions": 1413,
        "deletions": 732,
        "sinceDate": "2018-11-07",
        "untilDate": "2018-11-14"
      }
    ],
    "Alvinnyk": [
      {
        "insertions": 0,
        "deletions": 0,
        "sinceDate": "2018-09-19",
        "untilDate": "2018-09-26"
      },
      {
        "insertions": 0,
        "deletions": 0,
        "sinceDate": "2018-09-26",
        "untilDate": "2018-10-03"
      },
      {
        "insertions": 74,
        "deletions": 43,
        "sinceDate": "2018-10-03",
        "untilDate": "2018-10-10"
      },
      {
        "insertions": 0,
        "deletions": 0,
        "sinceDate": "2018-10-10",
        "untilDate": "2018-10-17"
      },
      {
        "insertions": 0,
        "deletions": 0,
        "sinceDate": "2018-10-17",
        "untilDate": "2018-10-24"
      },
      {
        "insertions": 0,
        "deletions": 0,
        "sinceDate": "2018-10-24",
        "untilDate": "2018-10-31"
      },
      {
        "insertions": 0,
        "deletions": 0,
        "sinceDate": "2018-10-31",
        "untilDate": "2018-11-07"
      },
      {
        "insertions": 0,
        "deletions": 0,
        "sinceDate": "2018-11-07",
        "untilDate": "2018-11-14"
      }
    ],
    "YurouTang": [
      {
        "insertions": 0,
        "deletions": 0,
        "sinceDate": "2018-09-19",
        "untilDate": "2018-09-26"
      },
      {
        "insertions": 203,
        "deletions": 186,
        "sinceDate": "2018-09-26",
        "untilDate": "2018-10-03"
      },
      {
        "insertions": 113,
        "deletions": 46,
        "sinceDate": "2018-10-03",
        "untilDate": "2018-10-10"
      },
      {
        "insertions": 222,
        "deletions": 100,
        "sinceDate": "2018-10-10",
        "untilDate": "2018-10-17"
      },
      {
        "insertions": 436,
        "deletions": 376,
        "sinceDate": "2018-10-17",
        "untilDate": "2018-10-24"
      },
      {
        "insertions": 723,
        "deletions": 276,
        "sinceDate": "2018-10-24",
        "untilDate": "2018-10-31"
      },
      {
        "insertions": 1981,
        "deletions": 284,
        "sinceDate": "2018-10-31",
        "untilDate": "2018-11-07"
      },
      {
        "insertions": 1213,
        "deletions": 1235,
        "sinceDate": "2018-11-07",
        "untilDate": "2018-11-14"
      }
    ],
    "ZhuanYu": [
      {
        "insertions": 0,
        "deletions": 0,
        "sinceDate": "2018-09-19",
        "untilDate": "2018-09-26"
      },
      {
        "insertions": 3271,
        "deletions": 3441,
        "sinceDate": "2018-09-26",
        "untilDate": "2018-10-03"
      },
      {
        "insertions": 1128,
        "deletions": 10386,
        "sinceDate": "2018-10-03",
        "untilDate": "2018-10-10"
      },
      {
        "insertions": 823,
        "deletions": 795,
        "sinceDate": "2018-10-10",
        "untilDate": "2018-10-17"
      },
      {
        "insertions": 1262,
        "deletions": 746,
        "sinceDate": "2018-10-17",
        "untilDate": "2018-10-24"
      },
      {
        "insertions": 3114,
        "deletions": 3262,
        "sinceDate": "2018-10-24",
        "untilDate": "2018-10-31"
      },
      {
        "insertions": 5760,
        "deletions": 2540,
        "sinceDate": "2018-10-31",
        "untilDate": "2018-11-07"
      },
      {
        "insertions": 2113,
        "deletions": 1307,
        "sinceDate": "2018-11-07",
        "untilDate": "2018-11-14"
      }
    ]
  },
  "authorDailyIntervalContributions": {
    "dlworldpeace": [
      {
        "insertions": 0,
        "deletions": 1,
        "sinceDate": "2018-09-19",
        "untilDate": "2018-09-20"
      },
      {
        "insertions": 0,
        "deletions": 0,
        "sinceDate": "2018-09-20",
        "untilDate": "2018-09-21"
      },
      {
        "insertions": 0,
        "deletions": 0,
        "sinceDate": "2018-09-21",
        "untilDate": "2018-09-22"
      },
      {
        "insertions": 0,
        "deletions": 0,
        "sinceDate": "2018-09-22",
        "untilDate": "2018-09-23"
      },
      {
        "insertions": 0,
        "deletions": 0,
        "sinceDate": "2018-09-23",
        "untilDate": "2018-09-24"
      },
      {
        "insertions": 0,
        "deletions": 0,
        "sinceDate": "2018-09-24",
        "untilDate": "2018-09-25"
      },
      {
        "insertions": 0,
        "deletions": 0,
        "sinceDate": "2018-09-25",
        "untilDate": "2018-09-26"
      },
      {
        "insertions": 0,
        "deletions": 0,
        "sinceDate": "2018-09-26",
        "untilDate": "2018-09-27"
      },
      {
        "insertions": 0,
        "deletions": 0,
        "sinceDate": "2018-09-27",
        "untilDate": "2018-09-28"
      },
      {
        "insertions": 0,
        "deletions": 0,
        "sinceDate": "2018-09-28",
        "untilDate": "2018-09-29"
      },
      {
        "insertions": 0,
        "deletions": 0,
        "sinceDate": "2018-09-29",
        "untilDate": "2018-09-30"
      },
      {
        "insertions": 0,
        "deletions": 0,
        "sinceDate": "2018-09-30",
        "untilDate": "2018-10-01"
      },
      {
        "insertions": 0,
        "deletions": 0,
        "sinceDate": "2018-10-01",
        "untilDate": "2018-10-02"
      },
      {
        "insertions": 0,
        "deletions": 0,
        "sinceDate": "2018-10-02",
        "untilDate": "2018-10-03"
      },
      {
        "insertions": 5212,
        "deletions": 5080,
        "sinceDate": "2018-10-03",
        "untilDate": "2018-10-04"
      },
      {
        "insertions": 0,
        "deletions": 0,
        "sinceDate": "2018-10-04",
        "untilDate": "2018-10-05"
      },
      {
        "insertions": 0,
        "deletions": 0,
        "sinceDate": "2018-10-05",
        "untilDate": "2018-10-06"
      },
      {
        "insertions": 0,
        "deletions": 0,
        "sinceDate": "2018-10-06",
        "untilDate": "2018-10-07"
      },
      {
        "insertions": 0,
        "deletions": 0,
        "sinceDate": "2018-10-07",
        "untilDate": "2018-10-08"
      },
      {
        "insertions": 0,
        "deletions": 0,
        "sinceDate": "2018-10-08",
        "untilDate": "2018-10-09"
      },
      {
        "insertions": 0,
        "deletions": 0,
        "sinceDate": "2018-10-09",
        "untilDate": "2018-10-10"
      },
      {
        "insertions": 0,
        "deletions": 0,
        "sinceDate": "2018-10-10",
        "untilDate": "2018-10-11"
      },
      {
        "insertions": 0,
        "deletions": 0,
        "sinceDate": "2018-10-11",
        "untilDate": "2018-10-12"
      },
      {
        "insertions": 0,
        "deletions": 0,
        "sinceDate": "2018-10-12",
        "untilDate": "2018-10-13"
      },
      {
        "insertions": 0,
        "deletions": 0,
        "sinceDate": "2018-10-13",
        "untilDate": "2018-10-14"
      },
      {
        "insertions": 0,
        "deletions": 0,
        "sinceDate": "2018-10-14",
        "untilDate": "2018-10-15"
      },
      {
        "insertions": 0,
        "deletions": 0,
        "sinceDate": "2018-10-15",
        "untilDate": "2018-10-16"
      },
      {
        "insertions": 59,
        "deletions": 46,
        "sinceDate": "2018-10-16",
        "untilDate": "2018-10-17"
      },
      {
        "insertions": 59,
        "deletions": 16,
        "sinceDate": "2018-10-17",
        "untilDate": "2018-10-18"
      },
      {
        "insertions": 60,
        "deletions": 19,
        "sinceDate": "2018-10-18",
        "untilDate": "2018-10-19"
      },
      {
        "insertions": 64,
        "deletions": 26,
        "sinceDate": "2018-10-19",
        "untilDate": "2018-10-20"
      },
      {
        "insertions": 0,
        "deletions": 0,
        "sinceDate": "2018-10-20",
        "untilDate": "2018-10-21"
      },
      {
        "insertions": 0,
        "deletions": 0,
        "sinceDate": "2018-10-21",
        "untilDate": "2018-10-22"
      },
      {
        "insertions": 0,
        "deletions": 0,
        "sinceDate": "2018-10-22",
        "untilDate": "2018-10-23"
      },
      {
        "insertions": 1,
        "deletions": 1,
        "sinceDate": "2018-10-23",
        "untilDate": "2018-10-24"
      },
      {
        "insertions": 183,
        "deletions": 31,
        "sinceDate": "2018-10-24",
        "untilDate": "2018-10-25"
      },
      {
        "insertions": 0,
        "deletions": 0,
        "sinceDate": "2018-10-25",
        "untilDate": "2018-10-26"
      },
      {
        "insertions": 0,
        "deletions": 0,
        "sinceDate": "2018-10-26",
        "untilDate": "2018-10-27"
      },
      {
        "insertions": 0,
        "deletions": 0,
        "sinceDate": "2018-10-27",
        "untilDate": "2018-10-28"
      },
      {
        "insertions": 0,
        "deletions": 0,
        "sinceDate": "2018-10-28",
        "untilDate": "2018-10-29"
      },
      {
        "insertions": 87,
        "deletions": 5,
        "sinceDate": "2018-10-29",
        "untilDate": "2018-10-30"
      },
      {
        "insertions": 5,
        "deletions": 5,
        "sinceDate": "2018-10-30",
        "untilDate": "2018-10-31"
      },
      {
        "insertions": 119,
        "deletions": 64,
        "sinceDate": "2018-10-31",
        "untilDate": "2018-11-01"
      },
      {
        "insertions": 471,
        "deletions": 27,
        "sinceDate": "2018-11-01",
        "untilDate": "2018-11-02"
      },
      {
        "insertions": 0,
        "deletions": 0,
        "sinceDate": "2018-11-02",
        "untilDate": "2018-11-03"
      },
      {
        "insertions": 0,
        "deletions": 0,
        "sinceDate": "2018-11-03",
        "untilDate": "2018-11-04"
      },
      {
        "insertions": 0,
        "deletions": 0,
        "sinceDate": "2018-11-04",
        "untilDate": "2018-11-05"
      },
      {
        "insertions": 0,
        "deletions": 0,
        "sinceDate": "2018-11-05",
        "untilDate": "2018-11-06"
      },
      {
        "insertions": 0,
        "deletions": 0,
        "sinceDate": "2018-11-06",
        "untilDate": "2018-11-07"
      },
      {
        "insertions": 1014,
        "deletions": 192,
        "sinceDate": "2018-11-07",
        "untilDate": "2018-11-08"
      },
      {
        "insertions": 0,
        "deletions": 0,
        "sinceDate": "2018-11-08",
        "untilDate": "2018-11-09"
      },
      {
        "insertions": 82,
        "deletions": 36,
        "sinceDate": "2018-11-09",
        "untilDate": "2018-11-10"
      },
      {
        "insertions": 0,
        "deletions": 0,
        "sinceDate": "2018-11-10",
        "untilDate": "2018-11-11"
      },
      {
        "insertions": 113,
        "deletions": 68,
        "sinceDate": "2018-11-11",
        "untilDate": "2018-11-12"
      },
      {
        "insertions": 318,
        "deletions": 154,
        "sinceDate": "2018-11-12",
        "untilDate": "2018-11-13"
      },
      {
        "insertions": 95,
        "deletions": 48,
        "sinceDate": "2018-11-13",
        "untilDate": "2018-11-14"
      }
    ],
    "Lexzt": [
      {
        "insertions": 0,
        "deletions": 0,
        "sinceDate": "2018-09-19",
        "untilDate": "2018-09-20"
      },
      {
        "insertions": 0,
        "deletions": 0,
        "sinceDate": "2018-09-20",
        "untilDate": "2018-09-21"
      },
      {
        "insertions": 0,
        "deletions": 0,
        "sinceDate": "2018-09-21",
        "untilDate": "2018-09-22"
      },
      {
        "insertions": 0,
        "deletions": 0,
        "sinceDate": "2018-09-22",
        "untilDate": "2018-09-23"
      },
      {
        "insertions": 0,
        "deletions": 0,
        "sinceDate": "2018-09-23",
        "untilDate": "2018-09-24"
      },
      {
        "insertions": 0,
        "deletions": 0,
        "sinceDate": "2018-09-24",
        "untilDate": "2018-09-25"
      },
      {
        "insertions": 0,
        "deletions": 0,
        "sinceDate": "2018-09-25",
        "untilDate": "2018-09-26"
      },
      {
        "insertions": 0,
        "deletions": 0,
        "sinceDate": "2018-09-26",
        "untilDate": "2018-09-27"
      },
      {
        "insertions": 0,
        "deletions": 0,
        "sinceDate": "2018-09-27",
        "untilDate": "2018-09-28"
      },
      {
        "insertions": 0,
        "deletions": 0,
        "sinceDate": "2018-09-28",
        "untilDate": "2018-09-29"
      },
      {
        "insertions": 0,
        "deletions": 0,
        "sinceDate": "2018-09-29",
        "untilDate": "2018-09-30"
      },
      {
        "insertions": 1320,
        "deletions": 791,
        "sinceDate": "2018-09-30",
        "untilDate": "2018-10-01"
      },
      {
        "insertions": 231,
        "deletions": 13,
        "sinceDate": "2018-10-01",
        "untilDate": "2018-10-02"
      },
      {
        "insertions": 301,
        "deletions": 13,
        "sinceDate": "2018-10-02",
        "untilDate": "2018-10-03"
      },
      {
        "insertions": 66,
        "deletions": 25,
        "sinceDate": "2018-10-03",
        "untilDate": "2018-10-04"
      },
      {
        "insertions": 3802,
        "deletions": 2290,
        "sinceDate": "2018-10-04",
        "untilDate": "2018-10-05"
      },
      {
        "insertions": 0,
        "deletions": 0,
        "sinceDate": "2018-10-05",
        "untilDate": "2018-10-06"
      },
      {
        "insertions": 0,
        "deletions": 0,
        "sinceDate": "2018-10-06",
        "untilDate": "2018-10-07"
      },
      {
        "insertions": 0,
        "deletions": 0,
        "sinceDate": "2018-10-07",
        "untilDate": "2018-10-08"
      },
      {
        "insertions": 0,
        "deletions": 0,
        "sinceDate": "2018-10-08",
        "untilDate": "2018-10-09"
      },
      {
        "insertions": 0,
        "deletions": 0,
        "sinceDate": "2018-10-09",
        "untilDate": "2018-10-10"
      },
      {
        "insertions": 0,
        "deletions": 0,
        "sinceDate": "2018-10-10",
        "untilDate": "2018-10-11"
      },
      {
        "insertions": 267,
        "deletions": 1777,
        "sinceDate": "2018-10-11",
        "untilDate": "2018-10-12"
      },
      {
        "insertions": 0,
        "deletions": 0,
        "sinceDate": "2018-10-12",
        "untilDate": "2018-10-13"
      },
      {
        "insertions": 0,
        "deletions": 0,
        "sinceDate": "2018-10-13",
        "untilDate": "2018-10-14"
      },
      {
        "insertions": 15,
        "deletions": 2,
        "sinceDate": "2018-10-14",
        "untilDate": "2018-10-15"
      },
      {
        "insertions": 0,
        "deletions": 0,
        "sinceDate": "2018-10-15",
        "untilDate": "2018-10-16"
      },
      {
        "insertions": 69,
        "deletions": 28,
        "sinceDate": "2018-10-16",
        "untilDate": "2018-10-17"
      },
      {
        "insertions": 333,
        "deletions": 3077,
        "sinceDate": "2018-10-17",
        "untilDate": "2018-10-18"
      },
      {
        "insertions": 15,
        "deletions": 15,
        "sinceDate": "2018-10-18",
        "untilDate": "2018-10-19"
      },
      {
        "insertions": 0,
        "deletions": 0,
        "sinceDate": "2018-10-19",
        "untilDate": "2018-10-20"
      },
      {
        "insertions": 0,
        "deletions": 0,
        "sinceDate": "2018-10-20",
        "untilDate": "2018-10-21"
      },
      {
        "insertions": 0,
        "deletions": 0,
        "sinceDate": "2018-10-21",
        "untilDate": "2018-10-22"
      },
      {
        "insertions": 0,
        "deletions": 0,
        "sinceDate": "2018-10-22",
        "untilDate": "2018-10-23"
      },
      {
        "insertions": 0,
        "deletions": 0,
        "sinceDate": "2018-10-23",
        "untilDate": "2018-10-24"
      },
      {
        "insertions": 276,
        "deletions": 185,
        "sinceDate": "2018-10-24",
        "untilDate": "2018-10-25"
      },
      {
        "insertions": 0,
        "deletions": 0,
        "sinceDate": "2018-10-25",
        "untilDate": "2018-10-26"
      },
      {
        "insertions": 0,
        "deletions": 0,
        "sinceDate": "2018-10-26",
        "untilDate": "2018-10-27"
      },
      {
        "insertions": 0,
        "deletions": 0,
        "sinceDate": "2018-10-27",
        "untilDate": "2018-10-28"
      },
      {
        "insertions": 0,
        "deletions": 0,
        "sinceDate": "2018-10-28",
        "untilDate": "2018-10-29"
      },
      {
        "insertions": 367,
        "deletions": 21,
        "sinceDate": "2018-10-29",
        "untilDate": "2018-10-30"
      },
      {
        "insertions": 399,
        "deletions": 276,
        "sinceDate": "2018-10-30",
        "untilDate": "2018-10-31"
      },
      {
        "insertions": 759,
        "deletions": 173,
        "sinceDate": "2018-10-31",
        "untilDate": "2018-11-01"
      },
      {
        "insertions": 82,
        "deletions": 271,
        "sinceDate": "2018-11-01",
        "untilDate": "2018-11-02"
      },
      {
        "insertions": 5,
        "deletions": 1,
        "sinceDate": "2018-11-02",
        "untilDate": "2018-11-03"
      },
      {
        "insertions": 1021,
        "deletions": 329,
        "sinceDate": "2018-11-03",
        "untilDate": "2018-11-04"
      },
      {
        "insertions": 584,
        "deletions": 180,
        "sinceDate": "2018-11-04",
        "untilDate": "2018-11-05"
      },
      {
        "insertions": 4,
        "deletions": 2,
        "sinceDate": "2018-11-05",
        "untilDate": "2018-11-06"
      },
      {
        "insertions": 0,
        "deletions": 0,
        "sinceDate": "2018-11-06",
        "untilDate": "2018-11-07"
      },
      {
        "insertions": 99,
        "deletions": 96,
        "sinceDate": "2018-11-07",
        "untilDate": "2018-11-08"
      },
      {
        "insertions": 1168,
        "deletions": 590,
        "sinceDate": "2018-11-08",
        "untilDate": "2018-11-09"
      },
      {
        "insertions": 0,
        "deletions": 0,
        "sinceDate": "2018-11-09",
        "untilDate": "2018-11-10"
      },
      {
        "insertions": 0,
        "deletions": 0,
        "sinceDate": "2018-11-10",
        "untilDate": "2018-11-11"
      },
      {
        "insertions": 0,
        "deletions": 0,
        "sinceDate": "2018-11-11",
        "untilDate": "2018-11-12"
      },
      {
        "insertions": 146,
        "deletions": 46,
        "sinceDate": "2018-11-12",
        "untilDate": "2018-11-13"
      },
      {
        "insertions": 0,
        "deletions": 0,
        "sinceDate": "2018-11-13",
        "untilDate": "2018-11-14"
      }
    ],
    "Alvinnyk": [
      {
        "insertions": 0,
        "deletions": 0,
        "sinceDate": "2018-09-19",
        "untilDate": "2018-09-20"
      },
      {
        "insertions": 0,
        "deletions": 0,
        "sinceDate": "2018-09-20",
        "untilDate": "2018-09-21"
      },
      {
        "insertions": 0,
        "deletions": 0,
        "sinceDate": "2018-09-21",
        "untilDate": "2018-09-22"
      },
      {
        "insertions": 0,
        "deletions": 0,
        "sinceDate": "2018-09-22",
        "untilDate": "2018-09-23"
      },
      {
        "insertions": 0,
        "deletions": 0,
        "sinceDate": "2018-09-23",
        "untilDate": "2018-09-24"
      },
      {
        "insertions": 0,
        "deletions": 0,
        "sinceDate": "2018-09-24",
        "untilDate": "2018-09-25"
      },
      {
        "insertions": 0,
        "deletions": 0,
        "sinceDate": "2018-09-25",
        "untilDate": "2018-09-26"
      },
      {
        "insertions": 0,
        "deletions": 0,
        "sinceDate": "2018-09-26",
        "untilDate": "2018-09-27"
      },
      {
        "insertions": 0,
        "deletions": 0,
        "sinceDate": "2018-09-27",
        "untilDate": "2018-09-28"
      },
      {
        "insertions": 0,
        "deletions": 0,
        "sinceDate": "2018-09-28",
        "untilDate": "2018-09-29"
      },
      {
        "insertions": 0,
        "deletions": 0,
        "sinceDate": "2018-09-29",
        "untilDate": "2018-09-30"
      },
      {
        "insertions": 0,
        "deletions": 0,
        "sinceDate": "2018-09-30",
        "untilDate": "2018-10-01"
      },
      {
        "insertions": 0,
        "deletions": 0,
        "sinceDate": "2018-10-01",
        "untilDate": "2018-10-02"
      },
      {
        "insertions": 0,
        "deletions": 0,
        "sinceDate": "2018-10-02",
        "untilDate": "2018-10-03"
      },
      {
        "insertions": 74,
        "deletions": 43,
        "sinceDate": "2018-10-03",
        "untilDate": "2018-10-04"
      },
      {
        "insertions": 0,
        "deletions": 0,
        "sinceDate": "2018-10-04",
        "untilDate": "2018-10-05"
      },
      {
        "insertions": 0,
        "deletions": 0,
        "sinceDate": "2018-10-05",
        "untilDate": "2018-10-06"
      },
      {
        "insertions": 0,
        "deletions": 0,
        "sinceDate": "2018-10-06",
        "untilDate": "2018-10-07"
      },
      {
        "insertions": 0,
        "deletions": 0,
        "sinceDate": "2018-10-07",
        "untilDate": "2018-10-08"
      },
      {
        "insertions": 0,
        "deletions": 0,
        "sinceDate": "2018-10-08",
        "untilDate": "2018-10-09"
      },
      {
        "insertions": 0,
        "deletions": 0,
        "sinceDate": "2018-10-09",
        "untilDate": "2018-10-10"
      },
      {
        "insertions": 0,
        "deletions": 0,
        "sinceDate": "2018-10-10",
        "untilDate": "2018-10-11"
      },
      {
        "insertions": 0,
        "deletions": 0,
        "sinceDate": "2018-10-11",
        "untilDate": "2018-10-12"
      },
      {
        "insertions": 0,
        "deletions": 0,
        "sinceDate": "2018-10-12",
        "untilDate": "2018-10-13"
      },
      {
        "insertions": 0,
        "deletions": 0,
        "sinceDate": "2018-10-13",
        "untilDate": "2018-10-14"
      },
      {
        "insertions": 0,
        "deletions": 0,
        "sinceDate": "2018-10-14",
        "untilDate": "2018-10-15"
      },
      {
        "insertions": 0,
        "deletions": 0,
        "sinceDate": "2018-10-15",
        "untilDate": "2018-10-16"
      },
      {
        "insertions": 0,
        "deletions": 0,
        "sinceDate": "2018-10-16",
        "untilDate": "2018-10-17"
      },
      {
        "insertions": 0,
        "deletions": 0,
        "sinceDate": "2018-10-17",
        "untilDate": "2018-10-18"
      },
      {
        "insertions": 0,
        "deletions": 0,
        "sinceDate": "2018-10-18",
        "untilDate": "2018-10-19"
      },
      {
        "insertions": 0,
        "deletions": 0,
        "sinceDate": "2018-10-19",
        "untilDate": "2018-10-20"
      },
      {
        "insertions": 0,
        "deletions": 0,
        "sinceDate": "2018-10-20",
        "untilDate": "2018-10-21"
      },
      {
        "insertions": 0,
        "deletions": 0,
        "sinceDate": "2018-10-21",
        "untilDate": "2018-10-22"
      },
      {
        "insertions": 0,
        "deletions": 0,
        "sinceDate": "2018-10-22",
        "untilDate": "2018-10-23"
      },
      {
        "insertions": 0,
        "deletions": 0,
        "sinceDate": "2018-10-23",
        "untilDate": "2018-10-24"
      },
      {
        "insertions": 0,
        "deletions": 0,
        "sinceDate": "2018-10-24",
        "untilDate": "2018-10-25"
      },
      {
        "insertions": 0,
        "deletions": 0,
        "sinceDate": "2018-10-25",
        "untilDate": "2018-10-26"
      },
      {
        "insertions": 0,
        "deletions": 0,
        "sinceDate": "2018-10-26",
        "untilDate": "2018-10-27"
      },
      {
        "insertions": 0,
        "deletions": 0,
        "sinceDate": "2018-10-27",
        "untilDate": "2018-10-28"
      },
      {
        "insertions": 0,
        "deletions": 0,
        "sinceDate": "2018-10-28",
        "untilDate": "2018-10-29"
      },
      {
        "insertions": 0,
        "deletions": 0,
        "sinceDate": "2018-10-29",
        "untilDate": "2018-10-30"
      },
      {
        "insertions": 0,
        "deletions": 0,
        "sinceDate": "2018-10-30",
        "untilDate": "2018-10-31"
      },
      {
        "insertions": 0,
        "deletions": 0,
        "sinceDate": "2018-10-31",
        "untilDate": "2018-11-01"
      },
      {
        "insertions": 0,
        "deletions": 0,
        "sinceDate": "2018-11-01",
        "untilDate": "2018-11-02"
      },
      {
        "insertions": 0,
        "deletions": 0,
        "sinceDate": "2018-11-02",
        "untilDate": "2018-11-03"
      },
      {
        "insertions": 0,
        "deletions": 0,
        "sinceDate": "2018-11-03",
        "untilDate": "2018-11-04"
      },
      {
        "insertions": 0,
        "deletions": 0,
        "sinceDate": "2018-11-04",
        "untilDate": "2018-11-05"
      },
      {
        "insertions": 0,
        "deletions": 0,
        "sinceDate": "2018-11-05",
        "untilDate": "2018-11-06"
      },
      {
        "insertions": 0,
        "deletions": 0,
        "sinceDate": "2018-11-06",
        "untilDate": "2018-11-07"
      },
      {
        "insertions": 0,
        "deletions": 0,
        "sinceDate": "2018-11-07",
        "untilDate": "2018-11-08"
      },
      {
        "insertions": 0,
        "deletions": 0,
        "sinceDate": "2018-11-08",
        "untilDate": "2018-11-09"
      },
      {
        "insertions": 0,
        "deletions": 0,
        "sinceDate": "2018-11-09",
        "untilDate": "2018-11-10"
      },
      {
        "insertions": 0,
        "deletions": 0,
        "sinceDate": "2018-11-10",
        "untilDate": "2018-11-11"
      },
      {
        "insertions": 0,
        "deletions": 0,
        "sinceDate": "2018-11-11",
        "untilDate": "2018-11-12"
      },
      {
        "insertions": 0,
        "deletions": 0,
        "sinceDate": "2018-11-12",
        "untilDate": "2018-11-13"
      },
      {
        "insertions": 0,
        "deletions": 0,
        "sinceDate": "2018-11-13",
        "untilDate": "2018-11-14"
      }
    ],
    "YurouTang": [
      {
        "insertions": 0,
        "deletions": 0,
        "sinceDate": "2018-09-19",
        "untilDate": "2018-09-20"
      },
      {
        "insertions": 0,
        "deletions": 0,
        "sinceDate": "2018-09-20",
        "untilDate": "2018-09-21"
      },
      {
        "insertions": 0,
        "deletions": 0,
        "sinceDate": "2018-09-21",
        "untilDate": "2018-09-22"
      },
      {
        "insertions": 0,
        "deletions": 0,
        "sinceDate": "2018-09-22",
        "untilDate": "2018-09-23"
      },
      {
        "insertions": 0,
        "deletions": 0,
        "sinceDate": "2018-09-23",
        "untilDate": "2018-09-24"
      },
      {
        "insertions": 0,
        "deletions": 0,
        "sinceDate": "2018-09-24",
        "untilDate": "2018-09-25"
      },
      {
        "insertions": 0,
        "deletions": 0,
        "sinceDate": "2018-09-25",
        "untilDate": "2018-09-26"
      },
      {
        "insertions": 0,
        "deletions": 0,
        "sinceDate": "2018-09-26",
        "untilDate": "2018-09-27"
      },
      {
        "insertions": 0,
        "deletions": 0,
        "sinceDate": "2018-09-27",
        "untilDate": "2018-09-28"
      },
      {
        "insertions": 0,
        "deletions": 0,
        "sinceDate": "2018-09-28",
        "untilDate": "2018-09-29"
      },
      {
        "insertions": 0,
        "deletions": 0,
        "sinceDate": "2018-09-29",
        "untilDate": "2018-09-30"
      },
      {
        "insertions": 0,
        "deletions": 0,
        "sinceDate": "2018-09-30",
        "untilDate": "2018-10-01"
      },
      {
        "insertions": 0,
        "deletions": 0,
        "sinceDate": "2018-10-01",
        "untilDate": "2018-10-02"
      },
      {
        "insertions": 203,
        "deletions": 186,
        "sinceDate": "2018-10-02",
        "untilDate": "2018-10-03"
      },
      {
        "insertions": 113,
        "deletions": 46,
        "sinceDate": "2018-10-03",
        "untilDate": "2018-10-04"
      },
      {
        "insertions": 0,
        "deletions": 0,
        "sinceDate": "2018-10-04",
        "untilDate": "2018-10-05"
      },
      {
        "insertions": 0,
        "deletions": 0,
        "sinceDate": "2018-10-05",
        "untilDate": "2018-10-06"
      },
      {
        "insertions": 0,
        "deletions": 0,
        "sinceDate": "2018-10-06",
        "untilDate": "2018-10-07"
      },
      {
        "insertions": 0,
        "deletions": 0,
        "sinceDate": "2018-10-07",
        "untilDate": "2018-10-08"
      },
      {
        "insertions": 0,
        "deletions": 0,
        "sinceDate": "2018-10-08",
        "untilDate": "2018-10-09"
      },
      {
        "insertions": 0,
        "deletions": 0,
        "sinceDate": "2018-10-09",
        "untilDate": "2018-10-10"
      },
      {
        "insertions": 0,
        "deletions": 0,
        "sinceDate": "2018-10-10",
        "untilDate": "2018-10-11"
      },
      {
        "insertions": 113,
        "deletions": 16,
        "sinceDate": "2018-10-11",
        "untilDate": "2018-10-12"
      },
      {
        "insertions": 0,
        "deletions": 0,
        "sinceDate": "2018-10-12",
        "untilDate": "2018-10-13"
      },
      {
        "insertions": 0,
        "deletions": 0,
        "sinceDate": "2018-10-13",
        "untilDate": "2018-10-14"
      },
      {
        "insertions": 0,
        "deletions": 0,
        "sinceDate": "2018-10-14",
        "untilDate": "2018-10-15"
      },
      {
        "insertions": 5,
        "deletions": 6,
        "sinceDate": "2018-10-15",
        "untilDate": "2018-10-16"
      },
      {
        "insertions": 104,
        "deletions": 78,
        "sinceDate": "2018-10-16",
        "untilDate": "2018-10-17"
      },
      {
        "insertions": 59,
        "deletions": 7,
        "sinceDate": "2018-10-17",
        "untilDate": "2018-10-18"
      },
      {
        "insertions": 49,
        "deletions": 40,
        "sinceDate": "2018-10-18",
        "untilDate": "2018-10-19"
      },
      {
        "insertions": 39,
        "deletions": 66,
        "sinceDate": "2018-10-19",
        "untilDate": "2018-10-20"
      },
      {
        "insertions": 2,
        "deletions": 3,
        "sinceDate": "2018-10-20",
        "untilDate": "2018-10-21"
      },
      {
        "insertions": 261,
        "deletions": 238,
        "sinceDate": "2018-10-21",
        "untilDate": "2018-10-22"
      },
      {
        "insertions": 0,
        "deletions": 0,
        "sinceDate": "2018-10-22",
        "untilDate": "2018-10-23"
      },
      {
        "insertions": 26,
        "deletions": 22,
        "sinceDate": "2018-10-23",
        "untilDate": "2018-10-24"
      },
      {
        "insertions": 0,
        "deletions": 0,
        "sinceDate": "2018-10-24",
        "untilDate": "2018-10-25"
      },
      {
        "insertions": 20,
        "deletions": 10,
        "sinceDate": "2018-10-25",
        "untilDate": "2018-10-26"
      },
      {
        "insertions": 0,
        "deletions": 0,
        "sinceDate": "2018-10-26",
        "untilDate": "2018-10-27"
      },
      {
        "insertions": 183,
        "deletions": 181,
        "sinceDate": "2018-10-27",
        "untilDate": "2018-10-28"
      },
      {
        "insertions": 242,
        "deletions": 31,
        "sinceDate": "2018-10-28",
        "untilDate": "2018-10-29"
      },
      {
        "insertions": 27,
        "deletions": 25,
        "sinceDate": "2018-10-29",
        "untilDate": "2018-10-30"
      },
      {
        "insertions": 251,
        "deletions": 29,
        "sinceDate": "2018-10-30",
        "untilDate": "2018-10-31"
      },
      {
        "insertions": 270,
        "deletions": 178,
        "sinceDate": "2018-10-31",
        "untilDate": "2018-11-01"
      },
      {
        "insertions": 80,
        "deletions": 36,
        "sinceDate": "2018-11-01",
        "untilDate": "2018-11-02"
      },
      {
        "insertions": 0,
        "deletions": 0,
        "sinceDate": "2018-11-02",
        "untilDate": "2018-11-03"
      },
      {
        "insertions": 1631,
        "deletions": 70,
        "sinceDate": "2018-11-03",
        "untilDate": "2018-11-04"
      },
      {
        "insertions": 0,
        "deletions": 0,
        "sinceDate": "2018-11-04",
        "untilDate": "2018-11-05"
      },
      {
        "insertions": 0,
        "deletions": 0,
        "sinceDate": "2018-11-05",
        "untilDate": "2018-11-06"
      },
      {
        "insertions": 0,
        "deletions": 0,
        "sinceDate": "2018-11-06",
        "untilDate": "2018-11-07"
      },
      {
        "insertions": 4,
        "deletions": 1126,
        "sinceDate": "2018-11-07",
        "untilDate": "2018-11-08"
      },
      {
        "insertions": 0,
        "deletions": 0,
        "sinceDate": "2018-11-08",
        "untilDate": "2018-11-09"
      },
      {
        "insertions": 0,
        "deletions": 0,
        "sinceDate": "2018-11-09",
        "untilDate": "2018-11-10"
      },
      {
        "insertions": 0,
        "deletions": 0,
        "sinceDate": "2018-11-10",
        "untilDate": "2018-11-11"
      },
      {
        "insertions": 812,
        "deletions": 27,
        "sinceDate": "2018-11-11",
        "untilDate": "2018-11-12"
      },
      {
        "insertions": 397,
        "deletions": 82,
        "sinceDate": "2018-11-12",
        "untilDate": "2018-11-13"
      },
      {
        "insertions": 0,
        "deletions": 0,
        "sinceDate": "2018-11-13",
        "untilDate": "2018-11-14"
      }
    ],
    "ZhuanYu": [
      {
        "insertions": 0,
        "deletions": 0,
        "sinceDate": "2018-09-19",
        "untilDate": "2018-09-20"
      },
      {
        "insertions": 0,
        "deletions": 0,
        "sinceDate": "2018-09-20",
        "untilDate": "2018-09-21"
      },
      {
        "insertions": 0,
        "deletions": 0,
        "sinceDate": "2018-09-21",
        "untilDate": "2018-09-22"
      },
      {
        "insertions": 0,
        "deletions": 0,
        "sinceDate": "2018-09-22",
        "untilDate": "2018-09-23"
      },
      {
        "insertions": 0,
        "deletions": 0,
        "sinceDate": "2018-09-23",
        "untilDate": "2018-09-24"
      },
      {
        "insertions": 0,
        "deletions": 0,
        "sinceDate": "2018-09-24",
        "untilDate": "2018-09-25"
      },
      {
        "insertions": 0,
        "deletions": 0,
        "sinceDate": "2018-09-25",
        "untilDate": "2018-09-26"
      },
      {
        "insertions": 0,
        "deletions": 0,
        "sinceDate": "2018-09-26",
        "untilDate": "2018-09-27"
      },
      {
        "insertions": 0,
        "deletions": 0,
        "sinceDate": "2018-09-27",
        "untilDate": "2018-09-28"
      },
      {
        "insertions": 0,
        "deletions": 0,
        "sinceDate": "2018-09-28",
        "untilDate": "2018-09-29"
      },
      {
        "insertions": 0,
        "deletions": 0,
        "sinceDate": "2018-09-29",
        "untilDate": "2018-09-30"
      },
      {
        "insertions": 0,
        "deletions": 0,
        "sinceDate": "2018-09-30",
        "untilDate": "2018-10-01"
      },
      {
        "insertions": 2975,
        "deletions": 3060,
        "sinceDate": "2018-10-01",
        "untilDate": "2018-10-02"
      },
      {
        "insertions": 296,
        "deletions": 381,
        "sinceDate": "2018-10-02",
        "untilDate": "2018-10-03"
      },
      {
        "insertions": 769,
        "deletions": 848,
        "sinceDate": "2018-10-03",
        "untilDate": "2018-10-04"
      },
      {
        "insertions": 359,
        "deletions": 9538,
        "sinceDate": "2018-10-04",
        "untilDate": "2018-10-05"
      },
      {
        "insertions": 0,
        "deletions": 0,
        "sinceDate": "2018-10-05",
        "untilDate": "2018-10-06"
      },
      {
        "insertions": 0,
        "deletions": 0,
        "sinceDate": "2018-10-06",
        "untilDate": "2018-10-07"
      },
      {
        "insertions": 0,
        "deletions": 0,
        "sinceDate": "2018-10-07",
        "untilDate": "2018-10-08"
      },
      {
        "insertions": 0,
        "deletions": 0,
        "sinceDate": "2018-10-08",
        "untilDate": "2018-10-09"
      },
      {
        "insertions": 0,
        "deletions": 0,
        "sinceDate": "2018-10-09",
        "untilDate": "2018-10-10"
      },
      {
        "insertions": 0,
        "deletions": 0,
        "sinceDate": "2018-10-10",
        "untilDate": "2018-10-11"
      },
      {
        "insertions": 60,
        "deletions": 31,
        "sinceDate": "2018-10-11",
        "untilDate": "2018-10-12"
      },
      {
        "insertions": 763,
        "deletions": 764,
        "sinceDate": "2018-10-12",
        "untilDate": "2018-10-13"
      },
      {
        "insertions": 0,
        "deletions": 0,
        "sinceDate": "2018-10-13",
        "untilDate": "2018-10-14"
      },
      {
        "insertions": 0,
        "deletions": 0,
        "sinceDate": "2018-10-14",
        "untilDate": "2018-10-15"
      },
      {
        "insertions": 0,
        "deletions": 0,
        "sinceDate": "2018-10-15",
        "untilDate": "2018-10-16"
      },
      {
        "insertions": 0,
        "deletions": 0,
        "sinceDate": "2018-10-16",
        "untilDate": "2018-10-17"
      },
      {
        "insertions": 1009,
        "deletions": 553,
        "sinceDate": "2018-10-17",
        "untilDate": "2018-10-18"
      },
      {
        "insertions": 65,
        "deletions": 39,
        "sinceDate": "2018-10-18",
        "untilDate": "2018-10-19"
      },
      {
        "insertions": 188,
        "deletions": 154,
        "sinceDate": "2018-10-19",
        "untilDate": "2018-10-20"
      },
      {
        "insertions": 0,
        "deletions": 0,
        "sinceDate": "2018-10-20",
        "untilDate": "2018-10-21"
      },
      {
        "insertions": 0,
        "deletions": 0,
        "sinceDate": "2018-10-21",
        "untilDate": "2018-10-22"
      },
      {
        "insertions": 0,
        "deletions": 0,
        "sinceDate": "2018-10-22",
        "untilDate": "2018-10-23"
      },
      {
        "insertions": 0,
        "deletions": 0,
        "sinceDate": "2018-10-23",
        "untilDate": "2018-10-24"
      },
      {
        "insertions": 2535,
        "deletions": 2904,
        "sinceDate": "2018-10-24",
        "untilDate": "2018-10-25"
      },
      {
        "insertions": 0,
        "deletions": 0,
        "sinceDate": "2018-10-25",
        "untilDate": "2018-10-26"
      },
      {
        "insertions": 24,
        "deletions": 25,
        "sinceDate": "2018-10-26",
        "untilDate": "2018-10-27"
      },
      {
        "insertions": 0,
        "deletions": 0,
        "sinceDate": "2018-10-27",
        "untilDate": "2018-10-28"
      },
      {
        "insertions": 37,
        "deletions": 13,
        "sinceDate": "2018-10-28",
        "untilDate": "2018-10-29"
      },
      {
        "insertions": 509,
        "deletions": 315,
        "sinceDate": "2018-10-29",
        "untilDate": "2018-10-30"
      },
      {
        "insertions": 9,
        "deletions": 5,
        "sinceDate": "2018-10-30",
        "untilDate": "2018-10-31"
      },
      {
        "insertions": 769,
        "deletions": 453,
        "sinceDate": "2018-10-31",
        "untilDate": "2018-11-01"
      },
      {
        "insertions": 35,
        "deletions": 32,
        "sinceDate": "2018-11-01",
        "untilDate": "2018-11-02"
      },
      {
        "insertions": 37,
        "deletions": 18,
        "sinceDate": "2018-11-02",
        "untilDate": "2018-11-03"
      },
      {
        "insertions": 384,
        "deletions": 326,
        "sinceDate": "2018-11-03",
        "untilDate": "2018-11-04"
      },
      {
        "insertions": 4434,
        "deletions": 1622,
        "sinceDate": "2018-11-04",
        "untilDate": "2018-11-05"
      },
      {
        "insertions": 0,
        "deletions": 0,
        "sinceDate": "2018-11-05",
        "untilDate": "2018-11-06"
      },
      {
        "insertions": 101,
        "deletions": 89,
        "sinceDate": "2018-11-06",
        "untilDate": "2018-11-07"
      },
      {
        "insertions": 68,
        "deletions": 61,
        "sinceDate": "2018-11-07",
        "untilDate": "2018-11-08"
      },
      {
        "insertions": 45,
        "deletions": 6,
        "sinceDate": "2018-11-08",
        "untilDate": "2018-11-09"
      },
      {
        "insertions": 34,
        "deletions": 22,
        "sinceDate": "2018-11-09",
        "untilDate": "2018-11-10"
      },
      {
        "insertions": 0,
        "deletions": 0,
        "sinceDate": "2018-11-10",
        "untilDate": "2018-11-11"
      },
      {
        "insertions": 886,
        "deletions": 452,
        "sinceDate": "2018-11-11",
        "untilDate": "2018-11-12"
      },
      {
        "insertions": 1080,
        "deletions": 766,
        "sinceDate": "2018-11-12",
        "untilDate": "2018-11-13"
      },
      {
        "insertions": 0,
        "deletions": 0,
        "sinceDate": "2018-11-13",
        "untilDate": "2018-11-14"
      }
    ]
  },
  "authorFinalContributionMap": {
    "dlworldpeace": 2051,
    "Lexzt": 4935,
    "Alvinnyk": 24,
    "YurouTang": 2632,
    "ZhuanYu": 11032
  },
  "authorContributionVariance": {
    "dlworldpeace": 1868838.2,
    "Lexzt": 1011749.0,
    "Alvinnyk": 240.0814,
    "YurouTang": 91637.5,
    "ZhuanYu": 3358189.5
  },
  "authorDisplayNameMap": {
    "dlworldpeace": "XIAO ...ELONG",
    "Lexzt": "FONG ...ZHONG",
    "Alvinnyk": "ALVIN...N KIT",
    "YurouTang": "TANG ...YUROU",
    "ZhuanYu": "YEO Z...AN YU"
  }
}
