{
  "authorWeeklyIntervalContributions": {
    "shuiherng": [
      {
        "insertions": 1225,
        "deletions": 793,
        "sinceDate": "2018-09-19",
        "untilDate": "2018-09-26"
      },
      {
        "insertions": 240,
        "deletions": 3182,
        "sinceDate": "2018-09-26",
        "untilDate": "2018-10-03"
      },
      {
        "insertions": 306,
        "deletions": 3,
        "sinceDate": "2018-10-03",
        "untilDate": "2018-10-10"
      },
      {
        "insertions": 916,
        "deletions": 395,
        "sinceDate": "2018-10-10",
        "untilDate": "2018-10-17"
      },
      {
        "insertions": 1306,
        "deletions": 1091,
        "sinceDate": "2018-10-17",
        "untilDate": "2018-10-24"
      },
      {
        "insertions": 2357,
        "deletions": 443,
        "sinceDate": "2018-10-24",
        "untilDate": "2018-10-31"
      },
      {
        "insertions": 471,
        "deletions": 289,
        "sinceDate": "2018-10-31",
        "untilDate": "2018-11-07"
      },
      {
        "insertions": 569,
        "deletions": 84,
        "sinceDate": "2018-11-07",
        "untilDate": "2018-11-14"
      },
      {
        "insertions": 0,
        "deletions": 0,
        "sinceDate": "2018-11-14",
        "untilDate": "2018-11-21"
      }
    ],
    "ZZG229": [
      {
        "insertions": 16,
        "deletions": 16,
        "sinceDate": "2018-09-19",
        "untilDate": "2018-09-26"
      },
      {
        "insertions": 3,
        "deletions": 1,
        "sinceDate": "2018-09-26",
        "untilDate": "2018-10-03"
      },
      {
        "insertions": 0,
        "deletions": 0,
        "sinceDate": "2018-10-03",
        "untilDate": "2018-10-10"
      },
      {
        "insertions": 153,
        "deletions": 136,
        "sinceDate": "2018-10-10",
        "untilDate": "2018-10-17"
      },
      {
        "insertions": 636,
        "deletions": 310,
        "sinceDate": "2018-10-17",
        "untilDate": "2018-10-24"
      },
      {
        "insertions": 832,
        "deletions": 418,
        "sinceDate": "2018-10-24",
        "untilDate": "2018-10-31"
      },
      {
        "insertions": 393,
        "deletions": 95,
        "sinceDate": "2018-10-31",
        "untilDate": "2018-11-07"
      },
      {
        "insertions": 3248,
        "deletions": 1068,
        "sinceDate": "2018-11-07",
        "untilDate": "2018-11-14"
      },
      {
        "insertions": 294,
        "deletions": 294,
        "sinceDate": "2018-11-14",
        "untilDate": "2018-11-21"
      }
    ],
    "kumuwu": [
      {
        "insertions": 8,
        "deletions": 0,
        "sinceDate": "2018-09-19",
        "untilDate": "2018-09-26"
      },
      {
        "insertions": 132,
        "deletions": 34,
        "sinceDate": "2018-09-26",
        "untilDate": "2018-10-03"
      },
      {
        "insertions": 16,
        "deletions": 6,
        "sinceDate": "2018-10-03",
        "untilDate": "2018-10-10"
      },
      {
        "insertions": 193,
        "deletions": 68,
        "sinceDate": "2018-10-10",
        "untilDate": "2018-10-17"
      },
      {
        "insertions": 711,
        "deletions": 511,
        "sinceDate": "2018-10-17",
        "untilDate": "2018-10-24"
      },
      {
        "insertions": 1269,
        "deletions": 563,
        "sinceDate": "2018-10-24",
        "untilDate": "2018-10-31"
      },
      {
        "insertions": 631,
        "deletions": 286,
        "sinceDate": "2018-10-31",
        "untilDate": "2018-11-07"
      },
      {
        "insertions": 1181,
        "deletions": 625,
        "sinceDate": "2018-11-07",
        "untilDate": "2018-11-14"
      },
      {
        "insertions": 0,
        "deletions": 0,
        "sinceDate": "2018-11-14",
        "untilDate": "2018-11-21"
      }
    ],
    "pratyushghosh": [
      {
        "insertions": 318,
        "deletions": 174,
        "sinceDate": "2018-09-19",
        "untilDate": "2018-09-26"
      },
      {
        "insertions": 0,
        "deletions": 0,
        "sinceDate": "2018-09-26",
        "untilDate": "2018-10-03"
      },
      {
        "insertions": 0,
        "deletions": 0,
        "sinceDate": "2018-10-03",
        "untilDate": "2018-10-10"
      },
      {
        "insertions": 0,
        "deletions": 0,
        "sinceDate": "2018-10-10",
        "untilDate": "2018-10-17"
      },
      {
        "insertions": 400,
        "deletions": 40,
        "sinceDate": "2018-10-17",
        "untilDate": "2018-10-24"
      },
      {
        "insertions": 0,
        "deletions": 0,
        "sinceDate": "2018-10-24",
        "untilDate": "2018-10-31"
      },
      {
        "insertions": 0,
        "deletions": 0,
        "sinceDate": "2018-10-31",
        "untilDate": "2018-11-07"
      },
      {
        "insertions": 1250,
        "deletions": 500,
        "sinceDate": "2018-11-07",
        "untilDate": "2018-11-14"
      },
      {
        "insertions": 0,
        "deletions": 0,
        "sinceDate": "2018-11-14",
        "untilDate": "2018-11-21"
      }
    ],
    "lixinze777": [
      {
        "insertions": 7,
        "deletions": 10,
        "sinceDate": "2018-09-19",
        "untilDate": "2018-09-26"
      },
      {
        "insertions": 0,
        "deletions": 0,
        "sinceDate": "2018-09-26",
        "untilDate": "2018-10-03"
      },
      {
        "insertions": 122,
        "deletions": 2,
        "sinceDate": "2018-10-03",
        "untilDate": "2018-10-10"
      },
      {
        "insertions": 119,
        "deletions": 136,
        "sinceDate": "2018-10-10",
        "untilDate": "2018-10-17"
      },
      {
        "insertions": 633,
        "deletions": 76,
        "sinceDate": "2018-10-17",
        "untilDate": "2018-10-24"
      },
      {
        "insertions": 425,
        "deletions": 333,
        "sinceDate": "2018-10-24",
        "untilDate": "2018-10-31"
      },
      {
        "insertions": 610,
        "deletions": 387,
        "sinceDate": "2018-10-31",
        "untilDate": "2018-11-07"
      },
      {
        "insertions": 768,
        "deletions": 193,
        "sinceDate": "2018-11-07",
        "untilDate": "2018-11-14"
      },
      {
        "insertions": 0,
        "deletions": 0,
        "sinceDate": "2018-11-14",
        "untilDate": "2018-11-21"
      }
    ]
  },
  "authorDailyIntervalContributions": {
    "shuiherng": [
      {
        "insertions": 0,
        "deletions": 0,
        "sinceDate": "2018-09-19",
        "untilDate": "2018-09-20"
      },
      {
        "insertions": 0,
        "deletions": 0,
        "sinceDate": "2018-09-20",
        "untilDate": "2018-09-21"
      },
      {
        "insertions": 0,
        "deletions": 0,
        "sinceDate": "2018-09-21",
        "untilDate": "2018-09-22"
      },
      {
        "insertions": 0,
        "deletions": 0,
        "sinceDate": "2018-09-22",
        "untilDate": "2018-09-23"
      },
      {
        "insertions": 282,
        "deletions": 40,
        "sinceDate": "2018-09-23",
        "untilDate": "2018-09-24"
      },
      {
        "insertions": 943,
        "deletions": 753,
        "sinceDate": "2018-09-24",
        "untilDate": "2018-09-25"
      },
      {
        "insertions": 0,
        "deletions": 0,
        "sinceDate": "2018-09-25",
        "untilDate": "2018-09-26"
      },
      {
        "insertions": 0,
        "deletions": 0,
        "sinceDate": "2018-09-26",
        "untilDate": "2018-09-27"
      },
      {
        "insertions": 240,
        "deletions": 3182,
        "sinceDate": "2018-09-27",
        "untilDate": "2018-09-28"
      },
      {
        "insertions": 0,
        "deletions": 0,
        "sinceDate": "2018-09-28",
        "untilDate": "2018-09-29"
      },
      {
        "insertions": 0,
        "deletions": 0,
        "sinceDate": "2018-09-29",
        "untilDate": "2018-09-30"
      },
      {
        "insertions": 0,
        "deletions": 0,
        "sinceDate": "2018-09-30",
        "untilDate": "2018-10-01"
      },
      {
        "insertions": 0,
        "deletions": 0,
        "sinceDate": "2018-10-01",
        "untilDate": "2018-10-02"
      },
      {
        "insertions": 0,
        "deletions": 0,
        "sinceDate": "2018-10-02",
        "untilDate": "2018-10-03"
      },
      {
        "insertions": 306,
        "deletions": 3,
        "sinceDate": "2018-10-03",
        "untilDate": "2018-10-04"
      },
      {
        "insertions": 0,
        "deletions": 0,
        "sinceDate": "2018-10-04",
        "untilDate": "2018-10-05"
      },
      {
        "insertions": 0,
        "deletions": 0,
        "sinceDate": "2018-10-05",
        "untilDate": "2018-10-06"
      },
      {
        "insertions": 0,
        "deletions": 0,
        "sinceDate": "2018-10-06",
        "untilDate": "2018-10-07"
      },
      {
        "insertions": 0,
        "deletions": 0,
        "sinceDate": "2018-10-07",
        "untilDate": "2018-10-08"
      },
      {
        "insertions": 0,
        "deletions": 0,
        "sinceDate": "2018-10-08",
        "untilDate": "2018-10-09"
      },
      {
        "insertions": 0,
        "deletions": 0,
        "sinceDate": "2018-10-09",
        "untilDate": "2018-10-10"
      },
      {
        "insertions": 0,
        "deletions": 0,
        "sinceDate": "2018-10-10",
        "untilDate": "2018-10-11"
      },
      {
        "insertions": 267,
        "deletions": 310,
        "sinceDate": "2018-10-11",
        "untilDate": "2018-10-12"
      },
      {
        "insertions": 0,
        "deletions": 0,
        "sinceDate": "2018-10-12",
        "untilDate": "2018-10-13"
      },
      {
        "insertions": 0,
        "deletions": 0,
        "sinceDate": "2018-10-13",
        "untilDate": "2018-10-14"
      },
      {
        "insertions": 649,
        "deletions": 85,
        "sinceDate": "2018-10-14",
        "untilDate": "2018-10-15"
      },
      {
        "insertions": 0,
        "deletions": 0,
        "sinceDate": "2018-10-15",
        "untilDate": "2018-10-16"
      },
      {
        "insertions": 0,
        "deletions": 0,
        "sinceDate": "2018-10-16",
        "untilDate": "2018-10-17"
      },
      {
        "insertions": 53,
        "deletions": 219,
        "sinceDate": "2018-10-17",
        "untilDate": "2018-10-18"
      },
      {
        "insertions": 131,
        "deletions": 82,
        "sinceDate": "2018-10-18",
        "untilDate": "2018-10-19"
      },
      {
        "insertions": 0,
        "deletions": 0,
        "sinceDate": "2018-10-19",
        "untilDate": "2018-10-20"
      },
      {
        "insertions": 745,
        "deletions": 497,
        "sinceDate": "2018-10-20",
        "untilDate": "2018-10-21"
      },
      {
        "insertions": 358,
        "deletions": 279,
        "sinceDate": "2018-10-21",
        "untilDate": "2018-10-22"
      },
      {
        "insertions": 19,
        "deletions": 14,
        "sinceDate": "2018-10-22",
        "untilDate": "2018-10-23"
      },
      {
        "insertions": 0,
        "deletions": 0,
        "sinceDate": "2018-10-23",
        "untilDate": "2018-10-24"
      },
      {
        "insertions": 18,
        "deletions": 5,
        "sinceDate": "2018-10-24",
        "untilDate": "2018-10-25"
      },
      {
        "insertions": 138,
        "deletions": 49,
        "sinceDate": "2018-10-25",
        "untilDate": "2018-10-26"
      },
      {
        "insertions": 516,
        "deletions": 124,
        "sinceDate": "2018-10-26",
        "untilDate": "2018-10-27"
      },
      {
        "insertions": 468,
        "deletions": 130,
        "sinceDate": "2018-10-27",
        "untilDate": "2018-10-28"
      },
      {
        "insertions": 0,
        "deletions": 0,
        "sinceDate": "2018-10-28",
        "untilDate": "2018-10-29"
      },
      {
        "insertions": 491,
        "deletions": 91,
        "sinceDate": "2018-10-29",
        "untilDate": "2018-10-30"
      },
      {
        "insertions": 726,
        "deletions": 44,
        "sinceDate": "2018-10-30",
        "untilDate": "2018-10-31"
      },
      {
        "insertions": 471,
        "deletions": 289,
        "sinceDate": "2018-10-31",
        "untilDate": "2018-11-01"
      },
      {
        "insertions": 0,
        "deletions": 0,
        "sinceDate": "2018-11-01",
        "untilDate": "2018-11-02"
      },
      {
        "insertions": 0,
        "deletions": 0,
        "sinceDate": "2018-11-02",
        "untilDate": "2018-11-03"
      },
      {
        "insertions": 0,
        "deletions": 0,
        "sinceDate": "2018-11-03",
        "untilDate": "2018-11-04"
      },
      {
        "insertions": 0,
        "deletions": 0,
        "sinceDate": "2018-11-04",
        "untilDate": "2018-11-05"
      },
      {
        "insertions": 0,
        "deletions": 0,
        "sinceDate": "2018-11-05",
        "untilDate": "2018-11-06"
      },
      {
        "insertions": 0,
        "deletions": 0,
        "sinceDate": "2018-11-06",
        "untilDate": "2018-11-07"
      },
      {
        "insertions": 0,
        "deletions": 0,
        "sinceDate": "2018-11-07",
        "untilDate": "2018-11-08"
      },
      {
        "insertions": 0,
        "deletions": 0,
        "sinceDate": "2018-11-08",
        "untilDate": "2018-11-09"
      },
      {
        "insertions": 0,
        "deletions": 0,
        "sinceDate": "2018-11-09",
        "untilDate": "2018-11-10"
      },
      {
        "insertions": 0,
        "deletions": 0,
        "sinceDate": "2018-11-10",
        "untilDate": "2018-11-11"
      },
      {
        "insertions": 17,
        "deletions": 9,
        "sinceDate": "2018-11-11",
        "untilDate": "2018-11-12"
      },
      {
        "insertions": 552,
        "deletions": 75,
        "sinceDate": "2018-11-12",
        "untilDate": "2018-11-13"
      },
      {
        "insertions": 0,
        "deletions": 0,
        "sinceDate": "2018-11-13",
        "untilDate": "2018-11-14"
      },
      {
        "insertions": 0,
        "deletions": 0,
        "sinceDate": "2018-11-14",
        "untilDate": "2018-11-15"
      },
      {
        "insertions": 0,
        "deletions": 0,
        "sinceDate": "2018-11-15",
        "untilDate": "2018-11-16"
      },
      {
        "insertions": 0,
        "deletions": 0,
        "sinceDate": "2018-11-16",
        "untilDate": "2018-11-17"
      }
    ],
    "ZZG229": [
      {
        "insertions": 16,
        "deletions": 16,
        "sinceDate": "2018-09-19",
        "untilDate": "2018-09-20"
      },
      {
        "insertions": 0,
        "deletions": 0,
        "sinceDate": "2018-09-20",
        "untilDate": "2018-09-21"
      },
      {
        "insertions": 0,
        "deletions": 0,
        "sinceDate": "2018-09-21",
        "untilDate": "2018-09-22"
      },
      {
        "insertions": 0,
        "deletions": 0,
        "sinceDate": "2018-09-22",
        "untilDate": "2018-09-23"
      },
      {
        "insertions": 0,
        "deletions": 0,
        "sinceDate": "2018-09-23",
        "untilDate": "2018-09-24"
      },
      {
        "insertions": 0,
        "deletions": 0,
        "sinceDate": "2018-09-24",
        "untilDate": "2018-09-25"
      },
      {
        "insertions": 0,
        "deletions": 0,
        "sinceDate": "2018-09-25",
        "untilDate": "2018-09-26"
      },
      {
        "insertions": 3,
        "deletions": 1,
        "sinceDate": "2018-09-26",
        "untilDate": "2018-09-27"
      },
      {
        "insertions": 0,
        "deletions": 0,
        "sinceDate": "2018-09-27",
        "untilDate": "2018-09-28"
      },
      {
        "insertions": 0,
        "deletions": 0,
        "sinceDate": "2018-09-28",
        "untilDate": "2018-09-29"
      },
      {
        "insertions": 0,
        "deletions": 0,
        "sinceDate": "2018-09-29",
        "untilDate": "2018-09-30"
      },
      {
        "insertions": 0,
        "deletions": 0,
        "sinceDate": "2018-09-30",
        "untilDate": "2018-10-01"
      },
      {
        "insertions": 0,
        "deletions": 0,
        "sinceDate": "2018-10-01",
        "untilDate": "2018-10-02"
      },
      {
        "insertions": 0,
        "deletions": 0,
        "sinceDate": "2018-10-02",
        "untilDate": "2018-10-03"
      },
      {
        "insertions": 0,
        "deletions": 0,
        "sinceDate": "2018-10-03",
        "untilDate": "2018-10-04"
      },
      {
        "insertions": 0,
        "deletions": 0,
        "sinceDate": "2018-10-04",
        "untilDate": "2018-10-05"
      },
      {
        "insertions": 0,
        "deletions": 0,
        "sinceDate": "2018-10-05",
        "untilDate": "2018-10-06"
      },
      {
        "insertions": 0,
        "deletions": 0,
        "sinceDate": "2018-10-06",
        "untilDate": "2018-10-07"
      },
      {
        "insertions": 0,
        "deletions": 0,
        "sinceDate": "2018-10-07",
        "untilDate": "2018-10-08"
      },
      {
        "insertions": 0,
        "deletions": 0,
        "sinceDate": "2018-10-08",
        "untilDate": "2018-10-09"
      },
      {
        "insertions": 0,
        "deletions": 0,
        "sinceDate": "2018-10-09",
        "untilDate": "2018-10-10"
      },
      {
        "insertions": 0,
        "deletions": 0,
        "sinceDate": "2018-10-10",
        "untilDate": "2018-10-11"
      },
      {
        "insertions": 98,
        "deletions": 12,
        "sinceDate": "2018-10-11",
        "untilDate": "2018-10-12"
      },
      {
        "insertions": 0,
        "deletions": 0,
        "sinceDate": "2018-10-12",
        "untilDate": "2018-10-13"
      },
      {
        "insertions": 0,
        "deletions": 0,
        "sinceDate": "2018-10-13",
        "untilDate": "2018-10-14"
      },
      {
        "insertions": 55,
        "deletions": 124,
        "sinceDate": "2018-10-14",
        "untilDate": "2018-10-15"
      },
      {
        "insertions": 0,
        "deletions": 0,
        "sinceDate": "2018-10-15",
        "untilDate": "2018-10-16"
      },
      {
        "insertions": 0,
        "deletions": 0,
        "sinceDate": "2018-10-16",
        "untilDate": "2018-10-17"
      },
      {
        "insertions": 68,
        "deletions": 0,
        "sinceDate": "2018-10-17",
        "untilDate": "2018-10-18"
      },
      {
        "insertions": 300,
        "deletions": 39,
        "sinceDate": "2018-10-18",
        "untilDate": "2018-10-19"
      },
      {
        "insertions": 0,
        "deletions": 0,
        "sinceDate": "2018-10-19",
        "untilDate": "2018-10-20"
      },
      {
        "insertions": 0,
        "deletions": 0,
        "sinceDate": "2018-10-20",
        "untilDate": "2018-10-21"
      },
      {
        "insertions": 218,
        "deletions": 235,
        "sinceDate": "2018-10-21",
        "untilDate": "2018-10-22"
      },
      {
        "insertions": 15,
        "deletions": 9,
        "sinceDate": "2018-10-22",
        "untilDate": "2018-10-23"
      },
      {
        "insertions": 35,
        "deletions": 27,
        "sinceDate": "2018-10-23",
        "untilDate": "2018-10-24"
      },
      {
        "insertions": 0,
        "deletions": 0,
        "sinceDate": "2018-10-24",
        "untilDate": "2018-10-25"
      },
      {
        "insertions": 395,
        "deletions": 226,
        "sinceDate": "2018-10-25",
        "untilDate": "2018-10-26"
      },
      {
        "insertions": 0,
        "deletions": 0,
        "sinceDate": "2018-10-26",
        "untilDate": "2018-10-27"
      },
      {
        "insertions": 210,
        "deletions": 70,
        "sinceDate": "2018-10-27",
        "untilDate": "2018-10-28"
      },
      {
        "insertions": 0,
        "deletions": 0,
        "sinceDate": "2018-10-28",
        "untilDate": "2018-10-29"
      },
      {
        "insertions": 90,
        "deletions": 44,
        "sinceDate": "2018-10-29",
        "untilDate": "2018-10-30"
      },
      {
        "insertions": 137,
        "deletions": 78,
        "sinceDate": "2018-10-30",
        "untilDate": "2018-10-31"
      },
      {
        "insertions": 0,
        "deletions": 0,
        "sinceDate": "2018-10-31",
        "untilDate": "2018-11-01"
      },
      {
        "insertions": 0,
        "deletions": 0,
        "sinceDate": "2018-11-01",
        "untilDate": "2018-11-02"
      },
      {
        "insertions": 0,
        "deletions": 0,
        "sinceDate": "2018-11-02",
        "untilDate": "2018-11-03"
      },
      {
        "insertions": 0,
        "deletions": 0,
        "sinceDate": "2018-11-03",
        "untilDate": "2018-11-04"
      },
      {
        "insertions": 0,
        "deletions": 0,
        "sinceDate": "2018-11-04",
        "untilDate": "2018-11-05"
      },
      {
        "insertions": 64,
        "deletions": 17,
        "sinceDate": "2018-11-05",
        "untilDate": "2018-11-06"
      },
      {
        "insertions": 329,
        "deletions": 78,
        "sinceDate": "2018-11-06",
        "untilDate": "2018-11-07"
      },
      {
        "insertions": 88,
        "deletions": 12,
        "sinceDate": "2018-11-07",
        "untilDate": "2018-11-08"
      },
      {
        "insertions": 1,
        "deletions": 1,
        "sinceDate": "2018-11-08",
        "untilDate": "2018-11-09"
      },
      {
        "insertions": 0,
        "deletions": 0,
        "sinceDate": "2018-11-09",
        "untilDate": "2018-11-10"
      },
      {
        "insertions": 179,
        "deletions": 18,
        "sinceDate": "2018-11-10",
        "untilDate": "2018-11-11"
      },
      {
        "insertions": 331,
        "deletions": 28,
        "sinceDate": "2018-11-11",
        "untilDate": "2018-11-12"
      },
      {
        "insertions": 2649,
        "deletions": 1009,
        "sinceDate": "2018-11-12",
        "untilDate": "2018-11-13"
      },
      {
        "insertions": 0,
        "deletions": 0,
        "sinceDate": "2018-11-13",
        "untilDate": "2018-11-14"
      },
      {
        "insertions": 0,
        "deletions": 0,
        "sinceDate": "2018-11-14",
        "untilDate": "2018-11-15"
      },
      {
        "insertions": 0,
        "deletions": 0,
        "sinceDate": "2018-11-15",
        "untilDate": "2018-11-16"
      },
      {
        "insertions": 294,
        "deletions": 294,
        "sinceDate": "2018-11-16",
        "untilDate": "2018-11-17"
      }
    ],
    "kumuwu": [
      {
        "insertions": 0,
        "deletions": 0,
        "sinceDate": "2018-09-19",
        "untilDate": "2018-09-20"
      },
      {
        "insertions": 8,
        "deletions": 0,
        "sinceDate": "2018-09-20",
        "untilDate": "2018-09-21"
      },
      {
        "insertions": 0,
        "deletions": 0,
        "sinceDate": "2018-09-21",
        "untilDate": "2018-09-22"
      },
      {
        "insertions": 0,
        "deletions": 0,
        "sinceDate": "2018-09-22",
        "untilDate": "2018-09-23"
      },
      {
        "insertions": 0,
        "deletions": 0,
        "sinceDate": "2018-09-23",
        "untilDate": "2018-09-24"
      },
      {
        "insertions": 0,
        "deletions": 0,
        "sinceDate": "2018-09-24",
        "untilDate": "2018-09-25"
      },
      {
        "insertions": 0,
        "deletions": 0,
        "sinceDate": "2018-09-25",
        "untilDate": "2018-09-26"
      },
      {
        "insertions": 0,
        "deletions": 0,
        "sinceDate": "2018-09-26",
        "untilDate": "2018-09-27"
      },
      {
        "insertions": 0,
        "deletions": 0,
        "sinceDate": "2018-09-27",
        "untilDate": "2018-09-28"
      },
      {
        "insertions": 0,
        "deletions": 0,
        "sinceDate": "2018-09-28",
        "untilDate": "2018-09-29"
      },
      {
        "insertions": 132,
        "deletions": 34,
        "sinceDate": "2018-09-29",
        "untilDate": "2018-09-30"
      },
      {
        "insertions": 0,
        "deletions": 0,
        "sinceDate": "2018-09-30",
        "untilDate": "2018-10-01"
      },
      {
        "insertions": 0,
        "deletions": 0,
        "sinceDate": "2018-10-01",
        "untilDate": "2018-10-02"
      },
      {
        "insertions": 0,
        "deletions": 0,
        "sinceDate": "2018-10-02",
        "untilDate": "2018-10-03"
      },
      {
        "insertions": 16,
        "deletions": 6,
        "sinceDate": "2018-10-03",
        "untilDate": "2018-10-04"
      },
      {
        "insertions": 0,
        "deletions": 0,
        "sinceDate": "2018-10-04",
        "untilDate": "2018-10-05"
      },
      {
        "insertions": 0,
        "deletions": 0,
        "sinceDate": "2018-10-05",
        "untilDate": "2018-10-06"
      },
      {
        "insertions": 0,
        "deletions": 0,
        "sinceDate": "2018-10-06",
        "untilDate": "2018-10-07"
      },
      {
        "insertions": 0,
        "deletions": 0,
        "sinceDate": "2018-10-07",
        "untilDate": "2018-10-08"
      },
      {
        "insertions": 0,
        "deletions": 0,
        "sinceDate": "2018-10-08",
        "untilDate": "2018-10-09"
      },
      {
        "insertions": 0,
        "deletions": 0,
        "sinceDate": "2018-10-09",
        "untilDate": "2018-10-10"
      },
      {
        "insertions": 0,
        "deletions": 0,
        "sinceDate": "2018-10-10",
        "untilDate": "2018-10-11"
      },
      {
        "insertions": 0,
        "deletions": 0,
        "sinceDate": "2018-10-11",
        "untilDate": "2018-10-12"
      },
      {
        "insertions": 0,
        "deletions": 0,
        "sinceDate": "2018-10-12",
        "untilDate": "2018-10-13"
      },
      {
        "insertions": 0,
        "deletions": 0,
        "sinceDate": "2018-10-13",
        "untilDate": "2018-10-14"
      },
      {
        "insertions": 188,
        "deletions": 62,
        "sinceDate": "2018-10-14",
        "untilDate": "2018-10-15"
      },
      {
        "insertions": 5,
        "deletions": 6,
        "sinceDate": "2018-10-15",
        "untilDate": "2018-10-16"
      },
      {
        "insertions": 0,
        "deletions": 0,
        "sinceDate": "2018-10-16",
        "untilDate": "2018-10-17"
      },
      {
        "insertions": 45,
        "deletions": 185,
        "sinceDate": "2018-10-17",
        "untilDate": "2018-10-18"
      },
      {
        "insertions": 0,
        "deletions": 0,
        "sinceDate": "2018-10-18",
        "untilDate": "2018-10-19"
      },
      {
        "insertions": 0,
        "deletions": 0,
        "sinceDate": "2018-10-19",
        "untilDate": "2018-10-20"
      },
      {
        "insertions": 0,
        "deletions": 0,
        "sinceDate": "2018-10-20",
        "untilDate": "2018-10-21"
      },
      {
        "insertions": 198,
        "deletions": 102,
        "sinceDate": "2018-10-21",
        "untilDate": "2018-10-22"
      },
      {
        "insertions": 322,
        "deletions": 212,
        "sinceDate": "2018-10-22",
        "untilDate": "2018-10-23"
      },
      {
        "insertions": 146,
        "deletions": 12,
        "sinceDate": "2018-10-23",
        "untilDate": "2018-10-24"
      },
      {
        "insertions": 305,
        "deletions": 77,
        "sinceDate": "2018-10-24",
        "untilDate": "2018-10-25"
      },
      {
        "insertions": 174,
        "deletions": 163,
        "sinceDate": "2018-10-25",
        "untilDate": "2018-10-26"
      },
      {
        "insertions": 128,
        "deletions": 82,
        "sinceDate": "2018-10-26",
        "untilDate": "2018-10-27"
      },
      {
        "insertions": 176,
        "deletions": 80,
        "sinceDate": "2018-10-27",
        "untilDate": "2018-10-28"
      },
      {
        "insertions": 0,
        "deletions": 0,
        "sinceDate": "2018-10-28",
        "untilDate": "2018-10-29"
      },
      {
        "insertions": 175,
        "deletions": 65,
        "sinceDate": "2018-10-29",
        "untilDate": "2018-10-30"
      },
      {
        "insertions": 311,
        "deletions": 96,
        "sinceDate": "2018-10-30",
        "untilDate": "2018-10-31"
      },
      {
        "insertions": 31,
        "deletions": 0,
        "sinceDate": "2018-10-31",
        "untilDate": "2018-11-01"
      },
      {
        "insertions": 0,
        "deletions": 0,
        "sinceDate": "2018-11-01",
        "untilDate": "2018-11-02"
      },
      {
        "insertions": 0,
        "deletions": 0,
        "sinceDate": "2018-11-02",
        "untilDate": "2018-11-03"
      },
      {
        "insertions": 0,
        "deletions": 0,
        "sinceDate": "2018-11-03",
        "untilDate": "2018-11-04"
      },
      {
        "insertions": 0,
        "deletions": 0,
        "sinceDate": "2018-11-04",
        "untilDate": "2018-11-05"
      },
      {
        "insertions": 169,
        "deletions": 33,
        "sinceDate": "2018-11-05",
        "untilDate": "2018-11-06"
      },
      {
        "insertions": 431,
        "deletions": 253,
        "sinceDate": "2018-11-06",
        "untilDate": "2018-11-07"
      },
      {
        "insertions": 349,
        "deletions": 48,
        "sinceDate": "2018-11-07",
        "untilDate": "2018-11-08"
      },
      {
        "insertions": 109,
        "deletions": 14,
        "sinceDate": "2018-11-08",
        "untilDate": "2018-11-09"
      },
      {
        "insertions": 9,
        "deletions": 8,
        "sinceDate": "2018-11-09",
        "untilDate": "2018-11-10"
      },
      {
        "insertions": 287,
        "deletions": 99,
        "sinceDate": "2018-11-10",
        "untilDate": "2018-11-11"
      },
      {
        "insertions": 56,
        "deletions": 6,
        "sinceDate": "2018-11-11",
        "untilDate": "2018-11-12"
      },
      {
        "insertions": 371,
        "deletions": 450,
        "sinceDate": "2018-11-12",
        "untilDate": "2018-11-13"
      },
      {
        "insertions": 0,
        "deletions": 0,
        "sinceDate": "2018-11-13",
        "untilDate": "2018-11-14"
      },
      {
        "insertions": 0,
        "deletions": 0,
        "sinceDate": "2018-11-14",
        "untilDate": "2018-11-15"
      },
      {
        "insertions": 0,
        "deletions": 0,
        "sinceDate": "2018-11-15",
        "untilDate": "2018-11-16"
      },
      {
        "insertions": 0,
        "deletions": 0,
        "sinceDate": "2018-11-16",
        "untilDate": "2018-11-17"
      }
    ],
    "pratyushghosh": [
      {
        "insertions": 0,
        "deletions": 0,
        "sinceDate": "2018-09-19",
        "untilDate": "2018-09-20"
      },
      {
        "insertions": 318,
        "deletions": 174,
        "sinceDate": "2018-09-20",
        "untilDate": "2018-09-21"
      },
      {
        "insertions": 0,
        "deletions": 0,
        "sinceDate": "2018-09-21",
        "untilDate": "2018-09-22"
      },
      {
        "insertions": 0,
        "deletions": 0,
        "sinceDate": "2018-09-22",
        "untilDate": "2018-09-23"
      },
      {
        "insertions": 0,
        "deletions": 0,
        "sinceDate": "2018-09-23",
        "untilDate": "2018-09-24"
      },
      {
        "insertions": 0,
        "deletions": 0,
        "sinceDate": "2018-09-24",
        "untilDate": "2018-09-25"
      },
      {
        "insertions": 0,
        "deletions": 0,
        "sinceDate": "2018-09-25",
        "untilDate": "2018-09-26"
      },
      {
        "insertions": 0,
        "deletions": 0,
        "sinceDate": "2018-09-26",
        "untilDate": "2018-09-27"
      },
      {
        "insertions": 0,
        "deletions": 0,
        "sinceDate": "2018-09-27",
        "untilDate": "2018-09-28"
      },
      {
        "insertions": 0,
        "deletions": 0,
        "sinceDate": "2018-09-28",
        "untilDate": "2018-09-29"
      },
      {
        "insertions": 0,
        "deletions": 0,
        "sinceDate": "2018-09-29",
        "untilDate": "2018-09-30"
      },
      {
        "insertions": 0,
        "deletions": 0,
        "sinceDate": "2018-09-30",
        "untilDate": "2018-10-01"
      },
      {
        "insertions": 0,
        "deletions": 0,
        "sinceDate": "2018-10-01",
        "untilDate": "2018-10-02"
      },
      {
        "insertions": 0,
        "deletions": 0,
        "sinceDate": "2018-10-02",
        "untilDate": "2018-10-03"
      },
      {
        "insertions": 0,
        "deletions": 0,
        "sinceDate": "2018-10-03",
        "untilDate": "2018-10-04"
      },
      {
        "insertions": 0,
        "deletions": 0,
        "sinceDate": "2018-10-04",
        "untilDate": "2018-10-05"
      },
      {
        "insertions": 0,
        "deletions": 0,
        "sinceDate": "2018-10-05",
        "untilDate": "2018-10-06"
      },
      {
        "insertions": 0,
        "deletions": 0,
        "sinceDate": "2018-10-06",
        "untilDate": "2018-10-07"
      },
      {
        "insertions": 0,
        "deletions": 0,
        "sinceDate": "2018-10-07",
        "untilDate": "2018-10-08"
      },
      {
        "insertions": 0,
        "deletions": 0,
        "sinceDate": "2018-10-08",
        "untilDate": "2018-10-09"
      },
      {
        "insertions": 0,
        "deletions": 0,
        "sinceDate": "2018-10-09",
        "untilDate": "2018-10-10"
      },
      {
        "insertions": 0,
        "deletions": 0,
        "sinceDate": "2018-10-10",
        "untilDate": "2018-10-11"
      },
      {
        "insertions": 0,
        "deletions": 0,
        "sinceDate": "2018-10-11",
        "untilDate": "2018-10-12"
      },
      {
        "insertions": 0,
        "deletions": 0,
        "sinceDate": "2018-10-12",
        "untilDate": "2018-10-13"
      },
      {
        "insertions": 0,
        "deletions": 0,
        "sinceDate": "2018-10-13",
        "untilDate": "2018-10-14"
      },
      {
        "insertions": 0,
        "deletions": 0,
        "sinceDate": "2018-10-14",
        "untilDate": "2018-10-15"
      },
      {
        "insertions": 0,
        "deletions": 0,
        "sinceDate": "2018-10-15",
        "untilDate": "2018-10-16"
      },
      {
        "insertions": 0,
        "deletions": 0,
        "sinceDate": "2018-10-16",
        "untilDate": "2018-10-17"
      },
      {
        "insertions": 400,
        "deletions": 40,
        "sinceDate": "2018-10-17",
        "untilDate": "2018-10-18"
      },
      {
        "insertions": 0,
        "deletions": 0,
        "sinceDate": "2018-10-18",
        "untilDate": "2018-10-19"
      },
      {
        "insertions": 0,
        "deletions": 0,
        "sinceDate": "2018-10-19",
        "untilDate": "2018-10-20"
      },
      {
        "insertions": 0,
        "deletions": 0,
        "sinceDate": "2018-10-20",
        "untilDate": "2018-10-21"
      },
      {
        "insertions": 0,
        "deletions": 0,
        "sinceDate": "2018-10-21",
        "untilDate": "2018-10-22"
      },
      {
        "insertions": 0,
        "deletions": 0,
        "sinceDate": "2018-10-22",
        "untilDate": "2018-10-23"
      },
      {
        "insertions": 0,
        "deletions": 0,
        "sinceDate": "2018-10-23",
        "untilDate": "2018-10-24"
      },
      {
        "insertions": 0,
        "deletions": 0,
        "sinceDate": "2018-10-24",
        "untilDate": "2018-10-25"
      },
      {
        "insertions": 0,
        "deletions": 0,
        "sinceDate": "2018-10-25",
        "untilDate": "2018-10-26"
      },
      {
        "insertions": 0,
        "deletions": 0,
        "sinceDate": "2018-10-26",
        "untilDate": "2018-10-27"
      },
      {
        "insertions": 0,
        "deletions": 0,
        "sinceDate": "2018-10-27",
        "untilDate": "2018-10-28"
      },
      {
        "insertions": 0,
        "deletions": 0,
        "sinceDate": "2018-10-28",
        "untilDate": "2018-10-29"
      },
      {
        "insertions": 0,
        "deletions": 0,
        "sinceDate": "2018-10-29",
        "untilDate": "2018-10-30"
      },
      {
        "insertions": 0,
        "deletions": 0,
        "sinceDate": "2018-10-30",
        "untilDate": "2018-10-31"
      },
      {
        "insertions": 0,
        "deletions": 0,
        "sinceDate": "2018-10-31",
        "untilDate": "2018-11-01"
      },
      {
        "insertions": 0,
        "deletions": 0,
        "sinceDate": "2018-11-01",
        "untilDate": "2018-11-02"
      },
      {
        "insertions": 0,
        "deletions": 0,
        "sinceDate": "2018-11-02",
        "untilDate": "2018-11-03"
      },
      {
        "insertions": 0,
        "deletions": 0,
        "sinceDate": "2018-11-03",
        "untilDate": "2018-11-04"
      },
      {
        "insertions": 0,
        "deletions": 0,
        "sinceDate": "2018-11-04",
        "untilDate": "2018-11-05"
      },
      {
        "insertions": 0,
        "deletions": 0,
        "sinceDate": "2018-11-05",
        "untilDate": "2018-11-06"
      },
      {
        "insertions": 0,
        "deletions": 0,
        "sinceDate": "2018-11-06",
        "untilDate": "2018-11-07"
      },
      {
        "insertions": 0,
        "deletions": 0,
        "sinceDate": "2018-11-07",
        "untilDate": "2018-11-08"
      },
      {
        "insertions": 0,
        "deletions": 0,
        "sinceDate": "2018-11-08",
        "untilDate": "2018-11-09"
      },
      {
        "insertions": 0,
        "deletions": 0,
        "sinceDate": "2018-11-09",
        "untilDate": "2018-11-10"
      },
      {
        "insertions": 421,
        "deletions": 280,
        "sinceDate": "2018-11-10",
        "untilDate": "2018-11-11"
      },
      {
        "insertions": 298,
        "deletions": 117,
        "sinceDate": "2018-11-11",
        "untilDate": "2018-11-12"
      },
      {
        "insertions": 531,
        "deletions": 103,
        "sinceDate": "2018-11-12",
        "untilDate": "2018-11-13"
      },
      {
        "insertions": 0,
        "deletions": 0,
        "sinceDate": "2018-11-13",
        "untilDate": "2018-11-14"
      },
      {
        "insertions": 0,
        "deletions": 0,
        "sinceDate": "2018-11-14",
        "untilDate": "2018-11-15"
      },
      {
        "insertions": 0,
        "deletions": 0,
        "sinceDate": "2018-11-15",
        "untilDate": "2018-11-16"
      },
      {
        "insertions": 0,
        "deletions": 0,
        "sinceDate": "2018-11-16",
        "untilDate": "2018-11-17"
      }
    ],
    "lixinze777": [
      {
        "insertions": 7,
        "deletions": 10,
        "sinceDate": "2018-09-19",
        "untilDate": "2018-09-20"
      },
      {
        "insertions": 0,
        "deletions": 0,
        "sinceDate": "2018-09-20",
        "untilDate": "2018-09-21"
      },
      {
        "insertions": 0,
        "deletions": 0,
        "sinceDate": "2018-09-21",
        "untilDate": "2018-09-22"
      },
      {
        "insertions": 0,
        "deletions": 0,
        "sinceDate": "2018-09-22",
        "untilDate": "2018-09-23"
      },
      {
        "insertions": 0,
        "deletions": 0,
        "sinceDate": "2018-09-23",
        "untilDate": "2018-09-24"
      },
      {
        "insertions": 0,
        "deletions": 0,
        "sinceDate": "2018-09-24",
        "untilDate": "2018-09-25"
      },
      {
        "insertions": 0,
        "deletions": 0,
        "sinceDate": "2018-09-25",
        "untilDate": "2018-09-26"
      },
      {
        "insertions": 0,
        "deletions": 0,
        "sinceDate": "2018-09-26",
        "untilDate": "2018-09-27"
      },
      {
        "insertions": 0,
        "deletions": 0,
        "sinceDate": "2018-09-27",
        "untilDate": "2018-09-28"
      },
      {
        "insertions": 0,
        "deletions": 0,
        "sinceDate": "2018-09-28",
        "untilDate": "2018-09-29"
      },
      {
        "insertions": 0,
        "deletions": 0,
        "sinceDate": "2018-09-29",
        "untilDate": "2018-09-30"
      },
      {
        "insertions": 0,
        "deletions": 0,
        "sinceDate": "2018-09-30",
        "untilDate": "2018-10-01"
      },
      {
        "insertions": 0,
        "deletions": 0,
        "sinceDate": "2018-10-01",
        "untilDate": "2018-10-02"
      },
      {
        "insertions": 0,
        "deletions": 0,
        "sinceDate": "2018-10-02",
        "untilDate": "2018-10-03"
      },
      {
        "insertions": 122,
        "deletions": 1,
        "sinceDate": "2018-10-03",
        "untilDate": "2018-10-04"
      },
      {
        "insertions": 0,
        "deletions": 0,
        "sinceDate": "2018-10-04",
        "untilDate": "2018-10-05"
      },
      {
        "insertions": 0,
        "deletions": 0,
        "sinceDate": "2018-10-05",
        "untilDate": "2018-10-06"
      },
      {
        "insertions": 0,
        "deletions": 0,
        "sinceDate": "2018-10-06",
        "untilDate": "2018-10-07"
      },
      {
        "insertions": 0,
        "deletions": 0,
        "sinceDate": "2018-10-07",
        "untilDate": "2018-10-08"
      },
      {
        "insertions": 0,
        "deletions": 0,
        "sinceDate": "2018-10-08",
        "untilDate": "2018-10-09"
      },
      {
        "insertions": 0,
        "deletions": 1,
        "sinceDate": "2018-10-09",
        "untilDate": "2018-10-10"
      },
      {
        "insertions": 102,
        "deletions": 24,
        "sinceDate": "2018-10-10",
        "untilDate": "2018-10-11"
      },
      {
        "insertions": 0,
        "deletions": 0,
        "sinceDate": "2018-10-11",
        "untilDate": "2018-10-12"
      },
      {
        "insertions": 0,
        "deletions": 0,
        "sinceDate": "2018-10-12",
        "untilDate": "2018-10-13"
      },
      {
        "insertions": 0,
        "deletions": 0,
        "sinceDate": "2018-10-13",
        "untilDate": "2018-10-14"
      },
      {
        "insertions": 17,
        "deletions": 112,
        "sinceDate": "2018-10-14",
        "untilDate": "2018-10-15"
      },
      {
        "insertions": 0,
        "deletions": 0,
        "sinceDate": "2018-10-15",
        "untilDate": "2018-10-16"
      },
      {
        "insertions": 0,
        "deletions": 0,
        "sinceDate": "2018-10-16",
        "untilDate": "2018-10-17"
      },
      {
        "insertions": 514,
        "deletions": 8,
        "sinceDate": "2018-10-17",
        "untilDate": "2018-10-18"
      },
      {
        "insertions": 0,
        "deletions": 0,
        "sinceDate": "2018-10-18",
        "untilDate": "2018-10-19"
      },
      {
        "insertions": 0,
        "deletions": 0,
        "sinceDate": "2018-10-19",
        "untilDate": "2018-10-20"
      },
      {
        "insertions": 0,
        "deletions": 0,
        "sinceDate": "2018-10-20",
        "untilDate": "2018-10-21"
      },
      {
        "insertions": 0,
        "deletions": 0,
        "sinceDate": "2018-10-21",
        "untilDate": "2018-10-22"
      },
      {
        "insertions": 0,
        "deletions": 0,
        "sinceDate": "2018-10-22",
        "untilDate": "2018-10-23"
      },
      {
        "insertions": 119,
        "deletions": 68,
        "sinceDate": "2018-10-23",
        "untilDate": "2018-10-24"
      },
      {
        "insertions": 176,
        "deletions": 49,
        "sinceDate": "2018-10-24",
        "untilDate": "2018-10-25"
      },
      {
        "insertions": 0,
        "deletions": 0,
        "sinceDate": "2018-10-25",
        "untilDate": "2018-10-26"
      },
      {
        "insertions": 4,
        "deletions": 8,
        "sinceDate": "2018-10-26",
        "untilDate": "2018-10-27"
      },
      {
        "insertions": 149,
        "deletions": 23,
        "sinceDate": "2018-10-27",
        "untilDate": "2018-10-28"
      },
      {
        "insertions": 0,
        "deletions": 0,
        "sinceDate": "2018-10-28",
        "untilDate": "2018-10-29"
      },
      {
        "insertions": 50,
        "deletions": 27,
        "sinceDate": "2018-10-29",
        "untilDate": "2018-10-30"
      },
      {
        "insertions": 46,
        "deletions": 226,
        "sinceDate": "2018-10-30",
        "untilDate": "2018-10-31"
      },
      {
        "insertions": 53,
        "deletions": 42,
        "sinceDate": "2018-10-31",
        "untilDate": "2018-11-01"
      },
      {
        "insertions": 0,
        "deletions": 0,
        "sinceDate": "2018-11-01",
        "untilDate": "2018-11-02"
      },
      {
        "insertions": 0,
        "deletions": 0,
        "sinceDate": "2018-11-02",
        "untilDate": "2018-11-03"
      },
      {
        "insertions": 0,
        "deletions": 0,
        "sinceDate": "2018-11-03",
        "untilDate": "2018-11-04"
      },
      {
        "insertions": 3,
        "deletions": 3,
        "sinceDate": "2018-11-04",
        "untilDate": "2018-11-05"
      },
      {
        "insertions": 129,
        "deletions": 26,
        "sinceDate": "2018-11-05",
        "untilDate": "2018-11-06"
      },
      {
        "insertions": 425,
        "deletions": 316,
        "sinceDate": "2018-11-06",
        "untilDate": "2018-11-07"
      },
      {
        "insertions": 196,
        "deletions": 6,
        "sinceDate": "2018-11-07",
        "untilDate": "2018-11-08"
      },
      {
        "insertions": 0,
        "deletions": 0,
        "sinceDate": "2018-11-08",
        "untilDate": "2018-11-09"
      },
      {
        "insertions": 17,
        "deletions": 9,
        "sinceDate": "2018-11-09",
        "untilDate": "2018-11-10"
      },
      {
        "insertions": 16,
        "deletions": 9,
        "sinceDate": "2018-11-10",
        "untilDate": "2018-11-11"
      },
      {
        "insertions": 6,
        "deletions": 6,
        "sinceDate": "2018-11-11",
        "untilDate": "2018-11-12"
      },
      {
        "insertions": 533,
        "deletions": 163,
        "sinceDate": "2018-11-12",
        "untilDate": "2018-11-13"
      },
      {
        "insertions": 0,
        "deletions": 0,
        "sinceDate": "2018-11-13",
        "untilDate": "2018-11-14"
      },
      {
        "insertions": 0,
        "deletions": 0,
        "sinceDate": "2018-11-14",
        "untilDate": "2018-11-15"
      },
      {
        "insertions": 0,
        "deletions": 0,
        "sinceDate": "2018-11-15",
        "untilDate": "2018-11-16"
      },
      {
        "insertions": 0,
        "deletions": 0,
        "sinceDate": "2018-11-16",
        "untilDate": "2018-11-17"
      }
    ]
  },
  "authorFinalContributionMap": {
    "shuiherng": 5114,
    "ZZG229": 2116,
    "kumuwu": 2768,
    "pratyushghosh": 1006,
    "lixinze777": 2083
  },
  "authorContributionVariance": {
    "shuiherng": 292620.28,
    "ZZG229": 235896.77,
    "kumuwu": 33677.31,
    "pratyushghosh": 23378.451,
    "lixinze777": 23339.475
  },
  "authorDisplayNameMap": {
    "shuiherng": "QUEK ...HERNG",
    "ZZG229": "ZHOU ...EGANG",
    "kumuwu": "ZHANG...LIZHI",
    "pratyushghosh": "PRATY...GHOSH",
    "lixinze777": "LI ...NZE"
  }
}
