{
  "dashboardGeneratedTime": "Mon Oct 15 23:08:44 SGT 2018",
  "repos": [
    {
      "location": "https://github.com/CS2103-AY1819S1-F10-1/main.git",
      "organization": "CS2103-AY1819S1-F10-1",
      "repoName": "main",
      "branch": "master",
      "displayName": "CS2103-AY1819S1-F10-1_main_master",
      "sinceDate": "2018-09-01"
    },
    {
      "location": "https://github.com/CS2103-AY1819S1-F10-2/main.git",
      "organization": "CS2103-AY1819S1-F10-2",
      "repoName": "main",
      "branch": "master",
      "displayName": "CS2103-AY1819S1-F10-2_main_master",
      "sinceDate": "2018-09-01"
    },
    {
      "location": "https://github.com/CS2103-AY1819S1-F10-3/main.git",
      "organization": "CS2103-AY1819S1-F10-3",
      "repoName": "main",
      "branch": "master",
      "displayName": "CS2103-AY1819S1-F10-3_main_master",
      "sinceDate": "2018-09-01"
    },
    {
      "location": "https://github.com/CS2103-AY1819S1-F10-4/main.git",
      "organization": "CS2103-AY1819S1-F10-4",
      "repoName": "main",
      "branch": "master",
      "displayName": "CS2103-AY1819S1-F10-4_main_master",
      "sinceDate": "2018-09-01"
    },
    {
      "location": "https://github.com/CS2103-AY1819S1-F11-1/main.git",
      "organization": "CS2103-AY1819S1-F11-1",
      "repoName": "main",
      "branch": "master",
      "displayName": "CS2103-AY1819S1-F11-1_main_master",
      "sinceDate": "2018-09-01"
    },
    {
      "location": "https://github.com/CS2103-AY1819S1-F11-2/main.git",
      "organization": "CS2103-AY1819S1-F11-2",
      "repoName": "main",
      "branch": "master",
      "displayName": "CS2103-AY1819S1-F11-2_main_master",
      "sinceDate": "2018-09-01"
    },
    {
      "location": "https://github.com/CS2103-AY1819S1-F11-3/main.git",
      "organization": "CS2103-AY1819S1-F11-3",
      "repoName": "main",
      "branch": "master",
      "displayName": "CS2103-AY1819S1-F11-3_main_master",
      "sinceDate": "2018-09-01"
    },
    {
      "location": "https://github.com/CS2103-AY1819S1-F11-4/main.git",
      "organization": "CS2103-AY1819S1-F11-4",
      "repoName": "main",
      "branch": "master",
      "displayName": "CS2103-AY1819S1-F11-4_main_master",
      "sinceDate": "2018-09-01"
    },
    {
      "location": "https://github.com/CS2103-AY1819S1-T09-1/main.git",
      "organization": "CS2103-AY1819S1-T09-1",
      "repoName": "main",
      "branch": "master",
      "displayName": "CS2103-AY1819S1-T09-1_main_master",
      "sinceDate": "2018-09-01"
    },
    {
      "location": "https://github.com/CS2103-AY1819S1-T09-2/main.git",
      "organization": "CS2103-AY1819S1-T09-2",
      "repoName": "main",
      "branch": "master",
      "displayName": "CS2103-AY1819S1-T09-2_main_master",
      "sinceDate": "2018-09-01"
    },
    {
      "location": "https://github.com/CS2103-AY1819S1-T09-3/main.git",
      "organization": "CS2103-AY1819S1-T09-3",
      "repoName": "main",
      "branch": "master",
      "displayName": "CS2103-AY1819S1-T09-3_main_master",
      "sinceDate": "2018-09-01"
    },
    {
      "location": "https://github.com/CS2103-AY1819S1-T09-4/main.git",
      "organization": "CS2103-AY1819S1-T09-4",
      "repoName": "main",
      "branch": "master",
      "displayName": "CS2103-AY1819S1-T09-4_main_master",
      "sinceDate": "2018-09-01"
    },
    {
      "location": "https://github.com/CS2103-AY1819S1-T10-1/main.git",
      "organization": "CS2103-AY1819S1-T10-1",
      "repoName": "main",
      "branch": "master",
      "displayName": "CS2103-AY1819S1-T10-1_main_master",
      "sinceDate": "2018-09-01"
    },
    {
      "location": "https://github.com/CS2103-AY1819S1-T10-2/main.git",
      "organization": "CS2103-AY1819S1-T10-2",
      "repoName": "main",
      "branch": "master",
      "displayName": "CS2103-AY1819S1-T10-2_main_master",
      "sinceDate": "2018-09-01"
    },
    {
      "location": "https://github.com/CS2103-AY1819S1-T10-3/main.git",
      "organization": "CS2103-AY1819S1-T10-3",
      "repoName": "main",
      "branch": "master",
      "displayName": "CS2103-AY1819S1-T10-3_main_master",
      "sinceDate": "2018-09-01"
    },
    {
      "location": "https://github.com/CS2103-AY1819S1-T12-1/main.git",
      "organization": "CS2103-AY1819S1-T12-1",
      "repoName": "main",
      "branch": "master",
      "displayName": "CS2103-AY1819S1-T12-1_main_master",
      "sinceDate": "2018-09-01"
    },
    {
      "location": "https://github.com/CS2103-AY1819S1-T12-2/main.git",
      "organization": "CS2103-AY1819S1-T12-2",
      "repoName": "main",
      "branch": "master",
      "displayName": "CS2103-AY1819S1-T12-2_main_master",
      "sinceDate": "2018-09-01"
    },
    {
      "location": "https://github.com/CS2103-AY1819S1-T12-3/main.git",
      "organization": "CS2103-AY1819S1-T12-3",
      "repoName": "main",
      "branch": "master",
      "displayName": "CS2103-AY1819S1-T12-3_main_master",
      "sinceDate": "2018-09-01"
    },
    {
      "location": "https://github.com/CS2103-AY1819S1-T12-4/main.git",
      "organization": "CS2103-AY1819S1-T12-4",
      "repoName": "main",
      "branch": "master",
      "displayName": "CS2103-AY1819S1-T12-4_main_master",
      "sinceDate": "2018-09-01"
    },
    {
      "location": "https://github.com/CS2103-AY1819S1-T13-1/main.git",
      "organization": "CS2103-AY1819S1-T13-1",
      "repoName": "main",
      "branch": "master",
      "displayName": "CS2103-AY1819S1-T13-1_main_master",
      "sinceDate": "2018-09-01"
    },
    {
      "location": "https://github.com/CS2103-AY1819S1-T13-2/main.git",
      "organization": "CS2103-AY1819S1-T13-2",
      "repoName": "main",
      "branch": "master",
      "displayName": "CS2103-AY1819S1-T13-2_main_master",
      "sinceDate": "2018-09-01"
    },
    {
      "location": "https://github.com/CS2103-AY1819S1-T13-3/main.git",
      "organization": "CS2103-AY1819S1-T13-3",
      "repoName": "main",
      "branch": "master",
      "displayName": "CS2103-AY1819S1-T13-3_main_master",
      "sinceDate": "2018-09-01"
    },
    {
      "location": "https://github.com/CS2103-AY1819S1-T13-4/main.git",
      "organization": "CS2103-AY1819S1-T13-4",
      "repoName": "main",
      "branch": "master",
      "displayName": "CS2103-AY1819S1-T13-4_main_master",
      "sinceDate": "2018-09-01"
    },
    {
      "location": "https://github.com/CS2103-AY1819S1-T16-1/main.git",
      "organization": "CS2103-AY1819S1-T16-1",
      "repoName": "main",
      "branch": "master",
      "displayName": "CS2103-AY1819S1-T16-1_main_master",
      "sinceDate": "2018-09-01"
    },
    {
      "location": "https://github.com/CS2103-AY1819S1-T16-2/main.git",
      "organization": "CS2103-AY1819S1-T16-2",
      "repoName": "main",
      "branch": "master",
      "displayName": "CS2103-AY1819S1-T16-2_main_master",
      "sinceDate": "2018-09-01"
    },
    {
      "location": "https://github.com/CS2103-AY1819S1-T16-3/main.git",
      "organization": "CS2103-AY1819S1-T16-3",
      "repoName": "main",
      "branch": "master",
      "displayName": "CS2103-AY1819S1-T16-3_main_master",
      "sinceDate": "2018-09-01"
    },
    {
      "location": "https://github.com/CS2103-AY1819S1-T16-4/main.git",
      "organization": "CS2103-AY1819S1-T16-4",
      "repoName": "main",
      "branch": "master",
      "displayName": "CS2103-AY1819S1-T16-4_main_master",
      "sinceDate": "2018-09-01"
    },
    {
      "location": "https://github.com/CS2103-AY1819S1-W10-1/main.git",
      "organization": "CS2103-AY1819S1-W10-1",
      "repoName": "main",
      "branch": "master",
      "displayName": "CS2103-AY1819S1-W10-1_main_master",
      "sinceDate": "2018-09-01"
    },
    {
      "location": "https://github.com/CS2103-AY1819S1-W10-2/main.git",
      "organization": "CS2103-AY1819S1-W10-2",
      "repoName": "main",
      "branch": "master",
      "displayName": "CS2103-AY1819S1-W10-2_main_master",
      "sinceDate": "2018-09-01"
    },
    {
      "location": "https://github.com/CS2103-AY1819S1-W10-3/main.git",
      "organization": "CS2103-AY1819S1-W10-3",
      "repoName": "main",
      "branch": "master",
      "displayName": "CS2103-AY1819S1-W10-3_main_master",
      "sinceDate": "2018-09-01"
    },
    {
      "location": "https://github.com/CS2103-AY1819S1-W10-4/main.git",
      "organization": "CS2103-AY1819S1-W10-4",
      "repoName": "main",
      "branch": "master",
      "displayName": "CS2103-AY1819S1-W10-4_main_master",
      "sinceDate": "2018-09-01"
    },
    {
      "location": "https://github.com/CS2103-AY1819S1-W12-1/main.git",
      "organization": "CS2103-AY1819S1-W12-1",
      "repoName": "main",
      "branch": "master",
      "displayName": "CS2103-AY1819S1-W12-1_main_master",
      "sinceDate": "2018-09-01"
    },
    {
      "location": "https://github.com/CS2103-AY1819S1-W12-2/main.git",
      "organization": "CS2103-AY1819S1-W12-2",
      "repoName": "main",
      "branch": "master",
      "displayName": "CS2103-AY1819S1-W12-2_main_master",
      "sinceDate": "2018-09-01"
    },
    {
      "location": "https://github.com/CS2103-AY1819S1-W12-3/main.git",
      "organization": "CS2103-AY1819S1-W12-3",
      "repoName": "main",
      "branch": "master",
      "displayName": "CS2103-AY1819S1-W12-3_main_master",
      "sinceDate": "2018-09-01"
    },
    {
      "location": "https://github.com/CS2103-AY1819S1-W12-4/main.git",
      "organization": "CS2103-AY1819S1-W12-4",
      "repoName": "main",
      "branch": "master",
      "displayName": "CS2103-AY1819S1-W12-4_main_master",
      "sinceDate": "2018-09-01"
    },
    {
      "location": "https://github.com/CS2103-AY1819S1-W13-1/main.git",
      "organization": "CS2103-AY1819S1-W13-1",
      "repoName": "main",
      "branch": "master",
      "displayName": "CS2103-AY1819S1-W13-1_main_master",
      "sinceDate": "2018-09-01"
    },
    {
      "location": "https://github.com/CS2103-AY1819S1-W13-2/main.git",
      "organization": "CS2103-AY1819S1-W13-2",
      "repoName": "main",
      "branch": "master",
      "displayName": "CS2103-AY1819S1-W13-2_main_master",
      "sinceDate": "2018-09-01"
    },
    {
      "location": "https://github.com/CS2103-AY1819S1-W13-3/main.git",
      "organization": "CS2103-AY1819S1-W13-3",
      "repoName": "main",
      "branch": "master",
      "displayName": "CS2103-AY1819S1-W13-3_main_master",
      "sinceDate": "2018-09-01"
    },
    {
      "location": "https://github.com/CS2103-AY1819S1-W13-4/main.git",
      "organization": "CS2103-AY1819S1-W13-4",
      "repoName": "main",
      "branch": "master",
      "displayName": "CS2103-AY1819S1-W13-4_main_master",
      "sinceDate": "2018-09-01"
    },
    {
      "location": "https://github.com/CS2103-AY1819S1-W14-1/main.git",
      "organization": "CS2103-AY1819S1-W14-1",
      "repoName": "main",
      "branch": "master",
      "displayName": "CS2103-AY1819S1-W14-1_main_master",
      "sinceDate": "2018-09-01"
    },
    {
      "location": "https://github.com/CS2103-AY1819S1-W14-2/main.git",
      "organization": "CS2103-AY1819S1-W14-2",
      "repoName": "main",
      "branch": "master",
      "displayName": "CS2103-AY1819S1-W14-2_main_master",
      "sinceDate": "2018-09-01"
    },
    {
      "location": "https://github.com/CS2103-AY1819S1-W14-3/main.git",
      "organization": "CS2103-AY1819S1-W14-3",
      "repoName": "main",
      "branch": "master",
      "displayName": "CS2103-AY1819S1-W14-3_main_master",
      "sinceDate": "2018-09-01"
    },
    {
      "location": "https://github.com/CS2103-AY1819S1-W14-4/main.git",
      "organization": "CS2103-AY1819S1-W14-4",
      "repoName": "main",
      "branch": "master",
      "displayName": "CS2103-AY1819S1-W14-4_main_master",
      "sinceDate": "2018-09-01"
    },
    {
      "location": "https://github.com/CS2103-AY1819S1-W16-1/main.git",
      "organization": "CS2103-AY1819S1-W16-1",
      "repoName": "main",
      "branch": "master",
      "displayName": "CS2103-AY1819S1-W16-1_main_master",
      "sinceDate": "2018-09-01"
    },
    {
      "location": "https://github.com/CS2103-AY1819S1-W16-2/main.git",
      "organization": "CS2103-AY1819S1-W16-2",
      "repoName": "main",
      "branch": "master",
      "displayName": "CS2103-AY1819S1-W16-2_main_master",
      "sinceDate": "2018-09-01"
    },
    {
      "location": "https://github.com/CS2103-AY1819S1-W16-3/main.git",
      "organization": "CS2103-AY1819S1-W16-3",
      "repoName": "main",
      "branch": "master",
      "displayName": "CS2103-AY1819S1-W16-3_main_master",
      "sinceDate": "2018-09-01"
    },
    {
      "location": "https://github.com/CS2103-AY1819S1-W16-4/main.git",
      "organization": "CS2103-AY1819S1-W16-4",
      "repoName": "main",
      "branch": "master",
      "displayName": "CS2103-AY1819S1-W16-4_main_master",
      "sinceDate": "2018-09-01"
    },
    {
      "location": "https://github.com/CS2103-AY1819S1-W17-1/main.git",
      "organization": "CS2103-AY1819S1-W17-1",
      "repoName": "main",
      "branch": "master",
      "displayName": "CS2103-AY1819S1-W17-1_main_master",
      "sinceDate": "2018-09-01"
    },
    {
      "location": "https://github.com/CS2103-AY1819S1-W17-2/main.git",
      "organization": "CS2103-AY1819S1-W17-2",
      "repoName": "main",
      "branch": "master",
      "displayName": "CS2103-AY1819S1-W17-2_main_master",
      "sinceDate": "2018-09-01"
    },
    {
      "location": "https://github.com/CS2103-AY1819S1-W17-3/main.git",
      "organization": "CS2103-AY1819S1-W17-3",
      "repoName": "main",
      "branch": "master",
      "displayName": "CS2103-AY1819S1-W17-3_main_master",
      "sinceDate": "2018-09-01"
    },
    {
      "location": "https://github.com/CS2103-AY1819S1-W17-4/main.git",
      "organization": "CS2103-AY1819S1-W17-4",
      "repoName": "main",
      "branch": "master",
      "displayName": "CS2103-AY1819S1-W17-4_main_master",
      "sinceDate": "2018-09-01"
    }
  ]
}
