{
  "authorWeeklyIntervalContributions": {
    "trafalgarandre": [
      {
        "insertions": 99,
        "deletions": 13,
        "sinceDate": "2018-02-26",
        "untilDate": "2018-03-05"
      },
      {
        "insertions": 117,
        "deletions": 72,
        "sinceDate": "2018-03-05",
        "untilDate": "2018-03-12"
      },
      {
        "insertions": 467,
        "deletions": 169,
        "sinceDate": "2018-03-12",
        "untilDate": "2018-03-19"
      },
      {
        "insertions": 346,
        "deletions": 138,
        "sinceDate": "2018-03-19",
        "untilDate": "2018-03-26"
      },
      {
        "insertions": 481,
        "deletions": 65,
        "sinceDate": "2018-03-26",
        "untilDate": "2018-04-02"
      },
      {
        "insertions": 4305,
        "deletions": 270,
        "sinceDate": "2018-04-02",
        "untilDate": "2018-04-09"
      },
      {
        "insertions": 438,
        "deletions": 116,
        "sinceDate": "2018-04-09",
        "untilDate": "2018-04-16"
      }
    ],
    "kush1509": [
      {
        "insertions": 227,
        "deletions": 83,
        "sinceDate": "2018-02-26",
        "untilDate": "2018-03-05"
      },
      {
        "insertions": 340,
        "deletions": 84,
        "sinceDate": "2018-03-05",
        "untilDate": "2018-03-12"
      },
      {
        "insertions": 635,
        "deletions": 181,
        "sinceDate": "2018-03-12",
        "untilDate": "2018-03-19"
      },
      {
        "insertions": 1630,
        "deletions": 314,
        "sinceDate": "2018-03-19",
        "untilDate": "2018-03-26"
      },
      {
        "insertions": 4712,
        "deletions": 1063,
        "sinceDate": "2018-03-26",
        "untilDate": "2018-04-02"
      },
      {
        "insertions": 2454,
        "deletions": 1265,
        "sinceDate": "2018-04-02",
        "untilDate": "2018-04-09"
      },
      {
        "insertions": 1645,
        "deletions": 431,
        "sinceDate": "2018-04-09",
        "untilDate": "2018-04-16"
      }
    ],
    "KevinCJH": [
      {
        "insertions": 0,
        "deletions": 0,
        "sinceDate": "2018-02-26",
        "untilDate": "2018-03-05"
      },
      {
        "insertions": 0,
        "deletions": 0,
        "sinceDate": "2018-03-05",
        "untilDate": "2018-03-12"
      },
      {
        "insertions": 0,
        "deletions": 0,
        "sinceDate": "2018-03-12",
        "untilDate": "2018-03-19"
      },
      {
        "insertions": 0,
        "deletions": 0,
        "sinceDate": "2018-03-19",
        "untilDate": "2018-03-26"
      },
      {
        "insertions": 0,
        "deletions": 0,
        "sinceDate": "2018-03-26",
        "untilDate": "2018-04-02"
      },
      {
        "insertions": 0,
        "deletions": 0,
        "sinceDate": "2018-04-02",
        "untilDate": "2018-04-09"
      },
      {
        "insertions": 0,
        "deletions": 0,
        "sinceDate": "2018-04-09",
        "untilDate": "2018-04-16"
      }
    ],
    "Jason1im": [
      {
        "insertions": 0,
        "deletions": 0,
        "sinceDate": "2018-02-26",
        "untilDate": "2018-03-05"
      },
      {
        "insertions": 3,
        "deletions": 16,
        "sinceDate": "2018-03-05",
        "untilDate": "2018-03-12"
      },
      {
        "insertions": 49,
        "deletions": 50,
        "sinceDate": "2018-03-12",
        "untilDate": "2018-03-19"
      },
      {
        "insertions": 0,
        "deletions": 0,
        "sinceDate": "2018-03-19",
        "untilDate": "2018-03-26"
      },
      {
        "insertions": 1,
        "deletions": 1,
        "sinceDate": "2018-03-26",
        "untilDate": "2018-04-02"
      },
      {
        "insertions": 45,
        "deletions": 4,
        "sinceDate": "2018-04-02",
        "untilDate": "2018-04-09"
      },
      {
        "insertions": 891,
        "deletions": 175,
        "sinceDate": "2018-04-09",
        "untilDate": "2018-04-16"
      }
    ]
  },
  "authorDailyIntervalContributions": {
    "trafalgarandre": [
      {
        "insertions": 0,
        "deletions": 0,
        "sinceDate": "2018-02-26",
        "untilDate": "2018-02-27"
      },
      {
        "insertions": 0,
        "deletions": 0,
        "sinceDate": "2018-02-27",
        "untilDate": "2018-02-28"
      },
      {
        "insertions": 55,
        "deletions": 13,
        "sinceDate": "2018-02-28",
        "untilDate": "2018-03-01"
      },
      {
        "insertions": 0,
        "deletions": 0,
        "sinceDate": "2018-03-01",
        "untilDate": "2018-03-02"
      },
      {
        "insertions": 0,
        "deletions": 0,
        "sinceDate": "2018-03-02",
        "untilDate": "2018-03-03"
      },
      {
        "insertions": 0,
        "deletions": 0,
        "sinceDate": "2018-03-03",
        "untilDate": "2018-03-04"
      },
      {
        "insertions": 44,
        "deletions": 0,
        "sinceDate": "2018-03-04",
        "untilDate": "2018-03-05"
      },
      {
        "insertions": 0,
        "deletions": 0,
        "sinceDate": "2018-03-05",
        "untilDate": "2018-03-06"
      },
      {
        "insertions": 82,
        "deletions": 71,
        "sinceDate": "2018-03-06",
        "untilDate": "2018-03-07"
      },
      {
        "insertions": 35,
        "deletions": 1,
        "sinceDate": "2018-03-07",
        "untilDate": "2018-03-08"
      },
      {
        "insertions": 0,
        "deletions": 0,
        "sinceDate": "2018-03-08",
        "untilDate": "2018-03-09"
      },
      {
        "insertions": 0,
        "deletions": 0,
        "sinceDate": "2018-03-09",
        "untilDate": "2018-03-10"
      },
      {
        "insertions": 0,
        "deletions": 0,
        "sinceDate": "2018-03-10",
        "untilDate": "2018-03-11"
      },
      {
        "insertions": 0,
        "deletions": 0,
        "sinceDate": "2018-03-11",
        "untilDate": "2018-03-12"
      },
      {
        "insertions": 0,
        "deletions": 0,
        "sinceDate": "2018-03-12",
        "untilDate": "2018-03-13"
      },
      {
        "insertions": 0,
        "deletions": 0,
        "sinceDate": "2018-03-13",
        "untilDate": "2018-03-14"
      },
      {
        "insertions": 39,
        "deletions": 31,
        "sinceDate": "2018-03-14",
        "untilDate": "2018-03-15"
      },
      {
        "insertions": 428,
        "deletions": 138,
        "sinceDate": "2018-03-15",
        "untilDate": "2018-03-16"
      },
      {
        "insertions": 0,
        "deletions": 0,
        "sinceDate": "2018-03-16",
        "untilDate": "2018-03-17"
      },
      {
        "insertions": 0,
        "deletions": 0,
        "sinceDate": "2018-03-17",
        "untilDate": "2018-03-18"
      },
      {
        "insertions": 0,
        "deletions": 0,
        "sinceDate": "2018-03-18",
        "untilDate": "2018-03-19"
      },
      {
        "insertions": 45,
        "deletions": 19,
        "sinceDate": "2018-03-19",
        "untilDate": "2018-03-20"
      },
      {
        "insertions": 0,
        "deletions": 0,
        "sinceDate": "2018-03-20",
        "untilDate": "2018-03-21"
      },
      {
        "insertions": 242,
        "deletions": 109,
        "sinceDate": "2018-03-21",
        "untilDate": "2018-03-22"
      },
      {
        "insertions": 0,
        "deletions": 0,
        "sinceDate": "2018-03-22",
        "untilDate": "2018-03-23"
      },
      {
        "insertions": 0,
        "deletions": 0,
        "sinceDate": "2018-03-23",
        "untilDate": "2018-03-24"
      },
      {
        "insertions": 9,
        "deletions": 5,
        "sinceDate": "2018-03-24",
        "untilDate": "2018-03-25"
      },
      {
        "insertions": 50,
        "deletions": 5,
        "sinceDate": "2018-03-25",
        "untilDate": "2018-03-26"
      },
      {
        "insertions": 188,
        "deletions": 51,
        "sinceDate": "2018-03-26",
        "untilDate": "2018-03-27"
      },
      {
        "insertions": 281,
        "deletions": 9,
        "sinceDate": "2018-03-27",
        "untilDate": "2018-03-28"
      },
      {
        "insertions": 12,
        "deletions": 5,
        "sinceDate": "2018-03-28",
        "untilDate": "2018-03-29"
      },
      {
        "insertions": 0,
        "deletions": 0,
        "sinceDate": "2018-03-29",
        "untilDate": "2018-03-30"
      },
      {
        "insertions": 0,
        "deletions": 0,
        "sinceDate": "2018-03-30",
        "untilDate": "2018-03-31"
      },
      {
        "insertions": 0,
        "deletions": 0,
        "sinceDate": "2018-03-31",
        "untilDate": "2018-04-01"
      },
      {
        "insertions": 0,
        "deletions": 0,
        "sinceDate": "2018-04-01",
        "untilDate": "2018-04-02"
      },
      {
        "insertions": 2818,
        "deletions": 123,
        "sinceDate": "2018-04-02",
        "untilDate": "2018-04-03"
      },
      {
        "insertions": 688,
        "deletions": 25,
        "sinceDate": "2018-04-03",
        "untilDate": "2018-04-04"
      },
      {
        "insertions": 122,
        "deletions": 9,
        "sinceDate": "2018-04-04",
        "untilDate": "2018-04-05"
      },
      {
        "insertions": 330,
        "deletions": 11,
        "sinceDate": "2018-04-05",
        "untilDate": "2018-04-06"
      },
      {
        "insertions": 245,
        "deletions": 92,
        "sinceDate": "2018-04-06",
        "untilDate": "2018-04-07"
      },
      {
        "insertions": 102,
        "deletions": 10,
        "sinceDate": "2018-04-07",
        "untilDate": "2018-04-08"
      },
      {
        "insertions": 0,
        "deletions": 0,
        "sinceDate": "2018-04-08",
        "untilDate": "2018-04-09"
      },
      {
        "insertions": 0,
        "deletions": 0,
        "sinceDate": "2018-04-09",
        "untilDate": "2018-04-10"
      },
      {
        "insertions": 0,
        "deletions": 0,
        "sinceDate": "2018-04-10",
        "untilDate": "2018-04-11"
      },
      {
        "insertions": 260,
        "deletions": 28,
        "sinceDate": "2018-04-11",
        "untilDate": "2018-04-12"
      },
      {
        "insertions": 0,
        "deletions": 0,
        "sinceDate": "2018-04-12",
        "untilDate": "2018-04-13"
      },
      {
        "insertions": 0,
        "deletions": 0,
        "sinceDate": "2018-04-13",
        "untilDate": "2018-04-14"
      },
      {
        "insertions": 0,
        "deletions": 0,
        "sinceDate": "2018-04-14",
        "untilDate": "2018-04-15"
      },
      {
        "insertions": 178,
        "deletions": 88,
        "sinceDate": "2018-04-15",
        "untilDate": "2018-04-16"
      }
    ],
    "kush1509": [
      {
        "insertions": 4,
        "deletions": 4,
        "sinceDate": "2018-02-26",
        "untilDate": "2018-02-27"
      },
      {
        "insertions": 0,
        "deletions": 0,
        "sinceDate": "2018-02-27",
        "untilDate": "2018-02-28"
      },
      {
        "insertions": 35,
        "deletions": 8,
        "sinceDate": "2018-02-28",
        "untilDate": "2018-03-01"
      },
      {
        "insertions": 0,
        "deletions": 0,
        "sinceDate": "2018-03-01",
        "untilDate": "2018-03-02"
      },
      {
        "insertions": 0,
        "deletions": 0,
        "sinceDate": "2018-03-02",
        "untilDate": "2018-03-03"
      },
      {
        "insertions": 188,
        "deletions": 71,
        "sinceDate": "2018-03-03",
        "untilDate": "2018-03-04"
      },
      {
        "insertions": 0,
        "deletions": 0,
        "sinceDate": "2018-03-04",
        "untilDate": "2018-03-05"
      },
      {
        "insertions": 0,
        "deletions": 0,
        "sinceDate": "2018-03-05",
        "untilDate": "2018-03-06"
      },
      {
        "insertions": 0,
        "deletions": 0,
        "sinceDate": "2018-03-06",
        "untilDate": "2018-03-07"
      },
      {
        "insertions": 0,
        "deletions": 0,
        "sinceDate": "2018-03-07",
        "untilDate": "2018-03-08"
      },
      {
        "insertions": 0,
        "deletions": 0,
        "sinceDate": "2018-03-08",
        "untilDate": "2018-03-09"
      },
      {
        "insertions": 0,
        "deletions": 0,
        "sinceDate": "2018-03-09",
        "untilDate": "2018-03-10"
      },
      {
        "insertions": 340,
        "deletions": 84,
        "sinceDate": "2018-03-10",
        "untilDate": "2018-03-11"
      },
      {
        "insertions": 0,
        "deletions": 0,
        "sinceDate": "2018-03-11",
        "untilDate": "2018-03-12"
      },
      {
        "insertions": 255,
        "deletions": 37,
        "sinceDate": "2018-03-12",
        "untilDate": "2018-03-13"
      },
      {
        "insertions": 380,
        "deletions": 144,
        "sinceDate": "2018-03-13",
        "untilDate": "2018-03-14"
      },
      {
        "insertions": 0,
        "deletions": 0,
        "sinceDate": "2018-03-14",
        "untilDate": "2018-03-15"
      },
      {
        "insertions": 0,
        "deletions": 0,
        "sinceDate": "2018-03-15",
        "untilDate": "2018-03-16"
      },
      {
        "insertions": 0,
        "deletions": 0,
        "sinceDate": "2018-03-16",
        "untilDate": "2018-03-17"
      },
      {
        "insertions": 0,
        "deletions": 0,
        "sinceDate": "2018-03-17",
        "untilDate": "2018-03-18"
      },
      {
        "insertions": 0,
        "deletions": 0,
        "sinceDate": "2018-03-18",
        "untilDate": "2018-03-19"
      },
      {
        "insertions": 133,
        "deletions": 122,
        "sinceDate": "2018-03-19",
        "untilDate": "2018-03-20"
      },
      {
        "insertions": 135,
        "deletions": 79,
        "sinceDate": "2018-03-20",
        "untilDate": "2018-03-21"
      },
      {
        "insertions": 0,
        "deletions": 0,
        "sinceDate": "2018-03-21",
        "untilDate": "2018-03-22"
      },
      {
        "insertions": 0,
        "deletions": 0,
        "sinceDate": "2018-03-22",
        "untilDate": "2018-03-23"
      },
      {
        "insertions": 0,
        "deletions": 0,
        "sinceDate": "2018-03-23",
        "untilDate": "2018-03-24"
      },
      {
        "insertions": 0,
        "deletions": 0,
        "sinceDate": "2018-03-24",
        "untilDate": "2018-03-25"
      },
      {
        "insertions": 1362,
        "deletions": 113,
        "sinceDate": "2018-03-25",
        "untilDate": "2018-03-26"
      },
      {
        "insertions": 469,
        "deletions": 99,
        "sinceDate": "2018-03-26",
        "untilDate": "2018-03-27"
      },
      {
        "insertions": 813,
        "deletions": 373,
        "sinceDate": "2018-03-27",
        "untilDate": "2018-03-28"
      },
      {
        "insertions": 2,
        "deletions": 2,
        "sinceDate": "2018-03-28",
        "untilDate": "2018-03-29"
      },
      {
        "insertions": 0,
        "deletions": 0,
        "sinceDate": "2018-03-29",
        "untilDate": "2018-03-30"
      },
      {
        "insertions": 0,
        "deletions": 0,
        "sinceDate": "2018-03-30",
        "untilDate": "2018-03-31"
      },
      {
        "insertions": 2191,
        "deletions": 274,
        "sinceDate": "2018-03-31",
        "untilDate": "2018-04-01"
      },
      {
        "insertions": 1237,
        "deletions": 315,
        "sinceDate": "2018-04-01",
        "untilDate": "2018-04-02"
      },
      {
        "insertions": 18,
        "deletions": 30,
        "sinceDate": "2018-04-02",
        "untilDate": "2018-04-03"
      },
      {
        "insertions": 1170,
        "deletions": 1079,
        "sinceDate": "2018-04-03",
        "untilDate": "2018-04-04"
      },
      {
        "insertions": 20,
        "deletions": 92,
        "sinceDate": "2018-04-04",
        "untilDate": "2018-04-05"
      },
      {
        "insertions": 0,
        "deletions": 0,
        "sinceDate": "2018-04-05",
        "untilDate": "2018-04-06"
      },
      {
        "insertions": 1,
        "deletions": 1,
        "sinceDate": "2018-04-06",
        "untilDate": "2018-04-07"
      },
      {
        "insertions": 0,
        "deletions": 0,
        "sinceDate": "2018-04-07",
        "untilDate": "2018-04-08"
      },
      {
        "insertions": 1245,
        "deletions": 63,
        "sinceDate": "2018-04-08",
        "untilDate": "2018-04-09"
      },
      {
        "insertions": 1000,
        "deletions": 137,
        "sinceDate": "2018-04-09",
        "untilDate": "2018-04-10"
      },
      {
        "insertions": 312,
        "deletions": 5,
        "sinceDate": "2018-04-10",
        "untilDate": "2018-04-11"
      },
      {
        "insertions": 35,
        "deletions": 11,
        "sinceDate": "2018-04-11",
        "untilDate": "2018-04-12"
      },
      {
        "insertions": 56,
        "deletions": 40,
        "sinceDate": "2018-04-12",
        "untilDate": "2018-04-13"
      },
      {
        "insertions": 0,
        "deletions": 0,
        "sinceDate": "2018-04-13",
        "untilDate": "2018-04-14"
      },
      {
        "insertions": 22,
        "deletions": 11,
        "sinceDate": "2018-04-14",
        "untilDate": "2018-04-15"
      },
      {
        "insertions": 220,
        "deletions": 227,
        "sinceDate": "2018-04-15",
        "untilDate": "2018-04-16"
      }
    ],
    "KevinCJH": [
      {
        "insertions": 0,
        "deletions": 0,
        "sinceDate": "2018-02-26",
        "untilDate": "2018-02-27"
      },
      {
        "insertions": 0,
        "deletions": 0,
        "sinceDate": "2018-02-27",
        "untilDate": "2018-02-28"
      },
      {
        "insertions": 0,
        "deletions": 0,
        "sinceDate": "2018-02-28",
        "untilDate": "2018-03-01"
      },
      {
        "insertions": 0,
        "deletions": 0,
        "sinceDate": "2018-03-01",
        "untilDate": "2018-03-02"
      },
      {
        "insertions": 0,
        "deletions": 0,
        "sinceDate": "2018-03-02",
        "untilDate": "2018-03-03"
      },
      {
        "insertions": 0,
        "deletions": 0,
        "sinceDate": "2018-03-03",
        "untilDate": "2018-03-04"
      },
      {
        "insertions": 0,
        "deletions": 0,
        "sinceDate": "2018-03-04",
        "untilDate": "2018-03-05"
      },
      {
        "insertions": 0,
        "deletions": 0,
        "sinceDate": "2018-03-05",
        "untilDate": "2018-03-06"
      },
      {
        "insertions": 0,
        "deletions": 0,
        "sinceDate": "2018-03-06",
        "untilDate": "2018-03-07"
      },
      {
        "insertions": 0,
        "deletions": 0,
        "sinceDate": "2018-03-07",
        "untilDate": "2018-03-08"
      },
      {
        "insertions": 0,
        "deletions": 0,
        "sinceDate": "2018-03-08",
        "untilDate": "2018-03-09"
      },
      {
        "insertions": 0,
        "deletions": 0,
        "sinceDate": "2018-03-09",
        "untilDate": "2018-03-10"
      },
      {
        "insertions": 0,
        "deletions": 0,
        "sinceDate": "2018-03-10",
        "untilDate": "2018-03-11"
      },
      {
        "insertions": 0,
        "deletions": 0,
        "sinceDate": "2018-03-11",
        "untilDate": "2018-03-12"
      },
      {
        "insertions": 0,
        "deletions": 0,
        "sinceDate": "2018-03-12",
        "untilDate": "2018-03-13"
      },
      {
        "insertions": 0,
        "deletions": 0,
        "sinceDate": "2018-03-13",
        "untilDate": "2018-03-14"
      },
      {
        "insertions": 0,
        "deletions": 0,
        "sinceDate": "2018-03-14",
        "untilDate": "2018-03-15"
      },
      {
        "insertions": 0,
        "deletions": 0,
        "sinceDate": "2018-03-15",
        "untilDate": "2018-03-16"
      },
      {
        "insertions": 0,
        "deletions": 0,
        "sinceDate": "2018-03-16",
        "untilDate": "2018-03-17"
      },
      {
        "insertions": 0,
        "deletions": 0,
        "sinceDate": "2018-03-17",
        "untilDate": "2018-03-18"
      },
      {
        "insertions": 0,
        "deletions": 0,
        "sinceDate": "2018-03-18",
        "untilDate": "2018-03-19"
      },
      {
        "insertions": 0,
        "deletions": 0,
        "sinceDate": "2018-03-19",
        "untilDate": "2018-03-20"
      },
      {
        "insertions": 0,
        "deletions": 0,
        "sinceDate": "2018-03-20",
        "untilDate": "2018-03-21"
      },
      {
        "insertions": 0,
        "deletions": 0,
        "sinceDate": "2018-03-21",
        "untilDate": "2018-03-22"
      },
      {
        "insertions": 0,
        "deletions": 0,
        "sinceDate": "2018-03-22",
        "untilDate": "2018-03-23"
      },
      {
        "insertions": 0,
        "deletions": 0,
        "sinceDate": "2018-03-23",
        "untilDate": "2018-03-24"
      },
      {
        "insertions": 0,
        "deletions": 0,
        "sinceDate": "2018-03-24",
        "untilDate": "2018-03-25"
      },
      {
        "insertions": 0,
        "deletions": 0,
        "sinceDate": "2018-03-25",
        "untilDate": "2018-03-26"
      },
      {
        "insertions": 0,
        "deletions": 0,
        "sinceDate": "2018-03-26",
        "untilDate": "2018-03-27"
      },
      {
        "insertions": 0,
        "deletions": 0,
        "sinceDate": "2018-03-27",
        "untilDate": "2018-03-28"
      },
      {
        "insertions": 0,
        "deletions": 0,
        "sinceDate": "2018-03-28",
        "untilDate": "2018-03-29"
      },
      {
        "insertions": 0,
        "deletions": 0,
        "sinceDate": "2018-03-29",
        "untilDate": "2018-03-30"
      },
      {
        "insertions": 0,
        "deletions": 0,
        "sinceDate": "2018-03-30",
        "untilDate": "2018-03-31"
      },
      {
        "insertions": 0,
        "deletions": 0,
        "sinceDate": "2018-03-31",
        "untilDate": "2018-04-01"
      },
      {
        "insertions": 0,
        "deletions": 0,
        "sinceDate": "2018-04-01",
        "untilDate": "2018-04-02"
      },
      {
        "insertions": 0,
        "deletions": 0,
        "sinceDate": "2018-04-02",
        "untilDate": "2018-04-03"
      },
      {
        "insertions": 0,
        "deletions": 0,
        "sinceDate": "2018-04-03",
        "untilDate": "2018-04-04"
      },
      {
        "insertions": 0,
        "deletions": 0,
        "sinceDate": "2018-04-04",
        "untilDate": "2018-04-05"
      },
      {
        "insertions": 0,
        "deletions": 0,
        "sinceDate": "2018-04-05",
        "untilDate": "2018-04-06"
      },
      {
        "insertions": 0,
        "deletions": 0,
        "sinceDate": "2018-04-06",
        "untilDate": "2018-04-07"
      },
      {
        "insertions": 0,
        "deletions": 0,
        "sinceDate": "2018-04-07",
        "untilDate": "2018-04-08"
      },
      {
        "insertions": 0,
        "deletions": 0,
        "sinceDate": "2018-04-08",
        "untilDate": "2018-04-09"
      },
      {
        "insertions": 0,
        "deletions": 0,
        "sinceDate": "2018-04-09",
        "untilDate": "2018-04-10"
      },
      {
        "insertions": 0,
        "deletions": 0,
        "sinceDate": "2018-04-10",
        "untilDate": "2018-04-11"
      },
      {
        "insertions": 0,
        "deletions": 0,
        "sinceDate": "2018-04-11",
        "untilDate": "2018-04-12"
      },
      {
        "insertions": 0,
        "deletions": 0,
        "sinceDate": "2018-04-12",
        "untilDate": "2018-04-13"
      },
      {
        "insertions": 0,
        "deletions": 0,
        "sinceDate": "2018-04-13",
        "untilDate": "2018-04-14"
      },
      {
        "insertions": 0,
        "deletions": 0,
        "sinceDate": "2018-04-14",
        "untilDate": "2018-04-15"
      },
      {
        "insertions": 0,
        "deletions": 0,
        "sinceDate": "2018-04-15",
        "untilDate": "2018-04-16"
      }
    ],
    "Jason1im": [
      {
        "insertions": 0,
        "deletions": 0,
        "sinceDate": "2018-02-26",
        "untilDate": "2018-02-27"
      },
      {
        "insertions": 0,
        "deletions": 0,
        "sinceDate": "2018-02-27",
        "untilDate": "2018-02-28"
      },
      {
        "insertions": 0,
        "deletions": 0,
        "sinceDate": "2018-02-28",
        "untilDate": "2018-03-01"
      },
      {
        "insertions": 0,
        "deletions": 0,
        "sinceDate": "2018-03-01",
        "untilDate": "2018-03-02"
      },
      {
        "insertions": 0,
        "deletions": 0,
        "sinceDate": "2018-03-02",
        "untilDate": "2018-03-03"
      },
      {
        "insertions": 0,
        "deletions": 0,
        "sinceDate": "2018-03-03",
        "untilDate": "2018-03-04"
      },
      {
        "insertions": 0,
        "deletions": 0,
        "sinceDate": "2018-03-04",
        "untilDate": "2018-03-05"
      },
      {
        "insertions": 0,
        "deletions": 0,
        "sinceDate": "2018-03-05",
        "untilDate": "2018-03-06"
      },
      {
        "insertions": 3,
        "deletions": 3,
        "sinceDate": "2018-03-06",
        "untilDate": "2018-03-07"
      },
      {
        "insertions": 0,
        "deletions": 13,
        "sinceDate": "2018-03-07",
        "untilDate": "2018-03-08"
      },
      {
        "insertions": 0,
        "deletions": 0,
        "sinceDate": "2018-03-08",
        "untilDate": "2018-03-09"
      },
      {
        "insertions": 0,
        "deletions": 0,
        "sinceDate": "2018-03-09",
        "untilDate": "2018-03-10"
      },
      {
        "insertions": 0,
        "deletions": 0,
        "sinceDate": "2018-03-10",
        "untilDate": "2018-03-11"
      },
      {
        "insertions": 0,
        "deletions": 0,
        "sinceDate": "2018-03-11",
        "untilDate": "2018-03-12"
      },
      {
        "insertions": 0,
        "deletions": 0,
        "sinceDate": "2018-03-12",
        "untilDate": "2018-03-13"
      },
      {
        "insertions": 9,
        "deletions": 2,
        "sinceDate": "2018-03-13",
        "untilDate": "2018-03-14"
      },
      {
        "insertions": 40,
        "deletions": 48,
        "sinceDate": "2018-03-14",
        "untilDate": "2018-03-15"
      },
      {
        "insertions": 0,
        "deletions": 0,
        "sinceDate": "2018-03-15",
        "untilDate": "2018-03-16"
      },
      {
        "insertions": 0,
        "deletions": 0,
        "sinceDate": "2018-03-16",
        "untilDate": "2018-03-17"
      },
      {
        "insertions": 0,
        "deletions": 0,
        "sinceDate": "2018-03-17",
        "untilDate": "2018-03-18"
      },
      {
        "insertions": 0,
        "deletions": 0,
        "sinceDate": "2018-03-18",
        "untilDate": "2018-03-19"
      },
      {
        "insertions": 0,
        "deletions": 0,
        "sinceDate": "2018-03-19",
        "untilDate": "2018-03-20"
      },
      {
        "insertions": 0,
        "deletions": 0,
        "sinceDate": "2018-03-20",
        "untilDate": "2018-03-21"
      },
      {
        "insertions": 0,
        "deletions": 0,
        "sinceDate": "2018-03-21",
        "untilDate": "2018-03-22"
      },
      {
        "insertions": 0,
        "deletions": 0,
        "sinceDate": "2018-03-22",
        "untilDate": "2018-03-23"
      },
      {
        "insertions": 0,
        "deletions": 0,
        "sinceDate": "2018-03-23",
        "untilDate": "2018-03-24"
      },
      {
        "insertions": 0,
        "deletions": 0,
        "sinceDate": "2018-03-24",
        "untilDate": "2018-03-25"
      },
      {
        "insertions": 0,
        "deletions": 0,
        "sinceDate": "2018-03-25",
        "untilDate": "2018-03-26"
      },
      {
        "insertions": 0,
        "deletions": 0,
        "sinceDate": "2018-03-26",
        "untilDate": "2018-03-27"
      },
      {
        "insertions": 0,
        "deletions": 0,
        "sinceDate": "2018-03-27",
        "untilDate": "2018-03-28"
      },
      {
        "insertions": 0,
        "deletions": 0,
        "sinceDate": "2018-03-28",
        "untilDate": "2018-03-29"
      },
      {
        "insertions": 1,
        "deletions": 1,
        "sinceDate": "2018-03-29",
        "untilDate": "2018-03-30"
      },
      {
        "insertions": 0,
        "deletions": 0,
        "sinceDate": "2018-03-30",
        "untilDate": "2018-03-31"
      },
      {
        "insertions": 0,
        "deletions": 0,
        "sinceDate": "2018-03-31",
        "untilDate": "2018-04-01"
      },
      {
        "insertions": 0,
        "deletions": 0,
        "sinceDate": "2018-04-01",
        "untilDate": "2018-04-02"
      },
      {
        "insertions": 45,
        "deletions": 4,
        "sinceDate": "2018-04-02",
        "untilDate": "2018-04-03"
      },
      {
        "insertions": 0,
        "deletions": 0,
        "sinceDate": "2018-04-03",
        "untilDate": "2018-04-04"
      },
      {
        "insertions": 0,
        "deletions": 0,
        "sinceDate": "2018-04-04",
        "untilDate": "2018-04-05"
      },
      {
        "insertions": 0,
        "deletions": 0,
        "sinceDate": "2018-04-05",
        "untilDate": "2018-04-06"
      },
      {
        "insertions": 0,
        "deletions": 0,
        "sinceDate": "2018-04-06",
        "untilDate": "2018-04-07"
      },
      {
        "insertions": 0,
        "deletions": 0,
        "sinceDate": "2018-04-07",
        "untilDate": "2018-04-08"
      },
      {
        "insertions": 0,
        "deletions": 0,
        "sinceDate": "2018-04-08",
        "untilDate": "2018-04-09"
      },
      {
        "insertions": 0,
        "deletions": 0,
        "sinceDate": "2018-04-09",
        "untilDate": "2018-04-10"
      },
      {
        "insertions": 0,
        "deletions": 0,
        "sinceDate": "2018-04-10",
        "untilDate": "2018-04-11"
      },
      {
        "insertions": 0,
        "deletions": 0,
        "sinceDate": "2018-04-11",
        "untilDate": "2018-04-12"
      },
      {
        "insertions": 0,
        "deletions": 0,
        "sinceDate": "2018-04-12",
        "untilDate": "2018-04-13"
      },
      {
        "insertions": 0,
        "deletions": 0,
        "sinceDate": "2018-04-13",
        "untilDate": "2018-04-14"
      },
      {
        "insertions": 379,
        "deletions": 31,
        "sinceDate": "2018-04-14",
        "untilDate": "2018-04-15"
      },
      {
        "insertions": 512,
        "deletions": 144,
        "sinceDate": "2018-04-15",
        "untilDate": "2018-04-16"
      }
    ]
  },
  "authorFinalContributionMap": {
    "trafalgarandre": 5258,
    "kush1509": 9733,
    "KevinCJH": 1127,
    "Jason1im": 1979
  },
  "authorContributionVariance": {
    "trafalgarandre": 187184.47,
    "kush1509": 344231.06,
    "KevinCJH": 0.0,
    "Jason1im": 11791.509
  },
  "authorDisplayNameMap": {
    "trafalgarandre": "DO AN...GUYEN",
    "kush1509": "KUSHA...GOYAL",
    "KevinCJH": "CHIN ...KEVIN",
    "Jason1im": "LIM J...JASON"
  }
}
