{
  "authorWeeklyIntervalContributions": {
    "junhui2778": [
      {
        "insertions": 0,
        "deletions": 0,
        "sinceDate": "2018-09-01",
        "untilDate": "2018-09-08"
      },
      {
        "insertions": 0,
        "deletions": 0,
        "sinceDate": "2018-09-08",
        "untilDate": "2018-09-15"
      },
      {
        "insertions": 98,
        "deletions": 31,
        "sinceDate": "2018-09-15",
        "untilDate": "2018-09-22"
      },
      {
        "insertions": 0,
        "deletions": 0,
        "sinceDate": "2018-09-22",
        "untilDate": "2018-09-29"
      },
      {
        "insertions": 131,
        "deletions": 96,
        "sinceDate": "2018-09-29",
        "untilDate": "2018-10-06"
      },
      {
        "insertions": 0,
        "deletions": 0,
        "sinceDate": "2018-10-06",
        "untilDate": "2018-10-13"
      },
      {
        "insertions": 250,
        "deletions": 73,
        "sinceDate": "2018-10-13",
        "untilDate": "2018-10-20"
      },
      {
        "insertions": 14,
        "deletions": 14,
        "sinceDate": "2018-10-20",
        "untilDate": "2018-10-27"
      },
      {
        "insertions": 310,
        "deletions": 78,
        "sinceDate": "2018-10-27",
        "untilDate": "2018-11-03"
      },
      {
        "insertions": 464,
        "deletions": 275,
        "sinceDate": "2018-11-03",
        "untilDate": "2018-11-10"
      },
      {
        "insertions": 712,
        "deletions": 257,
        "sinceDate": "2018-11-10",
        "untilDate": "2018-11-17"
      }
    ],
    "shaniceabigail": [
      {
        "insertions": 0,
        "deletions": 0,
        "sinceDate": "2018-09-01",
        "untilDate": "2018-09-08"
      },
      {
        "insertions": 0,
        "deletions": 0,
        "sinceDate": "2018-09-08",
        "untilDate": "2018-09-15"
      },
      {
        "insertions": 25,
        "deletions": 294,
        "sinceDate": "2018-09-15",
        "untilDate": "2018-09-22"
      },
      {
        "insertions": 0,
        "deletions": 0,
        "sinceDate": "2018-09-22",
        "untilDate": "2018-09-29"
      },
      {
        "insertions": 8,
        "deletions": 8,
        "sinceDate": "2018-09-29",
        "untilDate": "2018-10-06"
      },
      {
        "insertions": 0,
        "deletions": 0,
        "sinceDate": "2018-10-06",
        "untilDate": "2018-10-13"
      },
      {
        "insertions": 152,
        "deletions": 151,
        "sinceDate": "2018-10-13",
        "untilDate": "2018-10-20"
      },
      {
        "insertions": 327,
        "deletions": 44,
        "sinceDate": "2018-10-20",
        "untilDate": "2018-10-27"
      },
      {
        "insertions": 174,
        "deletions": 124,
        "sinceDate": "2018-10-27",
        "untilDate": "2018-11-03"
      },
      {
        "insertions": 723,
        "deletions": 475,
        "sinceDate": "2018-11-03",
        "untilDate": "2018-11-10"
      },
      {
        "insertions": 966,
        "deletions": 1187,
        "sinceDate": "2018-11-10",
        "untilDate": "2018-11-17"
      }
    ],
    "JunWei96": [
      {
        "insertions": 837,
        "deletions": 13,
        "sinceDate": "2018-09-01",
        "untilDate": "2018-09-08"
      },
      {
        "insertions": 2854,
        "deletions": 174,
        "sinceDate": "2018-09-08",
        "untilDate": "2018-09-15"
      },
      {
        "insertions": 2078,
        "deletions": 2545,
        "sinceDate": "2018-09-15",
        "untilDate": "2018-09-22"
      },
      {
        "insertions": 2072,
        "deletions": 395,
        "sinceDate": "2018-09-22",
        "untilDate": "2018-09-29"
      },
      {
        "insertions": 538,
        "deletions": 268,
        "sinceDate": "2018-09-29",
        "untilDate": "2018-10-06"
      },
      {
        "insertions": 1955,
        "deletions": 1346,
        "sinceDate": "2018-10-06",
        "untilDate": "2018-10-13"
      },
      {
        "insertions": 2901,
        "deletions": 1212,
        "sinceDate": "2018-10-13",
        "untilDate": "2018-10-20"
      },
      {
        "insertions": 834,
        "deletions": 499,
        "sinceDate": "2018-10-20",
        "untilDate": "2018-10-27"
      },
      {
        "insertions": 1922,
        "deletions": 844,
        "sinceDate": "2018-10-27",
        "untilDate": "2018-11-03"
      },
      {
        "insertions": 1575,
        "deletions": 235,
        "sinceDate": "2018-11-03",
        "untilDate": "2018-11-10"
      },
      {
        "insertions": 527,
        "deletions": 550,
        "sinceDate": "2018-11-10",
        "untilDate": "2018-11-17"
      }
    ],
    "Cary-Xx": [
      {
        "insertions": 0,
        "deletions": 0,
        "sinceDate": "2018-09-01",
        "untilDate": "2018-09-08"
      },
      {
        "insertions": 0,
        "deletions": 0,
        "sinceDate": "2018-09-08",
        "untilDate": "2018-09-15"
      },
      {
        "insertions": 0,
        "deletions": 0,
        "sinceDate": "2018-09-15",
        "untilDate": "2018-09-22"
      },
      {
        "insertions": 0,
        "deletions": 0,
        "sinceDate": "2018-09-22",
        "untilDate": "2018-09-29"
      },
      {
        "insertions": 0,
        "deletions": 0,
        "sinceDate": "2018-09-29",
        "untilDate": "2018-10-06"
      },
      {
        "insertions": 0,
        "deletions": 0,
        "sinceDate": "2018-10-06",
        "untilDate": "2018-10-13"
      },
      {
        "insertions": 0,
        "deletions": 0,
        "sinceDate": "2018-10-13",
        "untilDate": "2018-10-20"
      },
      {
        "insertions": 0,
        "deletions": 0,
        "sinceDate": "2018-10-20",
        "untilDate": "2018-10-27"
      },
      {
        "insertions": 117,
        "deletions": 46,
        "sinceDate": "2018-10-27",
        "untilDate": "2018-11-03"
      },
      {
        "insertions": 0,
        "deletions": 0,
        "sinceDate": "2018-11-03",
        "untilDate": "2018-11-10"
      },
      {
        "insertions": 54,
        "deletions": 40,
        "sinceDate": "2018-11-10",
        "untilDate": "2018-11-17"
      }
    ],
    "hozongsien": [
      {
        "insertions": 0,
        "deletions": 0,
        "sinceDate": "2018-09-01",
        "untilDate": "2018-09-08"
      },
      {
        "insertions": 0,
        "deletions": 0,
        "sinceDate": "2018-09-08",
        "untilDate": "2018-09-15"
      },
      {
        "insertions": 637,
        "deletions": 322,
        "sinceDate": "2018-09-15",
        "untilDate": "2018-09-22"
      },
      {
        "insertions": 479,
        "deletions": 98,
        "sinceDate": "2018-09-22",
        "untilDate": "2018-09-29"
      },
      {
        "insertions": 84,
        "deletions": 24,
        "sinceDate": "2018-09-29",
        "untilDate": "2018-10-06"
      },
      {
        "insertions": 201,
        "deletions": 72,
        "sinceDate": "2018-10-06",
        "untilDate": "2018-10-13"
      },
      {
        "insertions": 58,
        "deletions": 15,
        "sinceDate": "2018-10-13",
        "untilDate": "2018-10-20"
      },
      {
        "insertions": 4046,
        "deletions": 1099,
        "sinceDate": "2018-10-20",
        "untilDate": "2018-10-27"
      },
      {
        "insertions": 302,
        "deletions": 220,
        "sinceDate": "2018-10-27",
        "untilDate": "2018-11-03"
      },
      {
        "insertions": 97,
        "deletions": 86,
        "sinceDate": "2018-11-03",
        "untilDate": "2018-11-10"
      },
      {
        "insertions": 40345,
        "deletions": 40168,
        "sinceDate": "2018-11-10",
        "untilDate": "2018-11-17"
      }
    ]
  },
  "authorDailyIntervalContributions": {
    "junhui2778": [
      {
        "insertions": 0,
        "deletions": 0,
        "sinceDate": "2018-09-01",
        "untilDate": "2018-09-02"
      },
      {
        "insertions": 0,
        "deletions": 0,
        "sinceDate": "2018-09-02",
        "untilDate": "2018-09-03"
      },
      {
        "insertions": 0,
        "deletions": 0,
        "sinceDate": "2018-09-03",
        "untilDate": "2018-09-04"
      },
      {
        "insertions": 0,
        "deletions": 0,
        "sinceDate": "2018-09-04",
        "untilDate": "2018-09-05"
      },
      {
        "insertions": 0,
        "deletions": 0,
        "sinceDate": "2018-09-05",
        "untilDate": "2018-09-06"
      },
      {
        "insertions": 0,
        "deletions": 0,
        "sinceDate": "2018-09-06",
        "untilDate": "2018-09-07"
      },
      {
        "insertions": 0,
        "deletions": 0,
        "sinceDate": "2018-09-07",
        "untilDate": "2018-09-08"
      },
      {
        "insertions": 0,
        "deletions": 0,
        "sinceDate": "2018-09-08",
        "untilDate": "2018-09-09"
      },
      {
        "insertions": 0,
        "deletions": 0,
        "sinceDate": "2018-09-09",
        "untilDate": "2018-09-10"
      },
      {
        "insertions": 0,
        "deletions": 0,
        "sinceDate": "2018-09-10",
        "untilDate": "2018-09-11"
      },
      {
        "insertions": 0,
        "deletions": 0,
        "sinceDate": "2018-09-11",
        "untilDate": "2018-09-12"
      },
      {
        "insertions": 0,
        "deletions": 0,
        "sinceDate": "2018-09-12",
        "untilDate": "2018-09-13"
      },
      {
        "insertions": 0,
        "deletions": 0,
        "sinceDate": "2018-09-13",
        "untilDate": "2018-09-14"
      },
      {
        "insertions": 0,
        "deletions": 0,
        "sinceDate": "2018-09-14",
        "untilDate": "2018-09-15"
      },
      {
        "insertions": 0,
        "deletions": 0,
        "sinceDate": "2018-09-15",
        "untilDate": "2018-09-16"
      },
      {
        "insertions": 0,
        "deletions": 0,
        "sinceDate": "2018-09-16",
        "untilDate": "2018-09-17"
      },
      {
        "insertions": 0,
        "deletions": 0,
        "sinceDate": "2018-09-17",
        "untilDate": "2018-09-18"
      },
      {
        "insertions": 98,
        "deletions": 31,
        "sinceDate": "2018-09-18",
        "untilDate": "2018-09-19"
      },
      {
        "insertions": 0,
        "deletions": 0,
        "sinceDate": "2018-09-19",
        "untilDate": "2018-09-20"
      },
      {
        "insertions": 0,
        "deletions": 0,
        "sinceDate": "2018-09-20",
        "untilDate": "2018-09-21"
      },
      {
        "insertions": 0,
        "deletions": 0,
        "sinceDate": "2018-09-21",
        "untilDate": "2018-09-22"
      },
      {
        "insertions": 0,
        "deletions": 0,
        "sinceDate": "2018-09-22",
        "untilDate": "2018-09-23"
      },
      {
        "insertions": 0,
        "deletions": 0,
        "sinceDate": "2018-09-23",
        "untilDate": "2018-09-24"
      },
      {
        "insertions": 0,
        "deletions": 0,
        "sinceDate": "2018-09-24",
        "untilDate": "2018-09-25"
      },
      {
        "insertions": 0,
        "deletions": 0,
        "sinceDate": "2018-09-25",
        "untilDate": "2018-09-26"
      },
      {
        "insertions": 0,
        "deletions": 0,
        "sinceDate": "2018-09-26",
        "untilDate": "2018-09-27"
      },
      {
        "insertions": 0,
        "deletions": 0,
        "sinceDate": "2018-09-27",
        "untilDate": "2018-09-28"
      },
      {
        "insertions": 0,
        "deletions": 0,
        "sinceDate": "2018-09-28",
        "untilDate": "2018-09-29"
      },
      {
        "insertions": 0,
        "deletions": 0,
        "sinceDate": "2018-09-29",
        "untilDate": "2018-09-30"
      },
      {
        "insertions": 0,
        "deletions": 0,
        "sinceDate": "2018-09-30",
        "untilDate": "2018-10-01"
      },
      {
        "insertions": 65,
        "deletions": 55,
        "sinceDate": "2018-10-01",
        "untilDate": "2018-10-02"
      },
      {
        "insertions": 66,
        "deletions": 41,
        "sinceDate": "2018-10-02",
        "untilDate": "2018-10-03"
      },
      {
        "insertions": 0,
        "deletions": 0,
        "sinceDate": "2018-10-03",
        "untilDate": "2018-10-04"
      },
      {
        "insertions": 0,
        "deletions": 0,
        "sinceDate": "2018-10-04",
        "untilDate": "2018-10-05"
      },
      {
        "insertions": 0,
        "deletions": 0,
        "sinceDate": "2018-10-05",
        "untilDate": "2018-10-06"
      },
      {
        "insertions": 0,
        "deletions": 0,
        "sinceDate": "2018-10-06",
        "untilDate": "2018-10-07"
      },
      {
        "insertions": 0,
        "deletions": 0,
        "sinceDate": "2018-10-07",
        "untilDate": "2018-10-08"
      },
      {
        "insertions": 0,
        "deletions": 0,
        "sinceDate": "2018-10-08",
        "untilDate": "2018-10-09"
      },
      {
        "insertions": 0,
        "deletions": 0,
        "sinceDate": "2018-10-09",
        "untilDate": "2018-10-10"
      },
      {
        "insertions": 0,
        "deletions": 0,
        "sinceDate": "2018-10-10",
        "untilDate": "2018-10-11"
      },
      {
        "insertions": 0,
        "deletions": 0,
        "sinceDate": "2018-10-11",
        "untilDate": "2018-10-12"
      },
      {
        "insertions": 0,
        "deletions": 0,
        "sinceDate": "2018-10-12",
        "untilDate": "2018-10-13"
      },
      {
        "insertions": 0,
        "deletions": 0,
        "sinceDate": "2018-10-13",
        "untilDate": "2018-10-14"
      },
      {
        "insertions": 0,
        "deletions": 0,
        "sinceDate": "2018-10-14",
        "untilDate": "2018-10-15"
      },
      {
        "insertions": 0,
        "deletions": 0,
        "sinceDate": "2018-10-15",
        "untilDate": "2018-10-16"
      },
      {
        "insertions": 250,
        "deletions": 73,
        "sinceDate": "2018-10-16",
        "untilDate": "2018-10-17"
      },
      {
        "insertions": 0,
        "deletions": 0,
        "sinceDate": "2018-10-17",
        "untilDate": "2018-10-18"
      },
      {
        "insertions": 0,
        "deletions": 0,
        "sinceDate": "2018-10-18",
        "untilDate": "2018-10-19"
      },
      {
        "insertions": 0,
        "deletions": 0,
        "sinceDate": "2018-10-19",
        "untilDate": "2018-10-20"
      },
      {
        "insertions": 0,
        "deletions": 0,
        "sinceDate": "2018-10-20",
        "untilDate": "2018-10-21"
      },
      {
        "insertions": 0,
        "deletions": 0,
        "sinceDate": "2018-10-21",
        "untilDate": "2018-10-22"
      },
      {
        "insertions": 14,
        "deletions": 14,
        "sinceDate": "2018-10-22",
        "untilDate": "2018-10-23"
      },
      {
        "insertions": 0,
        "deletions": 0,
        "sinceDate": "2018-10-23",
        "untilDate": "2018-10-24"
      },
      {
        "insertions": 0,
        "deletions": 0,
        "sinceDate": "2018-10-24",
        "untilDate": "2018-10-25"
      },
      {
        "insertions": 0,
        "deletions": 0,
        "sinceDate": "2018-10-25",
        "untilDate": "2018-10-26"
      },
      {
        "insertions": 0,
        "deletions": 0,
        "sinceDate": "2018-10-26",
        "untilDate": "2018-10-27"
      },
      {
        "insertions": 0,
        "deletions": 0,
        "sinceDate": "2018-10-27",
        "untilDate": "2018-10-28"
      },
      {
        "insertions": 25,
        "deletions": 5,
        "sinceDate": "2018-10-28",
        "untilDate": "2018-10-29"
      },
      {
        "insertions": 197,
        "deletions": 43,
        "sinceDate": "2018-10-29",
        "untilDate": "2018-10-30"
      },
      {
        "insertions": 87,
        "deletions": 29,
        "sinceDate": "2018-10-30",
        "untilDate": "2018-10-31"
      },
      {
        "insertions": 1,
        "deletions": 1,
        "sinceDate": "2018-10-31",
        "untilDate": "2018-11-01"
      },
      {
        "insertions": 0,
        "deletions": 0,
        "sinceDate": "2018-11-01",
        "untilDate": "2018-11-02"
      },
      {
        "insertions": 0,
        "deletions": 0,
        "sinceDate": "2018-11-02",
        "untilDate": "2018-11-03"
      },
      {
        "insertions": 176,
        "deletions": 135,
        "sinceDate": "2018-11-03",
        "untilDate": "2018-11-04"
      },
      {
        "insertions": 0,
        "deletions": 0,
        "sinceDate": "2018-11-04",
        "untilDate": "2018-11-05"
      },
      {
        "insertions": 26,
        "deletions": 14,
        "sinceDate": "2018-11-05",
        "untilDate": "2018-11-06"
      },
      {
        "insertions": 24,
        "deletions": 36,
        "sinceDate": "2018-11-06",
        "untilDate": "2018-11-07"
      },
      {
        "insertions": 45,
        "deletions": 4,
        "sinceDate": "2018-11-07",
        "untilDate": "2018-11-08"
      },
      {
        "insertions": 0,
        "deletions": 0,
        "sinceDate": "2018-11-08",
        "untilDate": "2018-11-09"
      },
      {
        "insertions": 193,
        "deletions": 86,
        "sinceDate": "2018-11-09",
        "untilDate": "2018-11-10"
      },
      {
        "insertions": 27,
        "deletions": 42,
        "sinceDate": "2018-11-10",
        "untilDate": "2018-11-11"
      },
      {
        "insertions": 131,
        "deletions": 4,
        "sinceDate": "2018-11-11",
        "untilDate": "2018-11-12"
      },
      {
        "insertions": 554,
        "deletions": 211,
        "sinceDate": "2018-11-12",
        "untilDate": "2018-11-13"
      }
    ],
    "shaniceabigail": [
      {
        "insertions": 0,
        "deletions": 0,
        "sinceDate": "2018-09-01",
        "untilDate": "2018-09-02"
      },
      {
        "insertions": 0,
        "deletions": 0,
        "sinceDate": "2018-09-02",
        "untilDate": "2018-09-03"
      },
      {
        "insertions": 0,
        "deletions": 0,
        "sinceDate": "2018-09-03",
        "untilDate": "2018-09-04"
      },
      {
        "insertions": 0,
        "deletions": 0,
        "sinceDate": "2018-09-04",
        "untilDate": "2018-09-05"
      },
      {
        "insertions": 0,
        "deletions": 0,
        "sinceDate": "2018-09-05",
        "untilDate": "2018-09-06"
      },
      {
        "insertions": 0,
        "deletions": 0,
        "sinceDate": "2018-09-06",
        "untilDate": "2018-09-07"
      },
      {
        "insertions": 0,
        "deletions": 0,
        "sinceDate": "2018-09-07",
        "untilDate": "2018-09-08"
      },
      {
        "insertions": 0,
        "deletions": 0,
        "sinceDate": "2018-09-08",
        "untilDate": "2018-09-09"
      },
      {
        "insertions": 0,
        "deletions": 0,
        "sinceDate": "2018-09-09",
        "untilDate": "2018-09-10"
      },
      {
        "insertions": 0,
        "deletions": 0,
        "sinceDate": "2018-09-10",
        "untilDate": "2018-09-11"
      },
      {
        "insertions": 0,
        "deletions": 0,
        "sinceDate": "2018-09-11",
        "untilDate": "2018-09-12"
      },
      {
        "insertions": 0,
        "deletions": 0,
        "sinceDate": "2018-09-12",
        "untilDate": "2018-09-13"
      },
      {
        "insertions": 0,
        "deletions": 0,
        "sinceDate": "2018-09-13",
        "untilDate": "2018-09-14"
      },
      {
        "insertions": 0,
        "deletions": 0,
        "sinceDate": "2018-09-14",
        "untilDate": "2018-09-15"
      },
      {
        "insertions": 0,
        "deletions": 0,
        "sinceDate": "2018-09-15",
        "untilDate": "2018-09-16"
      },
      {
        "insertions": 0,
        "deletions": 0,
        "sinceDate": "2018-09-16",
        "untilDate": "2018-09-17"
      },
      {
        "insertions": 19,
        "deletions": 18,
        "sinceDate": "2018-09-17",
        "untilDate": "2018-09-18"
      },
      {
        "insertions": 6,
        "deletions": 276,
        "sinceDate": "2018-09-18",
        "untilDate": "2018-09-19"
      },
      {
        "insertions": 0,
        "deletions": 0,
        "sinceDate": "2018-09-19",
        "untilDate": "2018-09-20"
      },
      {
        "insertions": 0,
        "deletions": 0,
        "sinceDate": "2018-09-20",
        "untilDate": "2018-09-21"
      },
      {
        "insertions": 0,
        "deletions": 0,
        "sinceDate": "2018-09-21",
        "untilDate": "2018-09-22"
      },
      {
        "insertions": 0,
        "deletions": 0,
        "sinceDate": "2018-09-22",
        "untilDate": "2018-09-23"
      },
      {
        "insertions": 0,
        "deletions": 0,
        "sinceDate": "2018-09-23",
        "untilDate": "2018-09-24"
      },
      {
        "insertions": 0,
        "deletions": 0,
        "sinceDate": "2018-09-24",
        "untilDate": "2018-09-25"
      },
      {
        "insertions": 0,
        "deletions": 0,
        "sinceDate": "2018-09-25",
        "untilDate": "2018-09-26"
      },
      {
        "insertions": 0,
        "deletions": 0,
        "sinceDate": "2018-09-26",
        "untilDate": "2018-09-27"
      },
      {
        "insertions": 0,
        "deletions": 0,
        "sinceDate": "2018-09-27",
        "untilDate": "2018-09-28"
      },
      {
        "insertions": 0,
        "deletions": 0,
        "sinceDate": "2018-09-28",
        "untilDate": "2018-09-29"
      },
      {
        "insertions": 0,
        "deletions": 0,
        "sinceDate": "2018-09-29",
        "untilDate": "2018-09-30"
      },
      {
        "insertions": 0,
        "deletions": 0,
        "sinceDate": "2018-09-30",
        "untilDate": "2018-10-01"
      },
      {
        "insertions": 8,
        "deletions": 8,
        "sinceDate": "2018-10-01",
        "untilDate": "2018-10-02"
      },
      {
        "insertions": 0,
        "deletions": 0,
        "sinceDate": "2018-10-02",
        "untilDate": "2018-10-03"
      },
      {
        "insertions": 0,
        "deletions": 0,
        "sinceDate": "2018-10-03",
        "untilDate": "2018-10-04"
      },
      {
        "insertions": 0,
        "deletions": 0,
        "sinceDate": "2018-10-04",
        "untilDate": "2018-10-05"
      },
      {
        "insertions": 0,
        "deletions": 0,
        "sinceDate": "2018-10-05",
        "untilDate": "2018-10-06"
      },
      {
        "insertions": 0,
        "deletions": 0,
        "sinceDate": "2018-10-06",
        "untilDate": "2018-10-07"
      },
      {
        "insertions": 0,
        "deletions": 0,
        "sinceDate": "2018-10-07",
        "untilDate": "2018-10-08"
      },
      {
        "insertions": 0,
        "deletions": 0,
        "sinceDate": "2018-10-08",
        "untilDate": "2018-10-09"
      },
      {
        "insertions": 0,
        "deletions": 0,
        "sinceDate": "2018-10-09",
        "untilDate": "2018-10-10"
      },
      {
        "insertions": 0,
        "deletions": 0,
        "sinceDate": "2018-10-10",
        "untilDate": "2018-10-11"
      },
      {
        "insertions": 0,
        "deletions": 0,
        "sinceDate": "2018-10-11",
        "untilDate": "2018-10-12"
      },
      {
        "insertions": 0,
        "deletions": 0,
        "sinceDate": "2018-10-12",
        "untilDate": "2018-10-13"
      },
      {
        "insertions": 0,
        "deletions": 0,
        "sinceDate": "2018-10-13",
        "untilDate": "2018-10-14"
      },
      {
        "insertions": 41,
        "deletions": 39,
        "sinceDate": "2018-10-14",
        "untilDate": "2018-10-15"
      },
      {
        "insertions": 1,
        "deletions": 1,
        "sinceDate": "2018-10-15",
        "untilDate": "2018-10-16"
      },
      {
        "insertions": 1,
        "deletions": 0,
        "sinceDate": "2018-10-16",
        "untilDate": "2018-10-17"
      },
      {
        "insertions": 0,
        "deletions": 0,
        "sinceDate": "2018-10-17",
        "untilDate": "2018-10-18"
      },
      {
        "insertions": 104,
        "deletions": 106,
        "sinceDate": "2018-10-18",
        "untilDate": "2018-10-19"
      },
      {
        "insertions": 5,
        "deletions": 5,
        "sinceDate": "2018-10-19",
        "untilDate": "2018-10-20"
      },
      {
        "insertions": 19,
        "deletions": 7,
        "sinceDate": "2018-10-20",
        "untilDate": "2018-10-21"
      },
      {
        "insertions": 0,
        "deletions": 0,
        "sinceDate": "2018-10-21",
        "untilDate": "2018-10-22"
      },
      {
        "insertions": 87,
        "deletions": 0,
        "sinceDate": "2018-10-22",
        "untilDate": "2018-10-23"
      },
      {
        "insertions": 0,
        "deletions": 0,
        "sinceDate": "2018-10-23",
        "untilDate": "2018-10-24"
      },
      {
        "insertions": 156,
        "deletions": 10,
        "sinceDate": "2018-10-24",
        "untilDate": "2018-10-25"
      },
      {
        "insertions": 65,
        "deletions": 27,
        "sinceDate": "2018-10-25",
        "untilDate": "2018-10-26"
      },
      {
        "insertions": 0,
        "deletions": 0,
        "sinceDate": "2018-10-26",
        "untilDate": "2018-10-27"
      },
      {
        "insertions": 0,
        "deletions": 0,
        "sinceDate": "2018-10-27",
        "untilDate": "2018-10-28"
      },
      {
        "insertions": 12,
        "deletions": 16,
        "sinceDate": "2018-10-28",
        "untilDate": "2018-10-29"
      },
      {
        "insertions": 103,
        "deletions": 33,
        "sinceDate": "2018-10-29",
        "untilDate": "2018-10-30"
      },
      {
        "insertions": 12,
        "deletions": 10,
        "sinceDate": "2018-10-30",
        "untilDate": "2018-10-31"
      },
      {
        "insertions": 0,
        "deletions": 0,
        "sinceDate": "2018-10-31",
        "untilDate": "2018-11-01"
      },
      {
        "insertions": 0,
        "deletions": 0,
        "sinceDate": "2018-11-01",
        "untilDate": "2018-11-02"
      },
      {
        "insertions": 47,
        "deletions": 65,
        "sinceDate": "2018-11-02",
        "untilDate": "2018-11-03"
      },
      {
        "insertions": 0,
        "deletions": 0,
        "sinceDate": "2018-11-03",
        "untilDate": "2018-11-04"
      },
      {
        "insertions": 0,
        "deletions": 0,
        "sinceDate": "2018-11-04",
        "untilDate": "2018-11-05"
      },
      {
        "insertions": 148,
        "deletions": 25,
        "sinceDate": "2018-11-05",
        "untilDate": "2018-11-06"
      },
      {
        "insertions": 0,
        "deletions": 0,
        "sinceDate": "2018-11-06",
        "untilDate": "2018-11-07"
      },
      {
        "insertions": 95,
        "deletions": 321,
        "sinceDate": "2018-11-07",
        "untilDate": "2018-11-08"
      },
      {
        "insertions": 406,
        "deletions": 58,
        "sinceDate": "2018-11-08",
        "untilDate": "2018-11-09"
      },
      {
        "insertions": 74,
        "deletions": 71,
        "sinceDate": "2018-11-09",
        "untilDate": "2018-11-10"
      },
      {
        "insertions": 535,
        "deletions": 476,
        "sinceDate": "2018-11-10",
        "untilDate": "2018-11-11"
      },
      {
        "insertions": 11,
        "deletions": 12,
        "sinceDate": "2018-11-11",
        "untilDate": "2018-11-12"
      },
      {
        "insertions": 420,
        "deletions": 699,
        "sinceDate": "2018-11-12",
        "untilDate": "2018-11-13"
      }
    ],
    "JunWei96": [
      {
        "insertions": 0,
        "deletions": 0,
        "sinceDate": "2018-09-01",
        "untilDate": "2018-09-02"
      },
      {
        "insertions": 0,
        "deletions": 0,
        "sinceDate": "2018-09-02",
        "untilDate": "2018-09-03"
      },
      {
        "insertions": 0,
        "deletions": 0,
        "sinceDate": "2018-09-03",
        "untilDate": "2018-09-04"
      },
      {
        "insertions": 0,
        "deletions": 0,
        "sinceDate": "2018-09-04",
        "untilDate": "2018-09-05"
      },
      {
        "insertions": 0,
        "deletions": 0,
        "sinceDate": "2018-09-05",
        "untilDate": "2018-09-06"
      },
      {
        "insertions": 312,
        "deletions": 4,
        "sinceDate": "2018-09-06",
        "untilDate": "2018-09-07"
      },
      {
        "insertions": 525,
        "deletions": 9,
        "sinceDate": "2018-09-07",
        "untilDate": "2018-09-08"
      },
      {
        "insertions": 774,
        "deletions": 49,
        "sinceDate": "2018-09-08",
        "untilDate": "2018-09-09"
      },
      {
        "insertions": 0,
        "deletions": 0,
        "sinceDate": "2018-09-09",
        "untilDate": "2018-09-10"
      },
      {
        "insertions": 445,
        "deletions": 28,
        "sinceDate": "2018-09-10",
        "untilDate": "2018-09-11"
      },
      {
        "insertions": 590,
        "deletions": 16,
        "sinceDate": "2018-09-11",
        "untilDate": "2018-09-12"
      },
      {
        "insertions": 898,
        "deletions": 11,
        "sinceDate": "2018-09-12",
        "untilDate": "2018-09-13"
      },
      {
        "insertions": 0,
        "deletions": 0,
        "sinceDate": "2018-09-13",
        "untilDate": "2018-09-14"
      },
      {
        "insertions": 147,
        "deletions": 70,
        "sinceDate": "2018-09-14",
        "untilDate": "2018-09-15"
      },
      {
        "insertions": 315,
        "deletions": 12,
        "sinceDate": "2018-09-15",
        "untilDate": "2018-09-16"
      },
      {
        "insertions": 0,
        "deletions": 0,
        "sinceDate": "2018-09-16",
        "untilDate": "2018-09-17"
      },
      {
        "insertions": 1210,
        "deletions": 2376,
        "sinceDate": "2018-09-17",
        "untilDate": "2018-09-18"
      },
      {
        "insertions": 6,
        "deletions": 3,
        "sinceDate": "2018-09-18",
        "untilDate": "2018-09-19"
      },
      {
        "insertions": 547,
        "deletions": 154,
        "sinceDate": "2018-09-19",
        "untilDate": "2018-09-20"
      },
      {
        "insertions": 0,
        "deletions": 0,
        "sinceDate": "2018-09-20",
        "untilDate": "2018-09-21"
      },
      {
        "insertions": 0,
        "deletions": 0,
        "sinceDate": "2018-09-21",
        "untilDate": "2018-09-22"
      },
      {
        "insertions": 0,
        "deletions": 0,
        "sinceDate": "2018-09-22",
        "untilDate": "2018-09-23"
      },
      {
        "insertions": 0,
        "deletions": 0,
        "sinceDate": "2018-09-23",
        "untilDate": "2018-09-24"
      },
      {
        "insertions": 496,
        "deletions": 3,
        "sinceDate": "2018-09-24",
        "untilDate": "2018-09-25"
      },
      {
        "insertions": 0,
        "deletions": 0,
        "sinceDate": "2018-09-25",
        "untilDate": "2018-09-26"
      },
      {
        "insertions": 0,
        "deletions": 0,
        "sinceDate": "2018-09-26",
        "untilDate": "2018-09-27"
      },
      {
        "insertions": 1094,
        "deletions": 278,
        "sinceDate": "2018-09-27",
        "untilDate": "2018-09-28"
      },
      {
        "insertions": 482,
        "deletions": 114,
        "sinceDate": "2018-09-28",
        "untilDate": "2018-09-29"
      },
      {
        "insertions": 0,
        "deletions": 0,
        "sinceDate": "2018-09-29",
        "untilDate": "2018-09-30"
      },
      {
        "insertions": 0,
        "deletions": 0,
        "sinceDate": "2018-09-30",
        "untilDate": "2018-10-01"
      },
      {
        "insertions": 218,
        "deletions": 22,
        "sinceDate": "2018-10-01",
        "untilDate": "2018-10-02"
      },
      {
        "insertions": 2,
        "deletions": 32,
        "sinceDate": "2018-10-02",
        "untilDate": "2018-10-03"
      },
      {
        "insertions": 0,
        "deletions": 0,
        "sinceDate": "2018-10-03",
        "untilDate": "2018-10-04"
      },
      {
        "insertions": 0,
        "deletions": 0,
        "sinceDate": "2018-10-04",
        "untilDate": "2018-10-05"
      },
      {
        "insertions": 318,
        "deletions": 214,
        "sinceDate": "2018-10-05",
        "untilDate": "2018-10-06"
      },
      {
        "insertions": 0,
        "deletions": 0,
        "sinceDate": "2018-10-06",
        "untilDate": "2018-10-07"
      },
      {
        "insertions": 0,
        "deletions": 0,
        "sinceDate": "2018-10-07",
        "untilDate": "2018-10-08"
      },
      {
        "insertions": 545,
        "deletions": 828,
        "sinceDate": "2018-10-08",
        "untilDate": "2018-10-09"
      },
      {
        "insertions": 173,
        "deletions": 2,
        "sinceDate": "2018-10-09",
        "untilDate": "2018-10-10"
      },
      {
        "insertions": 471,
        "deletions": 274,
        "sinceDate": "2018-10-10",
        "untilDate": "2018-10-11"
      },
      {
        "insertions": 533,
        "deletions": 154,
        "sinceDate": "2018-10-11",
        "untilDate": "2018-10-12"
      },
      {
        "insertions": 233,
        "deletions": 88,
        "sinceDate": "2018-10-12",
        "untilDate": "2018-10-13"
      },
      {
        "insertions": 83,
        "deletions": 29,
        "sinceDate": "2018-10-13",
        "untilDate": "2018-10-14"
      },
      {
        "insertions": 216,
        "deletions": 121,
        "sinceDate": "2018-10-14",
        "untilDate": "2018-10-15"
      },
      {
        "insertions": 260,
        "deletions": 330,
        "sinceDate": "2018-10-15",
        "untilDate": "2018-10-16"
      },
      {
        "insertions": 752,
        "deletions": 193,
        "sinceDate": "2018-10-16",
        "untilDate": "2018-10-17"
      },
      {
        "insertions": 361,
        "deletions": 297,
        "sinceDate": "2018-10-17",
        "untilDate": "2018-10-18"
      },
      {
        "insertions": 0,
        "deletions": 0,
        "sinceDate": "2018-10-18",
        "untilDate": "2018-10-19"
      },
      {
        "insertions": 1229,
        "deletions": 242,
        "sinceDate": "2018-10-19",
        "untilDate": "2018-10-20"
      },
      {
        "insertions": 119,
        "deletions": 85,
        "sinceDate": "2018-10-20",
        "untilDate": "2018-10-21"
      },
      {
        "insertions": 154,
        "deletions": 61,
        "sinceDate": "2018-10-21",
        "untilDate": "2018-10-22"
      },
      {
        "insertions": 7,
        "deletions": 9,
        "sinceDate": "2018-10-22",
        "untilDate": "2018-10-23"
      },
      {
        "insertions": 255,
        "deletions": 207,
        "sinceDate": "2018-10-23",
        "untilDate": "2018-10-24"
      },
      {
        "insertions": 299,
        "deletions": 137,
        "sinceDate": "2018-10-24",
        "untilDate": "2018-10-25"
      },
      {
        "insertions": 0,
        "deletions": 0,
        "sinceDate": "2018-10-25",
        "untilDate": "2018-10-26"
      },
      {
        "insertions": 0,
        "deletions": 0,
        "sinceDate": "2018-10-26",
        "untilDate": "2018-10-27"
      },
      {
        "insertions": 561,
        "deletions": 213,
        "sinceDate": "2018-10-27",
        "untilDate": "2018-10-28"
      },
      {
        "insertions": 313,
        "deletions": 20,
        "sinceDate": "2018-10-28",
        "untilDate": "2018-10-29"
      },
      {
        "insertions": 460,
        "deletions": 151,
        "sinceDate": "2018-10-29",
        "untilDate": "2018-10-30"
      },
      {
        "insertions": 139,
        "deletions": 136,
        "sinceDate": "2018-10-30",
        "untilDate": "2018-10-31"
      },
      {
        "insertions": 22,
        "deletions": 21,
        "sinceDate": "2018-10-31",
        "untilDate": "2018-11-01"
      },
      {
        "insertions": 227,
        "deletions": 206,
        "sinceDate": "2018-11-01",
        "untilDate": "2018-11-02"
      },
      {
        "insertions": 200,
        "deletions": 97,
        "sinceDate": "2018-11-02",
        "untilDate": "2018-11-03"
      },
      {
        "insertions": 285,
        "deletions": 8,
        "sinceDate": "2018-11-03",
        "untilDate": "2018-11-04"
      },
      {
        "insertions": 383,
        "deletions": 64,
        "sinceDate": "2018-11-04",
        "untilDate": "2018-11-05"
      },
      {
        "insertions": 151,
        "deletions": 70,
        "sinceDate": "2018-11-05",
        "untilDate": "2018-11-06"
      },
      {
        "insertions": 433,
        "deletions": 16,
        "sinceDate": "2018-11-06",
        "untilDate": "2018-11-07"
      },
      {
        "insertions": 251,
        "deletions": 28,
        "sinceDate": "2018-11-07",
        "untilDate": "2018-11-08"
      },
      {
        "insertions": 0,
        "deletions": 0,
        "sinceDate": "2018-11-08",
        "untilDate": "2018-11-09"
      },
      {
        "insertions": 72,
        "deletions": 49,
        "sinceDate": "2018-11-09",
        "untilDate": "2018-11-10"
      },
      {
        "insertions": 155,
        "deletions": 81,
        "sinceDate": "2018-11-10",
        "untilDate": "2018-11-11"
      },
      {
        "insertions": 53,
        "deletions": 110,
        "sinceDate": "2018-11-11",
        "untilDate": "2018-11-12"
      },
      {
        "insertions": 319,
        "deletions": 359,
        "sinceDate": "2018-11-12",
        "untilDate": "2018-11-13"
      }
    ],
    "Cary-Xx": [
      {
        "insertions": 0,
        "deletions": 0,
        "sinceDate": "2018-09-01",
        "untilDate": "2018-09-02"
      },
      {
        "insertions": 0,
        "deletions": 0,
        "sinceDate": "2018-09-02",
        "untilDate": "2018-09-03"
      },
      {
        "insertions": 0,
        "deletions": 0,
        "sinceDate": "2018-09-03",
        "untilDate": "2018-09-04"
      },
      {
        "insertions": 0,
        "deletions": 0,
        "sinceDate": "2018-09-04",
        "untilDate": "2018-09-05"
      },
      {
        "insertions": 0,
        "deletions": 0,
        "sinceDate": "2018-09-05",
        "untilDate": "2018-09-06"
      },
      {
        "insertions": 0,
        "deletions": 0,
        "sinceDate": "2018-09-06",
        "untilDate": "2018-09-07"
      },
      {
        "insertions": 0,
        "deletions": 0,
        "sinceDate": "2018-09-07",
        "untilDate": "2018-09-08"
      },
      {
        "insertions": 0,
        "deletions": 0,
        "sinceDate": "2018-09-08",
        "untilDate": "2018-09-09"
      },
      {
        "insertions": 0,
        "deletions": 0,
        "sinceDate": "2018-09-09",
        "untilDate": "2018-09-10"
      },
      {
        "insertions": 0,
        "deletions": 0,
        "sinceDate": "2018-09-10",
        "untilDate": "2018-09-11"
      },
      {
        "insertions": 0,
        "deletions": 0,
        "sinceDate": "2018-09-11",
        "untilDate": "2018-09-12"
      },
      {
        "insertions": 0,
        "deletions": 0,
        "sinceDate": "2018-09-12",
        "untilDate": "2018-09-13"
      },
      {
        "insertions": 0,
        "deletions": 0,
        "sinceDate": "2018-09-13",
        "untilDate": "2018-09-14"
      },
      {
        "insertions": 0,
        "deletions": 0,
        "sinceDate": "2018-09-14",
        "untilDate": "2018-09-15"
      },
      {
        "insertions": 0,
        "deletions": 0,
        "sinceDate": "2018-09-15",
        "untilDate": "2018-09-16"
      },
      {
        "insertions": 0,
        "deletions": 0,
        "sinceDate": "2018-09-16",
        "untilDate": "2018-09-17"
      },
      {
        "insertions": 0,
        "deletions": 0,
        "sinceDate": "2018-09-17",
        "untilDate": "2018-09-18"
      },
      {
        "insertions": 0,
        "deletions": 0,
        "sinceDate": "2018-09-18",
        "untilDate": "2018-09-19"
      },
      {
        "insertions": 0,
        "deletions": 0,
        "sinceDate": "2018-09-19",
        "untilDate": "2018-09-20"
      },
      {
        "insertions": 0,
        "deletions": 0,
        "sinceDate": "2018-09-20",
        "untilDate": "2018-09-21"
      },
      {
        "insertions": 0,
        "deletions": 0,
        "sinceDate": "2018-09-21",
        "untilDate": "2018-09-22"
      },
      {
        "insertions": 0,
        "deletions": 0,
        "sinceDate": "2018-09-22",
        "untilDate": "2018-09-23"
      },
      {
        "insertions": 0,
        "deletions": 0,
        "sinceDate": "2018-09-23",
        "untilDate": "2018-09-24"
      },
      {
        "insertions": 0,
        "deletions": 0,
        "sinceDate": "2018-09-24",
        "untilDate": "2018-09-25"
      },
      {
        "insertions": 0,
        "deletions": 0,
        "sinceDate": "2018-09-25",
        "untilDate": "2018-09-26"
      },
      {
        "insertions": 0,
        "deletions": 0,
        "sinceDate": "2018-09-26",
        "untilDate": "2018-09-27"
      },
      {
        "insertions": 0,
        "deletions": 0,
        "sinceDate": "2018-09-27",
        "untilDate": "2018-09-28"
      },
      {
        "insertions": 0,
        "deletions": 0,
        "sinceDate": "2018-09-28",
        "untilDate": "2018-09-29"
      },
      {
        "insertions": 0,
        "deletions": 0,
        "sinceDate": "2018-09-29",
        "untilDate": "2018-09-30"
      },
      {
        "insertions": 0,
        "deletions": 0,
        "sinceDate": "2018-09-30",
        "untilDate": "2018-10-01"
      },
      {
        "insertions": 0,
        "deletions": 0,
        "sinceDate": "2018-10-01",
        "untilDate": "2018-10-02"
      },
      {
        "insertions": 0,
        "deletions": 0,
        "sinceDate": "2018-10-02",
        "untilDate": "2018-10-03"
      },
      {
        "insertions": 0,
        "deletions": 0,
        "sinceDate": "2018-10-03",
        "untilDate": "2018-10-04"
      },
      {
        "insertions": 0,
        "deletions": 0,
        "sinceDate": "2018-10-04",
        "untilDate": "2018-10-05"
      },
      {
        "insertions": 0,
        "deletions": 0,
        "sinceDate": "2018-10-05",
        "untilDate": "2018-10-06"
      },
      {
        "insertions": 0,
        "deletions": 0,
        "sinceDate": "2018-10-06",
        "untilDate": "2018-10-07"
      },
      {
        "insertions": 0,
        "deletions": 0,
        "sinceDate": "2018-10-07",
        "untilDate": "2018-10-08"
      },
      {
        "insertions": 0,
        "deletions": 0,
        "sinceDate": "2018-10-08",
        "untilDate": "2018-10-09"
      },
      {
        "insertions": 0,
        "deletions": 0,
        "sinceDate": "2018-10-09",
        "untilDate": "2018-10-10"
      },
      {
        "insertions": 0,
        "deletions": 0,
        "sinceDate": "2018-10-10",
        "untilDate": "2018-10-11"
      },
      {
        "insertions": 0,
        "deletions": 0,
        "sinceDate": "2018-10-11",
        "untilDate": "2018-10-12"
      },
      {
        "insertions": 0,
        "deletions": 0,
        "sinceDate": "2018-10-12",
        "untilDate": "2018-10-13"
      },
      {
        "insertions": 0,
        "deletions": 0,
        "sinceDate": "2018-10-13",
        "untilDate": "2018-10-14"
      },
      {
        "insertions": 0,
        "deletions": 0,
        "sinceDate": "2018-10-14",
        "untilDate": "2018-10-15"
      },
      {
        "insertions": 0,
        "deletions": 0,
        "sinceDate": "2018-10-15",
        "untilDate": "2018-10-16"
      },
      {
        "insertions": 0,
        "deletions": 0,
        "sinceDate": "2018-10-16",
        "untilDate": "2018-10-17"
      },
      {
        "insertions": 0,
        "deletions": 0,
        "sinceDate": "2018-10-17",
        "untilDate": "2018-10-18"
      },
      {
        "insertions": 0,
        "deletions": 0,
        "sinceDate": "2018-10-18",
        "untilDate": "2018-10-19"
      },
      {
        "insertions": 0,
        "deletions": 0,
        "sinceDate": "2018-10-19",
        "untilDate": "2018-10-20"
      },
      {
        "insertions": 0,
        "deletions": 0,
        "sinceDate": "2018-10-20",
        "untilDate": "2018-10-21"
      },
      {
        "insertions": 0,
        "deletions": 0,
        "sinceDate": "2018-10-21",
        "untilDate": "2018-10-22"
      },
      {
        "insertions": 0,
        "deletions": 0,
        "sinceDate": "2018-10-22",
        "untilDate": "2018-10-23"
      },
      {
        "insertions": 0,
        "deletions": 0,
        "sinceDate": "2018-10-23",
        "untilDate": "2018-10-24"
      },
      {
        "insertions": 0,
        "deletions": 0,
        "sinceDate": "2018-10-24",
        "untilDate": "2018-10-25"
      },
      {
        "insertions": 0,
        "deletions": 0,
        "sinceDate": "2018-10-25",
        "untilDate": "2018-10-26"
      },
      {
        "insertions": 0,
        "deletions": 0,
        "sinceDate": "2018-10-26",
        "untilDate": "2018-10-27"
      },
      {
        "insertions": 0,
        "deletions": 0,
        "sinceDate": "2018-10-27",
        "untilDate": "2018-10-28"
      },
      {
        "insertions": 0,
        "deletions": 0,
        "sinceDate": "2018-10-28",
        "untilDate": "2018-10-29"
      },
      {
        "insertions": 0,
        "deletions": 0,
        "sinceDate": "2018-10-29",
        "untilDate": "2018-10-30"
      },
      {
        "insertions": 117,
        "deletions": 46,
        "sinceDate": "2018-10-30",
        "untilDate": "2018-10-31"
      },
      {
        "insertions": 0,
        "deletions": 0,
        "sinceDate": "2018-10-31",
        "untilDate": "2018-11-01"
      },
      {
        "insertions": 0,
        "deletions": 0,
        "sinceDate": "2018-11-01",
        "untilDate": "2018-11-02"
      },
      {
        "insertions": 0,
        "deletions": 0,
        "sinceDate": "2018-11-02",
        "untilDate": "2018-11-03"
      },
      {
        "insertions": 0,
        "deletions": 0,
        "sinceDate": "2018-11-03",
        "untilDate": "2018-11-04"
      },
      {
        "insertions": 0,
        "deletions": 0,
        "sinceDate": "2018-11-04",
        "untilDate": "2018-11-05"
      },
      {
        "insertions": 0,
        "deletions": 0,
        "sinceDate": "2018-11-05",
        "untilDate": "2018-11-06"
      },
      {
        "insertions": 0,
        "deletions": 0,
        "sinceDate": "2018-11-06",
        "untilDate": "2018-11-07"
      },
      {
        "insertions": 0,
        "deletions": 0,
        "sinceDate": "2018-11-07",
        "untilDate": "2018-11-08"
      },
      {
        "insertions": 0,
        "deletions": 0,
        "sinceDate": "2018-11-08",
        "untilDate": "2018-11-09"
      },
      {
        "insertions": 0,
        "deletions": 0,
        "sinceDate": "2018-11-09",
        "untilDate": "2018-11-10"
      },
      {
        "insertions": 0,
        "deletions": 0,
        "sinceDate": "2018-11-10",
        "untilDate": "2018-11-11"
      },
      {
        "insertions": 0,
        "deletions": 0,
        "sinceDate": "2018-11-11",
        "untilDate": "2018-11-12"
      },
      {
        "insertions": 54,
        "deletions": 40,
        "sinceDate": "2018-11-12",
        "untilDate": "2018-11-13"
      }
    ],
    "hozongsien": [
      {
        "insertions": 0,
        "deletions": 0,
        "sinceDate": "2018-09-01",
        "untilDate": "2018-09-02"
      },
      {
        "insertions": 0,
        "deletions": 0,
        "sinceDate": "2018-09-02",
        "untilDate": "2018-09-03"
      },
      {
        "insertions": 0,
        "deletions": 0,
        "sinceDate": "2018-09-03",
        "untilDate": "2018-09-04"
      },
      {
        "insertions": 0,
        "deletions": 0,
        "sinceDate": "2018-09-04",
        "untilDate": "2018-09-05"
      },
      {
        "insertions": 0,
        "deletions": 0,
        "sinceDate": "2018-09-05",
        "untilDate": "2018-09-06"
      },
      {
        "insertions": 0,
        "deletions": 0,
        "sinceDate": "2018-09-06",
        "untilDate": "2018-09-07"
      },
      {
        "insertions": 0,
        "deletions": 0,
        "sinceDate": "2018-09-07",
        "untilDate": "2018-09-08"
      },
      {
        "insertions": 0,
        "deletions": 0,
        "sinceDate": "2018-09-08",
        "untilDate": "2018-09-09"
      },
      {
        "insertions": 0,
        "deletions": 0,
        "sinceDate": "2018-09-09",
        "untilDate": "2018-09-10"
      },
      {
        "insertions": 0,
        "deletions": 0,
        "sinceDate": "2018-09-10",
        "untilDate": "2018-09-11"
      },
      {
        "insertions": 0,
        "deletions": 0,
        "sinceDate": "2018-09-11",
        "untilDate": "2018-09-12"
      },
      {
        "insertions": 0,
        "deletions": 0,
        "sinceDate": "2018-09-12",
        "untilDate": "2018-09-13"
      },
      {
        "insertions": 0,
        "deletions": 0,
        "sinceDate": "2018-09-13",
        "untilDate": "2018-09-14"
      },
      {
        "insertions": 0,
        "deletions": 0,
        "sinceDate": "2018-09-14",
        "untilDate": "2018-09-15"
      },
      {
        "insertions": 39,
        "deletions": 32,
        "sinceDate": "2018-09-15",
        "untilDate": "2018-09-16"
      },
      {
        "insertions": 0,
        "deletions": 0,
        "sinceDate": "2018-09-16",
        "untilDate": "2018-09-17"
      },
      {
        "insertions": 490,
        "deletions": 201,
        "sinceDate": "2018-09-17",
        "untilDate": "2018-09-18"
      },
      {
        "insertions": 108,
        "deletions": 89,
        "sinceDate": "2018-09-18",
        "untilDate": "2018-09-19"
      },
      {
        "insertions": 0,
        "deletions": 0,
        "sinceDate": "2018-09-19",
        "untilDate": "2018-09-20"
      },
      {
        "insertions": 0,
        "deletions": 0,
        "sinceDate": "2018-09-20",
        "untilDate": "2018-09-21"
      },
      {
        "insertions": 0,
        "deletions": 0,
        "sinceDate": "2018-09-21",
        "untilDate": "2018-09-22"
      },
      {
        "insertions": 0,
        "deletions": 0,
        "sinceDate": "2018-09-22",
        "untilDate": "2018-09-23"
      },
      {
        "insertions": 0,
        "deletions": 0,
        "sinceDate": "2018-09-23",
        "untilDate": "2018-09-24"
      },
      {
        "insertions": 372,
        "deletions": 44,
        "sinceDate": "2018-09-24",
        "untilDate": "2018-09-25"
      },
      {
        "insertions": 0,
        "deletions": 0,
        "sinceDate": "2018-09-25",
        "untilDate": "2018-09-26"
      },
      {
        "insertions": 0,
        "deletions": 0,
        "sinceDate": "2018-09-26",
        "untilDate": "2018-09-27"
      },
      {
        "insertions": 4,
        "deletions": 3,
        "sinceDate": "2018-09-27",
        "untilDate": "2018-09-28"
      },
      {
        "insertions": 103,
        "deletions": 51,
        "sinceDate": "2018-09-28",
        "untilDate": "2018-09-29"
      },
      {
        "insertions": 1,
        "deletions": 1,
        "sinceDate": "2018-09-29",
        "untilDate": "2018-09-30"
      },
      {
        "insertions": 0,
        "deletions": 0,
        "sinceDate": "2018-09-30",
        "untilDate": "2018-10-01"
      },
      {
        "insertions": 58,
        "deletions": 0,
        "sinceDate": "2018-10-01",
        "untilDate": "2018-10-02"
      },
      {
        "insertions": 25,
        "deletions": 23,
        "sinceDate": "2018-10-02",
        "untilDate": "2018-10-03"
      },
      {
        "insertions": 0,
        "deletions": 0,
        "sinceDate": "2018-10-03",
        "untilDate": "2018-10-04"
      },
      {
        "insertions": 0,
        "deletions": 0,
        "sinceDate": "2018-10-04",
        "untilDate": "2018-10-05"
      },
      {
        "insertions": 0,
        "deletions": 0,
        "sinceDate": "2018-10-05",
        "untilDate": "2018-10-06"
      },
      {
        "insertions": 0,
        "deletions": 0,
        "sinceDate": "2018-10-06",
        "untilDate": "2018-10-07"
      },
      {
        "insertions": 0,
        "deletions": 0,
        "sinceDate": "2018-10-07",
        "untilDate": "2018-10-08"
      },
      {
        "insertions": 0,
        "deletions": 0,
        "sinceDate": "2018-10-08",
        "untilDate": "2018-10-09"
      },
      {
        "insertions": 0,
        "deletions": 0,
        "sinceDate": "2018-10-09",
        "untilDate": "2018-10-10"
      },
      {
        "insertions": 189,
        "deletions": 62,
        "sinceDate": "2018-10-10",
        "untilDate": "2018-10-11"
      },
      {
        "insertions": 0,
        "deletions": 0,
        "sinceDate": "2018-10-11",
        "untilDate": "2018-10-12"
      },
      {
        "insertions": 12,
        "deletions": 10,
        "sinceDate": "2018-10-12",
        "untilDate": "2018-10-13"
      },
      {
        "insertions": 6,
        "deletions": 12,
        "sinceDate": "2018-10-13",
        "untilDate": "2018-10-14"
      },
      {
        "insertions": 52,
        "deletions": 3,
        "sinceDate": "2018-10-14",
        "untilDate": "2018-10-15"
      },
      {
        "insertions": 0,
        "deletions": 0,
        "sinceDate": "2018-10-15",
        "untilDate": "2018-10-16"
      },
      {
        "insertions": 0,
        "deletions": 0,
        "sinceDate": "2018-10-16",
        "untilDate": "2018-10-17"
      },
      {
        "insertions": 0,
        "deletions": 0,
        "sinceDate": "2018-10-17",
        "untilDate": "2018-10-18"
      },
      {
        "insertions": 0,
        "deletions": 0,
        "sinceDate": "2018-10-18",
        "untilDate": "2018-10-19"
      },
      {
        "insertions": 0,
        "deletions": 0,
        "sinceDate": "2018-10-19",
        "untilDate": "2018-10-20"
      },
      {
        "insertions": 116,
        "deletions": 46,
        "sinceDate": "2018-10-20",
        "untilDate": "2018-10-21"
      },
      {
        "insertions": 415,
        "deletions": 270,
        "sinceDate": "2018-10-21",
        "untilDate": "2018-10-22"
      },
      {
        "insertions": 191,
        "deletions": 161,
        "sinceDate": "2018-10-22",
        "untilDate": "2018-10-23"
      },
      {
        "insertions": 2668,
        "deletions": 495,
        "sinceDate": "2018-10-23",
        "untilDate": "2018-10-24"
      },
      {
        "insertions": 0,
        "deletions": 0,
        "sinceDate": "2018-10-24",
        "untilDate": "2018-10-25"
      },
      {
        "insertions": 411,
        "deletions": 27,
        "sinceDate": "2018-10-25",
        "untilDate": "2018-10-26"
      },
      {
        "insertions": 245,
        "deletions": 100,
        "sinceDate": "2018-10-26",
        "untilDate": "2018-10-27"
      },
      {
        "insertions": 0,
        "deletions": 0,
        "sinceDate": "2018-10-27",
        "untilDate": "2018-10-28"
      },
      {
        "insertions": 5,
        "deletions": 91,
        "sinceDate": "2018-10-28",
        "untilDate": "2018-10-29"
      },
      {
        "insertions": 160,
        "deletions": 39,
        "sinceDate": "2018-10-29",
        "untilDate": "2018-10-30"
      },
      {
        "insertions": 84,
        "deletions": 69,
        "sinceDate": "2018-10-30",
        "untilDate": "2018-10-31"
      },
      {
        "insertions": 0,
        "deletions": 0,
        "sinceDate": "2018-10-31",
        "untilDate": "2018-11-01"
      },
      {
        "insertions": 53,
        "deletions": 21,
        "sinceDate": "2018-11-01",
        "untilDate": "2018-11-02"
      },
      {
        "insertions": 0,
        "deletions": 0,
        "sinceDate": "2018-11-02",
        "untilDate": "2018-11-03"
      },
      {
        "insertions": 0,
        "deletions": 0,
        "sinceDate": "2018-11-03",
        "untilDate": "2018-11-04"
      },
      {
        "insertions": 0,
        "deletions": 0,
        "sinceDate": "2018-11-04",
        "untilDate": "2018-11-05"
      },
      {
        "insertions": 19,
        "deletions": 20,
        "sinceDate": "2018-11-05",
        "untilDate": "2018-11-06"
      },
      {
        "insertions": 52,
        "deletions": 24,
        "sinceDate": "2018-11-06",
        "untilDate": "2018-11-07"
      },
      {
        "insertions": 0,
        "deletions": 0,
        "sinceDate": "2018-11-07",
        "untilDate": "2018-11-08"
      },
      {
        "insertions": 4,
        "deletions": 3,
        "sinceDate": "2018-11-08",
        "untilDate": "2018-11-09"
      },
      {
        "insertions": 22,
        "deletions": 39,
        "sinceDate": "2018-11-09",
        "untilDate": "2018-11-10"
      },
      {
        "insertions": 30,
        "deletions": 1,
        "sinceDate": "2018-11-10",
        "untilDate": "2018-11-11"
      },
      {
        "insertions": 40135,
        "deletions": 40038,
        "sinceDate": "2018-11-11",
        "untilDate": "2018-11-12"
      },
      {
        "insertions": 180,
        "deletions": 129,
        "sinceDate": "2018-11-12",
        "untilDate": "2018-11-13"
      }
    ]
  },
  "authorFinalContributionMap": {
    "junhui2778": 1241,
    "shaniceabigail": 935,
    "JunWei96": 12490,
    "Cary-Xx": 96,
    "hozongsien": 2127
  },
  "authorContributionVariance": {
    "junhui2778": 12360.402,
    "shaniceabigail": 35961.99,
    "JunWei96": 267625.9,
    "Cary-Xx": 472.6058,
    "hozongsien": 8.6749128E7
  },
  "authorDisplayNameMap": {
    "junhui2778": "CHUA ...N HUI",
    "shaniceabigail": "SHANI...IGAIL",
    "JunWei96": "KOH J...N WEI",
    "Cary-Xx": "XIU Z...IHENG",
    "hozongsien": "HO ZO... SIEN"
  }
}
