{
  "authorWeeklyIntervalContributions": {
    "lionelat": [
      {
        "insertions": 0,
        "deletions": 0,
        "sinceDate": "2018-09-01",
        "untilDate": "2018-09-08"
      },
      {
        "insertions": 0,
        "deletions": 0,
        "sinceDate": "2018-09-08",
        "untilDate": "2018-09-15"
      },
      {
        "insertions": 413,
        "deletions": 40,
        "sinceDate": "2018-09-15",
        "untilDate": "2018-09-22"
      },
      {
        "insertions": 0,
        "deletions": 0,
        "sinceDate": "2018-09-22",
        "untilDate": "2018-09-29"
      },
      {
        "insertions": 430,
        "deletions": 167,
        "sinceDate": "2018-09-29",
        "untilDate": "2018-10-06"
      },
      {
        "insertions": 232,
        "deletions": 231,
        "sinceDate": "2018-10-06",
        "untilDate": "2018-10-13"
      },
      {
        "insertions": 263,
        "deletions": 130,
        "sinceDate": "2018-10-13",
        "untilDate": "2018-10-20"
      },
      {
        "insertions": 210,
        "deletions": 64,
        "sinceDate": "2018-10-20",
        "untilDate": "2018-10-27"
      },
      {
        "insertions": 1079,
        "deletions": 192,
        "sinceDate": "2018-10-27",
        "untilDate": "2018-11-03"
      },
      {
        "insertions": 239,
        "deletions": 72,
        "sinceDate": "2018-11-03",
        "untilDate": "2018-11-10"
      },
      {
        "insertions": 1338,
        "deletions": 113,
        "sinceDate": "2018-11-10",
        "untilDate": "2018-11-17"
      }
    ],
    "bannified": [
      {
        "insertions": 31,
        "deletions": 2,
        "sinceDate": "2018-09-01",
        "untilDate": "2018-09-08"
      },
      {
        "insertions": 0,
        "deletions": 0,
        "sinceDate": "2018-09-08",
        "untilDate": "2018-09-15"
      },
      {
        "insertions": 39,
        "deletions": 31,
        "sinceDate": "2018-09-15",
        "untilDate": "2018-09-22"
      },
      {
        "insertions": 4201,
        "deletions": 4032,
        "sinceDate": "2018-09-22",
        "untilDate": "2018-09-29"
      },
      {
        "insertions": 177,
        "deletions": 112,
        "sinceDate": "2018-09-29",
        "untilDate": "2018-10-06"
      },
      {
        "insertions": 92,
        "deletions": 24,
        "sinceDate": "2018-10-06",
        "untilDate": "2018-10-13"
      },
      {
        "insertions": 213,
        "deletions": 38,
        "sinceDate": "2018-10-13",
        "untilDate": "2018-10-20"
      },
      {
        "insertions": 1265,
        "deletions": 870,
        "sinceDate": "2018-10-20",
        "untilDate": "2018-10-27"
      },
      {
        "insertions": 363,
        "deletions": 232,
        "sinceDate": "2018-10-27",
        "untilDate": "2018-11-03"
      },
      {
        "insertions": 451,
        "deletions": 628,
        "sinceDate": "2018-11-03",
        "untilDate": "2018-11-10"
      },
      {
        "insertions": 1263,
        "deletions": 366,
        "sinceDate": "2018-11-10",
        "untilDate": "2018-11-17"
      }
    ],
    "dioptrique": [
      {
        "insertions": 0,
        "deletions": 0,
        "sinceDate": "2018-09-01",
        "untilDate": "2018-09-08"
      },
      {
        "insertions": 0,
        "deletions": 0,
        "sinceDate": "2018-09-08",
        "untilDate": "2018-09-15"
      },
      {
        "insertions": 482,
        "deletions": 103,
        "sinceDate": "2018-09-15",
        "untilDate": "2018-09-22"
      },
      {
        "insertions": 137,
        "deletions": 85,
        "sinceDate": "2018-09-22",
        "untilDate": "2018-09-29"
      },
      {
        "insertions": 833,
        "deletions": 234,
        "sinceDate": "2018-09-29",
        "untilDate": "2018-10-06"
      },
      {
        "insertions": 0,
        "deletions": 0,
        "sinceDate": "2018-10-06",
        "untilDate": "2018-10-13"
      },
      {
        "insertions": 663,
        "deletions": 591,
        "sinceDate": "2018-10-13",
        "untilDate": "2018-10-20"
      },
      {
        "insertions": 901,
        "deletions": 520,
        "sinceDate": "2018-10-20",
        "untilDate": "2018-10-27"
      },
      {
        "insertions": 460,
        "deletions": 182,
        "sinceDate": "2018-10-27",
        "untilDate": "2018-11-03"
      },
      {
        "insertions": 136,
        "deletions": 67,
        "sinceDate": "2018-11-03",
        "untilDate": "2018-11-10"
      },
      {
        "insertions": 1175,
        "deletions": 64,
        "sinceDate": "2018-11-10",
        "untilDate": "2018-11-17"
      }
    ],
    "jiholim": [
      {
        "insertions": 0,
        "deletions": 0,
        "sinceDate": "2018-09-01",
        "untilDate": "2018-09-08"
      },
      {
        "insertions": 0,
        "deletions": 0,
        "sinceDate": "2018-09-08",
        "untilDate": "2018-09-15"
      },
      {
        "insertions": 81,
        "deletions": 19,
        "sinceDate": "2018-09-15",
        "untilDate": "2018-09-22"
      },
      {
        "insertions": 0,
        "deletions": 0,
        "sinceDate": "2018-09-22",
        "untilDate": "2018-09-29"
      },
      {
        "insertions": 527,
        "deletions": 367,
        "sinceDate": "2018-09-29",
        "untilDate": "2018-10-06"
      },
      {
        "insertions": 0,
        "deletions": 0,
        "sinceDate": "2018-10-06",
        "untilDate": "2018-10-13"
      },
      {
        "insertions": 349,
        "deletions": 112,
        "sinceDate": "2018-10-13",
        "untilDate": "2018-10-20"
      },
      {
        "insertions": 339,
        "deletions": 59,
        "sinceDate": "2018-10-20",
        "untilDate": "2018-10-27"
      },
      {
        "insertions": 236,
        "deletions": 88,
        "sinceDate": "2018-10-27",
        "untilDate": "2018-11-03"
      },
      {
        "insertions": 0,
        "deletions": 0,
        "sinceDate": "2018-11-03",
        "untilDate": "2018-11-10"
      },
      {
        "insertions": 1249,
        "deletions": 38,
        "sinceDate": "2018-11-10",
        "untilDate": "2018-11-17"
      }
    ],
    "leongshengmin": [
      {
        "insertions": 51,
        "deletions": 5,
        "sinceDate": "2018-09-01",
        "untilDate": "2018-09-08"
      },
      {
        "insertions": 0,
        "deletions": 0,
        "sinceDate": "2018-09-08",
        "untilDate": "2018-09-15"
      },
      {
        "insertions": 898,
        "deletions": 654,
        "sinceDate": "2018-09-15",
        "untilDate": "2018-09-22"
      },
      {
        "insertions": 0,
        "deletions": 0,
        "sinceDate": "2018-09-22",
        "untilDate": "2018-09-29"
      },
      {
        "insertions": 1997,
        "deletions": 449,
        "sinceDate": "2018-09-29",
        "untilDate": "2018-10-06"
      },
      {
        "insertions": 434,
        "deletions": 297,
        "sinceDate": "2018-10-06",
        "untilDate": "2018-10-13"
      },
      {
        "insertions": 170,
        "deletions": 376,
        "sinceDate": "2018-10-13",
        "untilDate": "2018-10-20"
      },
      {
        "insertions": 132225,
        "deletions": 132018,
        "sinceDate": "2018-10-20",
        "untilDate": "2018-10-27"
      },
      {
        "insertions": 1597,
        "deletions": 125,
        "sinceDate": "2018-10-27",
        "untilDate": "2018-11-03"
      },
      {
        "insertions": 82402,
        "deletions": 82003,
        "sinceDate": "2018-11-03",
        "untilDate": "2018-11-10"
      },
      {
        "insertions": 1645,
        "deletions": 666,
        "sinceDate": "2018-11-10",
        "untilDate": "2018-11-17"
      }
    ]
  },
  "authorDailyIntervalContributions": {
    "lionelat": [
      {
        "insertions": 0,
        "deletions": 0,
        "sinceDate": "2018-09-01",
        "untilDate": "2018-09-02"
      },
      {
        "insertions": 0,
        "deletions": 0,
        "sinceDate": "2018-09-02",
        "untilDate": "2018-09-03"
      },
      {
        "insertions": 0,
        "deletions": 0,
        "sinceDate": "2018-09-03",
        "untilDate": "2018-09-04"
      },
      {
        "insertions": 0,
        "deletions": 0,
        "sinceDate": "2018-09-04",
        "untilDate": "2018-09-05"
      },
      {
        "insertions": 0,
        "deletions": 0,
        "sinceDate": "2018-09-05",
        "untilDate": "2018-09-06"
      },
      {
        "insertions": 0,
        "deletions": 0,
        "sinceDate": "2018-09-06",
        "untilDate": "2018-09-07"
      },
      {
        "insertions": 0,
        "deletions": 0,
        "sinceDate": "2018-09-07",
        "untilDate": "2018-09-08"
      },
      {
        "insertions": 0,
        "deletions": 0,
        "sinceDate": "2018-09-08",
        "untilDate": "2018-09-09"
      },
      {
        "insertions": 0,
        "deletions": 0,
        "sinceDate": "2018-09-09",
        "untilDate": "2018-09-10"
      },
      {
        "insertions": 0,
        "deletions": 0,
        "sinceDate": "2018-09-10",
        "untilDate": "2018-09-11"
      },
      {
        "insertions": 0,
        "deletions": 0,
        "sinceDate": "2018-09-11",
        "untilDate": "2018-09-12"
      },
      {
        "insertions": 0,
        "deletions": 0,
        "sinceDate": "2018-09-12",
        "untilDate": "2018-09-13"
      },
      {
        "insertions": 0,
        "deletions": 0,
        "sinceDate": "2018-09-13",
        "untilDate": "2018-09-14"
      },
      {
        "insertions": 0,
        "deletions": 0,
        "sinceDate": "2018-09-14",
        "untilDate": "2018-09-15"
      },
      {
        "insertions": 0,
        "deletions": 0,
        "sinceDate": "2018-09-15",
        "untilDate": "2018-09-16"
      },
      {
        "insertions": 0,
        "deletions": 0,
        "sinceDate": "2018-09-16",
        "untilDate": "2018-09-17"
      },
      {
        "insertions": 0,
        "deletions": 0,
        "sinceDate": "2018-09-17",
        "untilDate": "2018-09-18"
      },
      {
        "insertions": 120,
        "deletions": 8,
        "sinceDate": "2018-09-18",
        "untilDate": "2018-09-19"
      },
      {
        "insertions": 14,
        "deletions": 14,
        "sinceDate": "2018-09-19",
        "untilDate": "2018-09-20"
      },
      {
        "insertions": 0,
        "deletions": 0,
        "sinceDate": "2018-09-20",
        "untilDate": "2018-09-21"
      },
      {
        "insertions": 279,
        "deletions": 18,
        "sinceDate": "2018-09-21",
        "untilDate": "2018-09-22"
      },
      {
        "insertions": 0,
        "deletions": 0,
        "sinceDate": "2018-09-22",
        "untilDate": "2018-09-23"
      },
      {
        "insertions": 0,
        "deletions": 0,
        "sinceDate": "2018-09-23",
        "untilDate": "2018-09-24"
      },
      {
        "insertions": 0,
        "deletions": 0,
        "sinceDate": "2018-09-24",
        "untilDate": "2018-09-25"
      },
      {
        "insertions": 0,
        "deletions": 0,
        "sinceDate": "2018-09-25",
        "untilDate": "2018-09-26"
      },
      {
        "insertions": 0,
        "deletions": 0,
        "sinceDate": "2018-09-26",
        "untilDate": "2018-09-27"
      },
      {
        "insertions": 0,
        "deletions": 0,
        "sinceDate": "2018-09-27",
        "untilDate": "2018-09-28"
      },
      {
        "insertions": 0,
        "deletions": 0,
        "sinceDate": "2018-09-28",
        "untilDate": "2018-09-29"
      },
      {
        "insertions": 0,
        "deletions": 0,
        "sinceDate": "2018-09-29",
        "untilDate": "2018-09-30"
      },
      {
        "insertions": 224,
        "deletions": 146,
        "sinceDate": "2018-09-30",
        "untilDate": "2018-10-01"
      },
      {
        "insertions": 148,
        "deletions": 9,
        "sinceDate": "2018-10-01",
        "untilDate": "2018-10-02"
      },
      {
        "insertions": 0,
        "deletions": 0,
        "sinceDate": "2018-10-02",
        "untilDate": "2018-10-03"
      },
      {
        "insertions": 58,
        "deletions": 12,
        "sinceDate": "2018-10-03",
        "untilDate": "2018-10-04"
      },
      {
        "insertions": 0,
        "deletions": 0,
        "sinceDate": "2018-10-04",
        "untilDate": "2018-10-05"
      },
      {
        "insertions": 0,
        "deletions": 0,
        "sinceDate": "2018-10-05",
        "untilDate": "2018-10-06"
      },
      {
        "insertions": 0,
        "deletions": 0,
        "sinceDate": "2018-10-06",
        "untilDate": "2018-10-07"
      },
      {
        "insertions": 0,
        "deletions": 0,
        "sinceDate": "2018-10-07",
        "untilDate": "2018-10-08"
      },
      {
        "insertions": 0,
        "deletions": 0,
        "sinceDate": "2018-10-08",
        "untilDate": "2018-10-09"
      },
      {
        "insertions": 65,
        "deletions": 65,
        "sinceDate": "2018-10-09",
        "untilDate": "2018-10-10"
      },
      {
        "insertions": 156,
        "deletions": 157,
        "sinceDate": "2018-10-10",
        "untilDate": "2018-10-11"
      },
      {
        "insertions": 11,
        "deletions": 9,
        "sinceDate": "2018-10-11",
        "untilDate": "2018-10-12"
      },
      {
        "insertions": 0,
        "deletions": 0,
        "sinceDate": "2018-10-12",
        "untilDate": "2018-10-13"
      },
      {
        "insertions": 0,
        "deletions": 0,
        "sinceDate": "2018-10-13",
        "untilDate": "2018-10-14"
      },
      {
        "insertions": 93,
        "deletions": 25,
        "sinceDate": "2018-10-14",
        "untilDate": "2018-10-15"
      },
      {
        "insertions": 2,
        "deletions": 2,
        "sinceDate": "2018-10-15",
        "untilDate": "2018-10-16"
      },
      {
        "insertions": 0,
        "deletions": 0,
        "sinceDate": "2018-10-16",
        "untilDate": "2018-10-17"
      },
      {
        "insertions": 168,
        "deletions": 103,
        "sinceDate": "2018-10-17",
        "untilDate": "2018-10-18"
      },
      {
        "insertions": 0,
        "deletions": 0,
        "sinceDate": "2018-10-18",
        "untilDate": "2018-10-19"
      },
      {
        "insertions": 0,
        "deletions": 0,
        "sinceDate": "2018-10-19",
        "untilDate": "2018-10-20"
      },
      {
        "insertions": 0,
        "deletions": 0,
        "sinceDate": "2018-10-20",
        "untilDate": "2018-10-21"
      },
      {
        "insertions": 0,
        "deletions": 0,
        "sinceDate": "2018-10-21",
        "untilDate": "2018-10-22"
      },
      {
        "insertions": 0,
        "deletions": 0,
        "sinceDate": "2018-10-22",
        "untilDate": "2018-10-23"
      },
      {
        "insertions": 0,
        "deletions": 0,
        "sinceDate": "2018-10-23",
        "untilDate": "2018-10-24"
      },
      {
        "insertions": 78,
        "deletions": 46,
        "sinceDate": "2018-10-24",
        "untilDate": "2018-10-25"
      },
      {
        "insertions": 100,
        "deletions": 10,
        "sinceDate": "2018-10-25",
        "untilDate": "2018-10-26"
      },
      {
        "insertions": 32,
        "deletions": 8,
        "sinceDate": "2018-10-26",
        "untilDate": "2018-10-27"
      },
      {
        "insertions": 378,
        "deletions": 15,
        "sinceDate": "2018-10-27",
        "untilDate": "2018-10-28"
      },
      {
        "insertions": 469,
        "deletions": 50,
        "sinceDate": "2018-10-28",
        "untilDate": "2018-10-29"
      },
      {
        "insertions": 63,
        "deletions": 49,
        "sinceDate": "2018-10-29",
        "untilDate": "2018-10-30"
      },
      {
        "insertions": 0,
        "deletions": 0,
        "sinceDate": "2018-10-30",
        "untilDate": "2018-10-31"
      },
      {
        "insertions": 156,
        "deletions": 57,
        "sinceDate": "2018-10-31",
        "untilDate": "2018-11-01"
      },
      {
        "insertions": 0,
        "deletions": 0,
        "sinceDate": "2018-11-01",
        "untilDate": "2018-11-02"
      },
      {
        "insertions": 13,
        "deletions": 21,
        "sinceDate": "2018-11-02",
        "untilDate": "2018-11-03"
      },
      {
        "insertions": 0,
        "deletions": 0,
        "sinceDate": "2018-11-03",
        "untilDate": "2018-11-04"
      },
      {
        "insertions": 102,
        "deletions": 29,
        "sinceDate": "2018-11-04",
        "untilDate": "2018-11-05"
      },
      {
        "insertions": 110,
        "deletions": 33,
        "sinceDate": "2018-11-05",
        "untilDate": "2018-11-06"
      },
      {
        "insertions": 0,
        "deletions": 0,
        "sinceDate": "2018-11-06",
        "untilDate": "2018-11-07"
      },
      {
        "insertions": 27,
        "deletions": 10,
        "sinceDate": "2018-11-07",
        "untilDate": "2018-11-08"
      },
      {
        "insertions": 0,
        "deletions": 0,
        "sinceDate": "2018-11-08",
        "untilDate": "2018-11-09"
      },
      {
        "insertions": 0,
        "deletions": 0,
        "sinceDate": "2018-11-09",
        "untilDate": "2018-11-10"
      },
      {
        "insertions": 0,
        "deletions": 0,
        "sinceDate": "2018-11-10",
        "untilDate": "2018-11-11"
      },
      {
        "insertions": 94,
        "deletions": 6,
        "sinceDate": "2018-11-11",
        "untilDate": "2018-11-12"
      },
      {
        "insertions": 1244,
        "deletions": 107,
        "sinceDate": "2018-11-12",
        "untilDate": "2018-11-13"
      },
      {
        "insertions": 0,
        "deletions": 0,
        "sinceDate": "2018-11-13",
        "untilDate": "2018-11-14"
      }
    ],
    "bannified": [
      {
        "insertions": 31,
        "deletions": 2,
        "sinceDate": "2018-09-01",
        "untilDate": "2018-09-02"
      },
      {
        "insertions": 0,
        "deletions": 0,
        "sinceDate": "2018-09-02",
        "untilDate": "2018-09-03"
      },
      {
        "insertions": 0,
        "deletions": 0,
        "sinceDate": "2018-09-03",
        "untilDate": "2018-09-04"
      },
      {
        "insertions": 0,
        "deletions": 0,
        "sinceDate": "2018-09-04",
        "untilDate": "2018-09-05"
      },
      {
        "insertions": 0,
        "deletions": 0,
        "sinceDate": "2018-09-05",
        "untilDate": "2018-09-06"
      },
      {
        "insertions": 0,
        "deletions": 0,
        "sinceDate": "2018-09-06",
        "untilDate": "2018-09-07"
      },
      {
        "insertions": 0,
        "deletions": 0,
        "sinceDate": "2018-09-07",
        "untilDate": "2018-09-08"
      },
      {
        "insertions": 0,
        "deletions": 0,
        "sinceDate": "2018-09-08",
        "untilDate": "2018-09-09"
      },
      {
        "insertions": 0,
        "deletions": 0,
        "sinceDate": "2018-09-09",
        "untilDate": "2018-09-10"
      },
      {
        "insertions": 0,
        "deletions": 0,
        "sinceDate": "2018-09-10",
        "untilDate": "2018-09-11"
      },
      {
        "insertions": 0,
        "deletions": 0,
        "sinceDate": "2018-09-11",
        "untilDate": "2018-09-12"
      },
      {
        "insertions": 0,
        "deletions": 0,
        "sinceDate": "2018-09-12",
        "untilDate": "2018-09-13"
      },
      {
        "insertions": 0,
        "deletions": 0,
        "sinceDate": "2018-09-13",
        "untilDate": "2018-09-14"
      },
      {
        "insertions": 0,
        "deletions": 0,
        "sinceDate": "2018-09-14",
        "untilDate": "2018-09-15"
      },
      {
        "insertions": 0,
        "deletions": 0,
        "sinceDate": "2018-09-15",
        "untilDate": "2018-09-16"
      },
      {
        "insertions": 0,
        "deletions": 0,
        "sinceDate": "2018-09-16",
        "untilDate": "2018-09-17"
      },
      {
        "insertions": 10,
        "deletions": 4,
        "sinceDate": "2018-09-17",
        "untilDate": "2018-09-18"
      },
      {
        "insertions": 0,
        "deletions": 0,
        "sinceDate": "2018-09-18",
        "untilDate": "2018-09-19"
      },
      {
        "insertions": 29,
        "deletions": 27,
        "sinceDate": "2018-09-19",
        "untilDate": "2018-09-20"
      },
      {
        "insertions": 0,
        "deletions": 0,
        "sinceDate": "2018-09-20",
        "untilDate": "2018-09-21"
      },
      {
        "insertions": 0,
        "deletions": 0,
        "sinceDate": "2018-09-21",
        "untilDate": "2018-09-22"
      },
      {
        "insertions": 0,
        "deletions": 0,
        "sinceDate": "2018-09-22",
        "untilDate": "2018-09-23"
      },
      {
        "insertions": 0,
        "deletions": 0,
        "sinceDate": "2018-09-23",
        "untilDate": "2018-09-24"
      },
      {
        "insertions": 0,
        "deletions": 0,
        "sinceDate": "2018-09-24",
        "untilDate": "2018-09-25"
      },
      {
        "insertions": 946,
        "deletions": 955,
        "sinceDate": "2018-09-25",
        "untilDate": "2018-09-26"
      },
      {
        "insertions": 2121,
        "deletions": 2108,
        "sinceDate": "2018-09-26",
        "untilDate": "2018-09-27"
      },
      {
        "insertions": 0,
        "deletions": 0,
        "sinceDate": "2018-09-27",
        "untilDate": "2018-09-28"
      },
      {
        "insertions": 1134,
        "deletions": 969,
        "sinceDate": "2018-09-28",
        "untilDate": "2018-09-29"
      },
      {
        "insertions": 177,
        "deletions": 112,
        "sinceDate": "2018-09-29",
        "untilDate": "2018-09-30"
      },
      {
        "insertions": 0,
        "deletions": 0,
        "sinceDate": "2018-09-30",
        "untilDate": "2018-10-01"
      },
      {
        "insertions": 0,
        "deletions": 0,
        "sinceDate": "2018-10-01",
        "untilDate": "2018-10-02"
      },
      {
        "insertions": 0,
        "deletions": 0,
        "sinceDate": "2018-10-02",
        "untilDate": "2018-10-03"
      },
      {
        "insertions": 0,
        "deletions": 0,
        "sinceDate": "2018-10-03",
        "untilDate": "2018-10-04"
      },
      {
        "insertions": 0,
        "deletions": 0,
        "sinceDate": "2018-10-04",
        "untilDate": "2018-10-05"
      },
      {
        "insertions": 0,
        "deletions": 0,
        "sinceDate": "2018-10-05",
        "untilDate": "2018-10-06"
      },
      {
        "insertions": 10,
        "deletions": 10,
        "sinceDate": "2018-10-06",
        "untilDate": "2018-10-07"
      },
      {
        "insertions": 82,
        "deletions": 14,
        "sinceDate": "2018-10-07",
        "untilDate": "2018-10-08"
      },
      {
        "insertions": 0,
        "deletions": 0,
        "sinceDate": "2018-10-08",
        "untilDate": "2018-10-09"
      },
      {
        "insertions": 0,
        "deletions": 0,
        "sinceDate": "2018-10-09",
        "untilDate": "2018-10-10"
      },
      {
        "insertions": 0,
        "deletions": 0,
        "sinceDate": "2018-10-10",
        "untilDate": "2018-10-11"
      },
      {
        "insertions": 0,
        "deletions": 0,
        "sinceDate": "2018-10-11",
        "untilDate": "2018-10-12"
      },
      {
        "insertions": 0,
        "deletions": 0,
        "sinceDate": "2018-10-12",
        "untilDate": "2018-10-13"
      },
      {
        "insertions": 0,
        "deletions": 0,
        "sinceDate": "2018-10-13",
        "untilDate": "2018-10-14"
      },
      {
        "insertions": 0,
        "deletions": 0,
        "sinceDate": "2018-10-14",
        "untilDate": "2018-10-15"
      },
      {
        "insertions": 63,
        "deletions": 5,
        "sinceDate": "2018-10-15",
        "untilDate": "2018-10-16"
      },
      {
        "insertions": 0,
        "deletions": 0,
        "sinceDate": "2018-10-16",
        "untilDate": "2018-10-17"
      },
      {
        "insertions": 150,
        "deletions": 33,
        "sinceDate": "2018-10-17",
        "untilDate": "2018-10-18"
      },
      {
        "insertions": 0,
        "deletions": 0,
        "sinceDate": "2018-10-18",
        "untilDate": "2018-10-19"
      },
      {
        "insertions": 0,
        "deletions": 0,
        "sinceDate": "2018-10-19",
        "untilDate": "2018-10-20"
      },
      {
        "insertions": 0,
        "deletions": 0,
        "sinceDate": "2018-10-20",
        "untilDate": "2018-10-21"
      },
      {
        "insertions": 0,
        "deletions": 0,
        "sinceDate": "2018-10-21",
        "untilDate": "2018-10-22"
      },
      {
        "insertions": 10,
        "deletions": 10,
        "sinceDate": "2018-10-22",
        "untilDate": "2018-10-23"
      },
      {
        "insertions": 1191,
        "deletions": 839,
        "sinceDate": "2018-10-23",
        "untilDate": "2018-10-24"
      },
      {
        "insertions": 44,
        "deletions": 2,
        "sinceDate": "2018-10-24",
        "untilDate": "2018-10-25"
      },
      {
        "insertions": 20,
        "deletions": 19,
        "sinceDate": "2018-10-25",
        "untilDate": "2018-10-26"
      },
      {
        "insertions": 0,
        "deletions": 0,
        "sinceDate": "2018-10-26",
        "untilDate": "2018-10-27"
      },
      {
        "insertions": 0,
        "deletions": 0,
        "sinceDate": "2018-10-27",
        "untilDate": "2018-10-28"
      },
      {
        "insertions": 130,
        "deletions": 200,
        "sinceDate": "2018-10-28",
        "untilDate": "2018-10-29"
      },
      {
        "insertions": 0,
        "deletions": 0,
        "sinceDate": "2018-10-29",
        "untilDate": "2018-10-30"
      },
      {
        "insertions": 0,
        "deletions": 0,
        "sinceDate": "2018-10-30",
        "untilDate": "2018-10-31"
      },
      {
        "insertions": 232,
        "deletions": 31,
        "sinceDate": "2018-10-31",
        "untilDate": "2018-11-01"
      },
      {
        "insertions": 1,
        "deletions": 1,
        "sinceDate": "2018-11-01",
        "untilDate": "2018-11-02"
      },
      {
        "insertions": 0,
        "deletions": 0,
        "sinceDate": "2018-11-02",
        "untilDate": "2018-11-03"
      },
      {
        "insertions": 0,
        "deletions": 0,
        "sinceDate": "2018-11-03",
        "untilDate": "2018-11-04"
      },
      {
        "insertions": 0,
        "deletions": 0,
        "sinceDate": "2018-11-04",
        "untilDate": "2018-11-05"
      },
      {
        "insertions": 0,
        "deletions": 0,
        "sinceDate": "2018-11-05",
        "untilDate": "2018-11-06"
      },
      {
        "insertions": 0,
        "deletions": 0,
        "sinceDate": "2018-11-06",
        "untilDate": "2018-11-07"
      },
      {
        "insertions": 111,
        "deletions": 40,
        "sinceDate": "2018-11-07",
        "untilDate": "2018-11-08"
      },
      {
        "insertions": 283,
        "deletions": 563,
        "sinceDate": "2018-11-08",
        "untilDate": "2018-11-09"
      },
      {
        "insertions": 57,
        "deletions": 25,
        "sinceDate": "2018-11-09",
        "untilDate": "2018-11-10"
      },
      {
        "insertions": 1099,
        "deletions": 328,
        "sinceDate": "2018-11-10",
        "untilDate": "2018-11-11"
      },
      {
        "insertions": 26,
        "deletions": 1,
        "sinceDate": "2018-11-11",
        "untilDate": "2018-11-12"
      },
      {
        "insertions": 138,
        "deletions": 37,
        "sinceDate": "2018-11-12",
        "untilDate": "2018-11-13"
      },
      {
        "insertions": 0,
        "deletions": 0,
        "sinceDate": "2018-11-13",
        "untilDate": "2018-11-14"
      }
    ],
    "dioptrique": [
      {
        "insertions": 0,
        "deletions": 0,
        "sinceDate": "2018-09-01",
        "untilDate": "2018-09-02"
      },
      {
        "insertions": 0,
        "deletions": 0,
        "sinceDate": "2018-09-02",
        "untilDate": "2018-09-03"
      },
      {
        "insertions": 0,
        "deletions": 0,
        "sinceDate": "2018-09-03",
        "untilDate": "2018-09-04"
      },
      {
        "insertions": 0,
        "deletions": 0,
        "sinceDate": "2018-09-04",
        "untilDate": "2018-09-05"
      },
      {
        "insertions": 0,
        "deletions": 0,
        "sinceDate": "2018-09-05",
        "untilDate": "2018-09-06"
      },
      {
        "insertions": 0,
        "deletions": 0,
        "sinceDate": "2018-09-06",
        "untilDate": "2018-09-07"
      },
      {
        "insertions": 0,
        "deletions": 0,
        "sinceDate": "2018-09-07",
        "untilDate": "2018-09-08"
      },
      {
        "insertions": 0,
        "deletions": 0,
        "sinceDate": "2018-09-08",
        "untilDate": "2018-09-09"
      },
      {
        "insertions": 0,
        "deletions": 0,
        "sinceDate": "2018-09-09",
        "untilDate": "2018-09-10"
      },
      {
        "insertions": 0,
        "deletions": 0,
        "sinceDate": "2018-09-10",
        "untilDate": "2018-09-11"
      },
      {
        "insertions": 0,
        "deletions": 0,
        "sinceDate": "2018-09-11",
        "untilDate": "2018-09-12"
      },
      {
        "insertions": 0,
        "deletions": 0,
        "sinceDate": "2018-09-12",
        "untilDate": "2018-09-13"
      },
      {
        "insertions": 0,
        "deletions": 0,
        "sinceDate": "2018-09-13",
        "untilDate": "2018-09-14"
      },
      {
        "insertions": 0,
        "deletions": 0,
        "sinceDate": "2018-09-14",
        "untilDate": "2018-09-15"
      },
      {
        "insertions": 0,
        "deletions": 0,
        "sinceDate": "2018-09-15",
        "untilDate": "2018-09-16"
      },
      {
        "insertions": 0,
        "deletions": 0,
        "sinceDate": "2018-09-16",
        "untilDate": "2018-09-17"
      },
      {
        "insertions": 0,
        "deletions": 0,
        "sinceDate": "2018-09-17",
        "untilDate": "2018-09-18"
      },
      {
        "insertions": 45,
        "deletions": 13,
        "sinceDate": "2018-09-18",
        "untilDate": "2018-09-19"
      },
      {
        "insertions": 437,
        "deletions": 90,
        "sinceDate": "2018-09-19",
        "untilDate": "2018-09-20"
      },
      {
        "insertions": 0,
        "deletions": 0,
        "sinceDate": "2018-09-20",
        "untilDate": "2018-09-21"
      },
      {
        "insertions": 0,
        "deletions": 0,
        "sinceDate": "2018-09-21",
        "untilDate": "2018-09-22"
      },
      {
        "insertions": 0,
        "deletions": 0,
        "sinceDate": "2018-09-22",
        "untilDate": "2018-09-23"
      },
      {
        "insertions": 0,
        "deletions": 0,
        "sinceDate": "2018-09-23",
        "untilDate": "2018-09-24"
      },
      {
        "insertions": 137,
        "deletions": 85,
        "sinceDate": "2018-09-24",
        "untilDate": "2018-09-25"
      },
      {
        "insertions": 0,
        "deletions": 0,
        "sinceDate": "2018-09-25",
        "untilDate": "2018-09-26"
      },
      {
        "insertions": 0,
        "deletions": 0,
        "sinceDate": "2018-09-26",
        "untilDate": "2018-09-27"
      },
      {
        "insertions": 0,
        "deletions": 0,
        "sinceDate": "2018-09-27",
        "untilDate": "2018-09-28"
      },
      {
        "insertions": 0,
        "deletions": 0,
        "sinceDate": "2018-09-28",
        "untilDate": "2018-09-29"
      },
      {
        "insertions": 55,
        "deletions": 31,
        "sinceDate": "2018-09-29",
        "untilDate": "2018-09-30"
      },
      {
        "insertions": 0,
        "deletions": 0,
        "sinceDate": "2018-09-30",
        "untilDate": "2018-10-01"
      },
      {
        "insertions": 181,
        "deletions": 6,
        "sinceDate": "2018-10-01",
        "untilDate": "2018-10-02"
      },
      {
        "insertions": 474,
        "deletions": 117,
        "sinceDate": "2018-10-02",
        "untilDate": "2018-10-03"
      },
      {
        "insertions": 123,
        "deletions": 80,
        "sinceDate": "2018-10-03",
        "untilDate": "2018-10-04"
      },
      {
        "insertions": 0,
        "deletions": 0,
        "sinceDate": "2018-10-04",
        "untilDate": "2018-10-05"
      },
      {
        "insertions": 0,
        "deletions": 0,
        "sinceDate": "2018-10-05",
        "untilDate": "2018-10-06"
      },
      {
        "insertions": 0,
        "deletions": 0,
        "sinceDate": "2018-10-06",
        "untilDate": "2018-10-07"
      },
      {
        "insertions": 0,
        "deletions": 0,
        "sinceDate": "2018-10-07",
        "untilDate": "2018-10-08"
      },
      {
        "insertions": 0,
        "deletions": 0,
        "sinceDate": "2018-10-08",
        "untilDate": "2018-10-09"
      },
      {
        "insertions": 0,
        "deletions": 0,
        "sinceDate": "2018-10-09",
        "untilDate": "2018-10-10"
      },
      {
        "insertions": 0,
        "deletions": 0,
        "sinceDate": "2018-10-10",
        "untilDate": "2018-10-11"
      },
      {
        "insertions": 0,
        "deletions": 0,
        "sinceDate": "2018-10-11",
        "untilDate": "2018-10-12"
      },
      {
        "insertions": 0,
        "deletions": 0,
        "sinceDate": "2018-10-12",
        "untilDate": "2018-10-13"
      },
      {
        "insertions": 0,
        "deletions": 0,
        "sinceDate": "2018-10-13",
        "untilDate": "2018-10-14"
      },
      {
        "insertions": 0,
        "deletions": 0,
        "sinceDate": "2018-10-14",
        "untilDate": "2018-10-15"
      },
      {
        "insertions": 0,
        "deletions": 0,
        "sinceDate": "2018-10-15",
        "untilDate": "2018-10-16"
      },
      {
        "insertions": 0,
        "deletions": 0,
        "sinceDate": "2018-10-16",
        "untilDate": "2018-10-17"
      },
      {
        "insertions": 596,
        "deletions": 526,
        "sinceDate": "2018-10-17",
        "untilDate": "2018-10-18"
      },
      {
        "insertions": 67,
        "deletions": 65,
        "sinceDate": "2018-10-18",
        "untilDate": "2018-10-19"
      },
      {
        "insertions": 0,
        "deletions": 0,
        "sinceDate": "2018-10-19",
        "untilDate": "2018-10-20"
      },
      {
        "insertions": 120,
        "deletions": 45,
        "sinceDate": "2018-10-20",
        "untilDate": "2018-10-21"
      },
      {
        "insertions": 221,
        "deletions": 115,
        "sinceDate": "2018-10-21",
        "untilDate": "2018-10-22"
      },
      {
        "insertions": 0,
        "deletions": 0,
        "sinceDate": "2018-10-22",
        "untilDate": "2018-10-23"
      },
      {
        "insertions": 482,
        "deletions": 332,
        "sinceDate": "2018-10-23",
        "untilDate": "2018-10-24"
      },
      {
        "insertions": 78,
        "deletions": 28,
        "sinceDate": "2018-10-24",
        "untilDate": "2018-10-25"
      },
      {
        "insertions": 0,
        "deletions": 0,
        "sinceDate": "2018-10-25",
        "untilDate": "2018-10-26"
      },
      {
        "insertions": 0,
        "deletions": 0,
        "sinceDate": "2018-10-26",
        "untilDate": "2018-10-27"
      },
      {
        "insertions": 0,
        "deletions": 0,
        "sinceDate": "2018-10-27",
        "untilDate": "2018-10-28"
      },
      {
        "insertions": 0,
        "deletions": 0,
        "sinceDate": "2018-10-28",
        "untilDate": "2018-10-29"
      },
      {
        "insertions": 0,
        "deletions": 0,
        "sinceDate": "2018-10-29",
        "untilDate": "2018-10-30"
      },
      {
        "insertions": 444,
        "deletions": 63,
        "sinceDate": "2018-10-30",
        "untilDate": "2018-10-31"
      },
      {
        "insertions": 16,
        "deletions": 119,
        "sinceDate": "2018-10-31",
        "untilDate": "2018-11-01"
      },
      {
        "insertions": 0,
        "deletions": 0,
        "sinceDate": "2018-11-01",
        "untilDate": "2018-11-02"
      },
      {
        "insertions": 0,
        "deletions": 0,
        "sinceDate": "2018-11-02",
        "untilDate": "2018-11-03"
      },
      {
        "insertions": 0,
        "deletions": 0,
        "sinceDate": "2018-11-03",
        "untilDate": "2018-11-04"
      },
      {
        "insertions": 0,
        "deletions": 0,
        "sinceDate": "2018-11-04",
        "untilDate": "2018-11-05"
      },
      {
        "insertions": 0,
        "deletions": 0,
        "sinceDate": "2018-11-05",
        "untilDate": "2018-11-06"
      },
      {
        "insertions": 0,
        "deletions": 0,
        "sinceDate": "2018-11-06",
        "untilDate": "2018-11-07"
      },
      {
        "insertions": 42,
        "deletions": 22,
        "sinceDate": "2018-11-07",
        "untilDate": "2018-11-08"
      },
      {
        "insertions": 94,
        "deletions": 45,
        "sinceDate": "2018-11-08",
        "untilDate": "2018-11-09"
      },
      {
        "insertions": 0,
        "deletions": 0,
        "sinceDate": "2018-11-09",
        "untilDate": "2018-11-10"
      },
      {
        "insertions": 0,
        "deletions": 0,
        "sinceDate": "2018-11-10",
        "untilDate": "2018-11-11"
      },
      {
        "insertions": 0,
        "deletions": 0,
        "sinceDate": "2018-11-11",
        "untilDate": "2018-11-12"
      },
      {
        "insertions": 1173,
        "deletions": 62,
        "sinceDate": "2018-11-12",
        "untilDate": "2018-11-13"
      },
      {
        "insertions": 2,
        "deletions": 2,
        "sinceDate": "2018-11-13",
        "untilDate": "2018-11-14"
      }
    ],
    "jiholim": [
      {
        "insertions": 0,
        "deletions": 0,
        "sinceDate": "2018-09-01",
        "untilDate": "2018-09-02"
      },
      {
        "insertions": 0,
        "deletions": 0,
        "sinceDate": "2018-09-02",
        "untilDate": "2018-09-03"
      },
      {
        "insertions": 0,
        "deletions": 0,
        "sinceDate": "2018-09-03",
        "untilDate": "2018-09-04"
      },
      {
        "insertions": 0,
        "deletions": 0,
        "sinceDate": "2018-09-04",
        "untilDate": "2018-09-05"
      },
      {
        "insertions": 0,
        "deletions": 0,
        "sinceDate": "2018-09-05",
        "untilDate": "2018-09-06"
      },
      {
        "insertions": 0,
        "deletions": 0,
        "sinceDate": "2018-09-06",
        "untilDate": "2018-09-07"
      },
      {
        "insertions": 0,
        "deletions": 0,
        "sinceDate": "2018-09-07",
        "untilDate": "2018-09-08"
      },
      {
        "insertions": 0,
        "deletions": 0,
        "sinceDate": "2018-09-08",
        "untilDate": "2018-09-09"
      },
      {
        "insertions": 0,
        "deletions": 0,
        "sinceDate": "2018-09-09",
        "untilDate": "2018-09-10"
      },
      {
        "insertions": 0,
        "deletions": 0,
        "sinceDate": "2018-09-10",
        "untilDate": "2018-09-11"
      },
      {
        "insertions": 0,
        "deletions": 0,
        "sinceDate": "2018-09-11",
        "untilDate": "2018-09-12"
      },
      {
        "insertions": 0,
        "deletions": 0,
        "sinceDate": "2018-09-12",
        "untilDate": "2018-09-13"
      },
      {
        "insertions": 0,
        "deletions": 0,
        "sinceDate": "2018-09-13",
        "untilDate": "2018-09-14"
      },
      {
        "insertions": 0,
        "deletions": 0,
        "sinceDate": "2018-09-14",
        "untilDate": "2018-09-15"
      },
      {
        "insertions": 0,
        "deletions": 0,
        "sinceDate": "2018-09-15",
        "untilDate": "2018-09-16"
      },
      {
        "insertions": 0,
        "deletions": 0,
        "sinceDate": "2018-09-16",
        "untilDate": "2018-09-17"
      },
      {
        "insertions": 0,
        "deletions": 0,
        "sinceDate": "2018-09-17",
        "untilDate": "2018-09-18"
      },
      {
        "insertions": 0,
        "deletions": 0,
        "sinceDate": "2018-09-18",
        "untilDate": "2018-09-19"
      },
      {
        "insertions": 22,
        "deletions": 12,
        "sinceDate": "2018-09-19",
        "untilDate": "2018-09-20"
      },
      {
        "insertions": 59,
        "deletions": 7,
        "sinceDate": "2018-09-20",
        "untilDate": "2018-09-21"
      },
      {
        "insertions": 0,
        "deletions": 0,
        "sinceDate": "2018-09-21",
        "untilDate": "2018-09-22"
      },
      {
        "insertions": 0,
        "deletions": 0,
        "sinceDate": "2018-09-22",
        "untilDate": "2018-09-23"
      },
      {
        "insertions": 0,
        "deletions": 0,
        "sinceDate": "2018-09-23",
        "untilDate": "2018-09-24"
      },
      {
        "insertions": 0,
        "deletions": 0,
        "sinceDate": "2018-09-24",
        "untilDate": "2018-09-25"
      },
      {
        "insertions": 0,
        "deletions": 0,
        "sinceDate": "2018-09-25",
        "untilDate": "2018-09-26"
      },
      {
        "insertions": 0,
        "deletions": 0,
        "sinceDate": "2018-09-26",
        "untilDate": "2018-09-27"
      },
      {
        "insertions": 0,
        "deletions": 0,
        "sinceDate": "2018-09-27",
        "untilDate": "2018-09-28"
      },
      {
        "insertions": 0,
        "deletions": 0,
        "sinceDate": "2018-09-28",
        "untilDate": "2018-09-29"
      },
      {
        "insertions": 89,
        "deletions": 74,
        "sinceDate": "2018-09-29",
        "untilDate": "2018-09-30"
      },
      {
        "insertions": 438,
        "deletions": 293,
        "sinceDate": "2018-09-30",
        "untilDate": "2018-10-01"
      },
      {
        "insertions": 0,
        "deletions": 0,
        "sinceDate": "2018-10-01",
        "untilDate": "2018-10-02"
      },
      {
        "insertions": 0,
        "deletions": 0,
        "sinceDate": "2018-10-02",
        "untilDate": "2018-10-03"
      },
      {
        "insertions": 0,
        "deletions": 0,
        "sinceDate": "2018-10-03",
        "untilDate": "2018-10-04"
      },
      {
        "insertions": 0,
        "deletions": 0,
        "sinceDate": "2018-10-04",
        "untilDate": "2018-10-05"
      },
      {
        "insertions": 0,
        "deletions": 0,
        "sinceDate": "2018-10-05",
        "untilDate": "2018-10-06"
      },
      {
        "insertions": 0,
        "deletions": 0,
        "sinceDate": "2018-10-06",
        "untilDate": "2018-10-07"
      },
      {
        "insertions": 0,
        "deletions": 0,
        "sinceDate": "2018-10-07",
        "untilDate": "2018-10-08"
      },
      {
        "insertions": 0,
        "deletions": 0,
        "sinceDate": "2018-10-08",
        "untilDate": "2018-10-09"
      },
      {
        "insertions": 0,
        "deletions": 0,
        "sinceDate": "2018-10-09",
        "untilDate": "2018-10-10"
      },
      {
        "insertions": 0,
        "deletions": 0,
        "sinceDate": "2018-10-10",
        "untilDate": "2018-10-11"
      },
      {
        "insertions": 0,
        "deletions": 0,
        "sinceDate": "2018-10-11",
        "untilDate": "2018-10-12"
      },
      {
        "insertions": 0,
        "deletions": 0,
        "sinceDate": "2018-10-12",
        "untilDate": "2018-10-13"
      },
      {
        "insertions": 0,
        "deletions": 0,
        "sinceDate": "2018-10-13",
        "untilDate": "2018-10-14"
      },
      {
        "insertions": 0,
        "deletions": 0,
        "sinceDate": "2018-10-14",
        "untilDate": "2018-10-15"
      },
      {
        "insertions": 298,
        "deletions": 111,
        "sinceDate": "2018-10-15",
        "untilDate": "2018-10-16"
      },
      {
        "insertions": 0,
        "deletions": 0,
        "sinceDate": "2018-10-16",
        "untilDate": "2018-10-17"
      },
      {
        "insertions": 0,
        "deletions": 0,
        "sinceDate": "2018-10-17",
        "untilDate": "2018-10-18"
      },
      {
        "insertions": 51,
        "deletions": 1,
        "sinceDate": "2018-10-18",
        "untilDate": "2018-10-19"
      },
      {
        "insertions": 0,
        "deletions": 0,
        "sinceDate": "2018-10-19",
        "untilDate": "2018-10-20"
      },
      {
        "insertions": 0,
        "deletions": 0,
        "sinceDate": "2018-10-20",
        "untilDate": "2018-10-21"
      },
      {
        "insertions": 0,
        "deletions": 0,
        "sinceDate": "2018-10-21",
        "untilDate": "2018-10-22"
      },
      {
        "insertions": 0,
        "deletions": 0,
        "sinceDate": "2018-10-22",
        "untilDate": "2018-10-23"
      },
      {
        "insertions": 222,
        "deletions": 40,
        "sinceDate": "2018-10-23",
        "untilDate": "2018-10-24"
      },
      {
        "insertions": 117,
        "deletions": 19,
        "sinceDate": "2018-10-24",
        "untilDate": "2018-10-25"
      },
      {
        "insertions": 0,
        "deletions": 0,
        "sinceDate": "2018-10-25",
        "untilDate": "2018-10-26"
      },
      {
        "insertions": 0,
        "deletions": 0,
        "sinceDate": "2018-10-26",
        "untilDate": "2018-10-27"
      },
      {
        "insertions": 236,
        "deletions": 88,
        "sinceDate": "2018-10-27",
        "untilDate": "2018-10-28"
      },
      {
        "insertions": 0,
        "deletions": 0,
        "sinceDate": "2018-10-28",
        "untilDate": "2018-10-29"
      },
      {
        "insertions": 0,
        "deletions": 0,
        "sinceDate": "2018-10-29",
        "untilDate": "2018-10-30"
      },
      {
        "insertions": 0,
        "deletions": 0,
        "sinceDate": "2018-10-30",
        "untilDate": "2018-10-31"
      },
      {
        "insertions": 0,
        "deletions": 0,
        "sinceDate": "2018-10-31",
        "untilDate": "2018-11-01"
      },
      {
        "insertions": 0,
        "deletions": 0,
        "sinceDate": "2018-11-01",
        "untilDate": "2018-11-02"
      },
      {
        "insertions": 0,
        "deletions": 0,
        "sinceDate": "2018-11-02",
        "untilDate": "2018-11-03"
      },
      {
        "insertions": 0,
        "deletions": 0,
        "sinceDate": "2018-11-03",
        "untilDate": "2018-11-04"
      },
      {
        "insertions": 0,
        "deletions": 0,
        "sinceDate": "2018-11-04",
        "untilDate": "2018-11-05"
      },
      {
        "insertions": 0,
        "deletions": 0,
        "sinceDate": "2018-11-05",
        "untilDate": "2018-11-06"
      },
      {
        "insertions": 0,
        "deletions": 0,
        "sinceDate": "2018-11-06",
        "untilDate": "2018-11-07"
      },
      {
        "insertions": 0,
        "deletions": 0,
        "sinceDate": "2018-11-07",
        "untilDate": "2018-11-08"
      },
      {
        "insertions": 0,
        "deletions": 0,
        "sinceDate": "2018-11-08",
        "untilDate": "2018-11-09"
      },
      {
        "insertions": 0,
        "deletions": 0,
        "sinceDate": "2018-11-09",
        "untilDate": "2018-11-10"
      },
      {
        "insertions": 0,
        "deletions": 0,
        "sinceDate": "2018-11-10",
        "untilDate": "2018-11-11"
      },
      {
        "insertions": 200,
        "deletions": 0,
        "sinceDate": "2018-11-11",
        "untilDate": "2018-11-12"
      },
      {
        "insertions": 1049,
        "deletions": 38,
        "sinceDate": "2018-11-12",
        "untilDate": "2018-11-13"
      },
      {
        "insertions": 0,
        "deletions": 0,
        "sinceDate": "2018-11-13",
        "untilDate": "2018-11-14"
      }
    ],
    "leongshengmin": [
      {
        "insertions": 51,
        "deletions": 5,
        "sinceDate": "2018-09-01",
        "untilDate": "2018-09-02"
      },
      {
        "insertions": 0,
        "deletions": 0,
        "sinceDate": "2018-09-02",
        "untilDate": "2018-09-03"
      },
      {
        "insertions": 0,
        "deletions": 0,
        "sinceDate": "2018-09-03",
        "untilDate": "2018-09-04"
      },
      {
        "insertions": 0,
        "deletions": 0,
        "sinceDate": "2018-09-04",
        "untilDate": "2018-09-05"
      },
      {
        "insertions": 0,
        "deletions": 0,
        "sinceDate": "2018-09-05",
        "untilDate": "2018-09-06"
      },
      {
        "insertions": 0,
        "deletions": 0,
        "sinceDate": "2018-09-06",
        "untilDate": "2018-09-07"
      },
      {
        "insertions": 0,
        "deletions": 0,
        "sinceDate": "2018-09-07",
        "untilDate": "2018-09-08"
      },
      {
        "insertions": 0,
        "deletions": 0,
        "sinceDate": "2018-09-08",
        "untilDate": "2018-09-09"
      },
      {
        "insertions": 0,
        "deletions": 0,
        "sinceDate": "2018-09-09",
        "untilDate": "2018-09-10"
      },
      {
        "insertions": 0,
        "deletions": 0,
        "sinceDate": "2018-09-10",
        "untilDate": "2018-09-11"
      },
      {
        "insertions": 0,
        "deletions": 0,
        "sinceDate": "2018-09-11",
        "untilDate": "2018-09-12"
      },
      {
        "insertions": 0,
        "deletions": 0,
        "sinceDate": "2018-09-12",
        "untilDate": "2018-09-13"
      },
      {
        "insertions": 0,
        "deletions": 0,
        "sinceDate": "2018-09-13",
        "untilDate": "2018-09-14"
      },
      {
        "insertions": 0,
        "deletions": 0,
        "sinceDate": "2018-09-14",
        "untilDate": "2018-09-15"
      },
      {
        "insertions": 110,
        "deletions": 42,
        "sinceDate": "2018-09-15",
        "untilDate": "2018-09-16"
      },
      {
        "insertions": 0,
        "deletions": 0,
        "sinceDate": "2018-09-16",
        "untilDate": "2018-09-17"
      },
      {
        "insertions": 0,
        "deletions": 0,
        "sinceDate": "2018-09-17",
        "untilDate": "2018-09-18"
      },
      {
        "insertions": 0,
        "deletions": 0,
        "sinceDate": "2018-09-18",
        "untilDate": "2018-09-19"
      },
      {
        "insertions": 24,
        "deletions": 150,
        "sinceDate": "2018-09-19",
        "untilDate": "2018-09-20"
      },
      {
        "insertions": 764,
        "deletions": 462,
        "sinceDate": "2018-09-20",
        "untilDate": "2018-09-21"
      },
      {
        "insertions": 0,
        "deletions": 0,
        "sinceDate": "2018-09-21",
        "untilDate": "2018-09-22"
      },
      {
        "insertions": 0,
        "deletions": 0,
        "sinceDate": "2018-09-22",
        "untilDate": "2018-09-23"
      },
      {
        "insertions": 0,
        "deletions": 0,
        "sinceDate": "2018-09-23",
        "untilDate": "2018-09-24"
      },
      {
        "insertions": 0,
        "deletions": 0,
        "sinceDate": "2018-09-24",
        "untilDate": "2018-09-25"
      },
      {
        "insertions": 0,
        "deletions": 0,
        "sinceDate": "2018-09-25",
        "untilDate": "2018-09-26"
      },
      {
        "insertions": 0,
        "deletions": 0,
        "sinceDate": "2018-09-26",
        "untilDate": "2018-09-27"
      },
      {
        "insertions": 0,
        "deletions": 0,
        "sinceDate": "2018-09-27",
        "untilDate": "2018-09-28"
      },
      {
        "insertions": 0,
        "deletions": 0,
        "sinceDate": "2018-09-28",
        "untilDate": "2018-09-29"
      },
      {
        "insertions": 837,
        "deletions": 143,
        "sinceDate": "2018-09-29",
        "untilDate": "2018-09-30"
      },
      {
        "insertions": 475,
        "deletions": 179,
        "sinceDate": "2018-09-30",
        "untilDate": "2018-10-01"
      },
      {
        "insertions": 0,
        "deletions": 0,
        "sinceDate": "2018-10-01",
        "untilDate": "2018-10-02"
      },
      {
        "insertions": 0,
        "deletions": 0,
        "sinceDate": "2018-10-02",
        "untilDate": "2018-10-03"
      },
      {
        "insertions": 254,
        "deletions": 41,
        "sinceDate": "2018-10-03",
        "untilDate": "2018-10-04"
      },
      {
        "insertions": 431,
        "deletions": 86,
        "sinceDate": "2018-10-04",
        "untilDate": "2018-10-05"
      },
      {
        "insertions": 0,
        "deletions": 0,
        "sinceDate": "2018-10-05",
        "untilDate": "2018-10-06"
      },
      {
        "insertions": 130,
        "deletions": 218,
        "sinceDate": "2018-10-06",
        "untilDate": "2018-10-07"
      },
      {
        "insertions": 0,
        "deletions": 0,
        "sinceDate": "2018-10-07",
        "untilDate": "2018-10-08"
      },
      {
        "insertions": 0,
        "deletions": 0,
        "sinceDate": "2018-10-08",
        "untilDate": "2018-10-09"
      },
      {
        "insertions": 0,
        "deletions": 0,
        "sinceDate": "2018-10-09",
        "untilDate": "2018-10-10"
      },
      {
        "insertions": 304,
        "deletions": 79,
        "sinceDate": "2018-10-10",
        "untilDate": "2018-10-11"
      },
      {
        "insertions": 0,
        "deletions": 0,
        "sinceDate": "2018-10-11",
        "untilDate": "2018-10-12"
      },
      {
        "insertions": 0,
        "deletions": 0,
        "sinceDate": "2018-10-12",
        "untilDate": "2018-10-13"
      },
      {
        "insertions": 0,
        "deletions": 0,
        "sinceDate": "2018-10-13",
        "untilDate": "2018-10-14"
      },
      {
        "insertions": 0,
        "deletions": 0,
        "sinceDate": "2018-10-14",
        "untilDate": "2018-10-15"
      },
      {
        "insertions": 0,
        "deletions": 0,
        "sinceDate": "2018-10-15",
        "untilDate": "2018-10-16"
      },
      {
        "insertions": 0,
        "deletions": 0,
        "sinceDate": "2018-10-16",
        "untilDate": "2018-10-17"
      },
      {
        "insertions": 122,
        "deletions": 367,
        "sinceDate": "2018-10-17",
        "untilDate": "2018-10-18"
      },
      {
        "insertions": 48,
        "deletions": 9,
        "sinceDate": "2018-10-18",
        "untilDate": "2018-10-19"
      },
      {
        "insertions": 0,
        "deletions": 0,
        "sinceDate": "2018-10-19",
        "untilDate": "2018-10-20"
      },
      {
        "insertions": 0,
        "deletions": 0,
        "sinceDate": "2018-10-20",
        "untilDate": "2018-10-21"
      },
      {
        "insertions": 0,
        "deletions": 0,
        "sinceDate": "2018-10-21",
        "untilDate": "2018-10-22"
      },
      {
        "insertions": 0,
        "deletions": 0,
        "sinceDate": "2018-10-22",
        "untilDate": "2018-10-23"
      },
      {
        "insertions": 0,
        "deletions": 0,
        "sinceDate": "2018-10-23",
        "untilDate": "2018-10-24"
      },
      {
        "insertions": 132190,
        "deletions": 240,
        "sinceDate": "2018-10-24",
        "untilDate": "2018-10-25"
      },
      {
        "insertions": 35,
        "deletions": 131778,
        "sinceDate": "2018-10-25",
        "untilDate": "2018-10-26"
      },
      {
        "insertions": 0,
        "deletions": 0,
        "sinceDate": "2018-10-26",
        "untilDate": "2018-10-27"
      },
      {
        "insertions": 12,
        "deletions": 13,
        "sinceDate": "2018-10-27",
        "untilDate": "2018-10-28"
      },
      {
        "insertions": 65,
        "deletions": 23,
        "sinceDate": "2018-10-28",
        "untilDate": "2018-10-29"
      },
      {
        "insertions": 0,
        "deletions": 0,
        "sinceDate": "2018-10-29",
        "untilDate": "2018-10-30"
      },
      {
        "insertions": 0,
        "deletions": 0,
        "sinceDate": "2018-10-30",
        "untilDate": "2018-10-31"
      },
      {
        "insertions": 1276,
        "deletions": 26,
        "sinceDate": "2018-10-31",
        "untilDate": "2018-11-01"
      },
      {
        "insertions": 244,
        "deletions": 63,
        "sinceDate": "2018-11-01",
        "untilDate": "2018-11-02"
      },
      {
        "insertions": 0,
        "deletions": 0,
        "sinceDate": "2018-11-02",
        "untilDate": "2018-11-03"
      },
      {
        "insertions": 0,
        "deletions": 0,
        "sinceDate": "2018-11-03",
        "untilDate": "2018-11-04"
      },
      {
        "insertions": 0,
        "deletions": 0,
        "sinceDate": "2018-11-04",
        "untilDate": "2018-11-05"
      },
      {
        "insertions": 0,
        "deletions": 0,
        "sinceDate": "2018-11-05",
        "untilDate": "2018-11-06"
      },
      {
        "insertions": 80464,
        "deletions": 233,
        "sinceDate": "2018-11-06",
        "untilDate": "2018-11-07"
      },
      {
        "insertions": 102,
        "deletions": 80025,
        "sinceDate": "2018-11-07",
        "untilDate": "2018-11-08"
      },
      {
        "insertions": 1836,
        "deletions": 1745,
        "sinceDate": "2018-11-08",
        "untilDate": "2018-11-09"
      },
      {
        "insertions": 0,
        "deletions": 0,
        "sinceDate": "2018-11-09",
        "untilDate": "2018-11-10"
      },
      {
        "insertions": 667,
        "deletions": 663,
        "sinceDate": "2018-11-10",
        "untilDate": "2018-11-11"
      },
      {
        "insertions": 0,
        "deletions": 0,
        "sinceDate": "2018-11-11",
        "untilDate": "2018-11-12"
      },
      {
        "insertions": 978,
        "deletions": 3,
        "sinceDate": "2018-11-12",
        "untilDate": "2018-11-13"
      },
      {
        "insertions": 0,
        "deletions": 0,
        "sinceDate": "2018-11-13",
        "untilDate": "2018-11-14"
      }
    ]
  },
  "authorFinalContributionMap": {
    "lionelat": 3394,
    "bannified": 5119,
    "dioptrique": 3681,
    "jiholim": 2132,
    "leongshengmin": 4766
  },
  "authorContributionVariance": {
    "lionelat": 33694.273,
    "bannified": 410250.9,
    "dioptrique": 55174.0,
    "jiholim": 26864.314,
    "leongshengmin": 6.1180077E8
  },
  "authorDisplayNameMap": {
    "lionelat": "Lionel Tan",
    "bannified": "Dominic Chong",
    "dioptrique": "Ananda Kumar",
    "jiholim": "Jiho Lim",
    "leongshengmin": "Leong Shengmin"
  }
}
