{
  "authorWeeklyIntervalContributions": {
    "emer7": [
      {
        "insertions": 0,
        "deletions": 0,
        "sinceDate": "2018-03-05",
        "untilDate": "2018-03-12"
      },
      {
        "insertions": 0,
        "deletions": 0,
        "sinceDate": "2018-03-12",
        "untilDate": "2018-03-19"
      },
      {
        "insertions": 0,
        "deletions": 0,
        "sinceDate": "2018-03-19",
        "untilDate": "2018-03-26"
      },
      {
        "insertions": 0,
        "deletions": 0,
        "sinceDate": "2018-03-26",
        "untilDate": "2018-04-02"
      },
      {
        "insertions": 0,
        "deletions": 0,
        "sinceDate": "2018-04-02",
        "untilDate": "2018-04-09"
      },
      {
        "insertions": 0,
        "deletions": 0,
        "sinceDate": "2018-04-09",
        "untilDate": "2018-04-16"
      },
      {
        "insertions": 0,
        "deletions": 0,
        "sinceDate": "2018-04-16",
        "untilDate": "2018-04-23"
      }
    ],
    "crizyli": [
      {
        "insertions": 1348,
        "deletions": 338,
        "sinceDate": "2018-03-05",
        "untilDate": "2018-03-12"
      },
      {
        "insertions": 252,
        "deletions": 153,
        "sinceDate": "2018-03-12",
        "untilDate": "2018-03-19"
      },
      {
        "insertions": 675,
        "deletions": 141,
        "sinceDate": "2018-03-19",
        "untilDate": "2018-03-26"
      },
      {
        "insertions": 987,
        "deletions": 208,
        "sinceDate": "2018-03-26",
        "untilDate": "2018-04-02"
      },
      {
        "insertions": 2391,
        "deletions": 711,
        "sinceDate": "2018-04-02",
        "untilDate": "2018-04-09"
      },
      {
        "insertions": 1836,
        "deletions": 934,
        "sinceDate": "2018-04-09",
        "untilDate": "2018-04-16"
      },
      {
        "insertions": 2379,
        "deletions": 1190,
        "sinceDate": "2018-04-16",
        "untilDate": "2018-04-23"
      }
    ],
    "Yoochard": [
      {
        "insertions": 170,
        "deletions": 65,
        "sinceDate": "2018-03-05",
        "untilDate": "2018-03-12"
      },
      {
        "insertions": 466,
        "deletions": 181,
        "sinceDate": "2018-03-12",
        "untilDate": "2018-03-19"
      },
      {
        "insertions": 140,
        "deletions": 86,
        "sinceDate": "2018-03-19",
        "untilDate": "2018-03-26"
      },
      {
        "insertions": 472,
        "deletions": 27,
        "sinceDate": "2018-03-26",
        "untilDate": "2018-04-02"
      },
      {
        "insertions": 208,
        "deletions": 144,
        "sinceDate": "2018-04-02",
        "untilDate": "2018-04-09"
      },
      {
        "insertions": 660,
        "deletions": 97,
        "sinceDate": "2018-04-09",
        "untilDate": "2018-04-16"
      },
      {
        "insertions": 307,
        "deletions": 1,
        "sinceDate": "2018-04-16",
        "untilDate": "2018-04-23"
      }
    ],
    "IzHoBX": [
      {
        "insertions": 751,
        "deletions": 95,
        "sinceDate": "2018-03-05",
        "untilDate": "2018-03-12"
      },
      {
        "insertions": 407,
        "deletions": 262,
        "sinceDate": "2018-03-12",
        "untilDate": "2018-03-19"
      },
      {
        "insertions": 1302,
        "deletions": 468,
        "sinceDate": "2018-03-19",
        "untilDate": "2018-03-26"
      },
      {
        "insertions": 1409,
        "deletions": 650,
        "sinceDate": "2018-03-26",
        "untilDate": "2018-04-02"
      },
      {
        "insertions": 238,
        "deletions": 96,
        "sinceDate": "2018-04-02",
        "untilDate": "2018-04-09"
      },
      {
        "insertions": 4466,
        "deletions": 1578,
        "sinceDate": "2018-04-09",
        "untilDate": "2018-04-16"
      },
      {
        "insertions": 976,
        "deletions": 976,
        "sinceDate": "2018-04-16",
        "untilDate": "2018-04-23"
      }
    ]
  },
  "authorDailyIntervalContributions": {
    "emer7": [
      {
        "insertions": 0,
        "deletions": 0,
        "sinceDate": "2018-03-05",
        "untilDate": "2018-03-06"
      },
      {
        "insertions": 0,
        "deletions": 0,
        "sinceDate": "2018-03-06",
        "untilDate": "2018-03-07"
      },
      {
        "insertions": 0,
        "deletions": 0,
        "sinceDate": "2018-03-07",
        "untilDate": "2018-03-08"
      },
      {
        "insertions": 0,
        "deletions": 0,
        "sinceDate": "2018-03-08",
        "untilDate": "2018-03-09"
      },
      {
        "insertions": 0,
        "deletions": 0,
        "sinceDate": "2018-03-09",
        "untilDate": "2018-03-10"
      },
      {
        "insertions": 0,
        "deletions": 0,
        "sinceDate": "2018-03-10",
        "untilDate": "2018-03-11"
      },
      {
        "insertions": 0,
        "deletions": 0,
        "sinceDate": "2018-03-11",
        "untilDate": "2018-03-12"
      },
      {
        "insertions": 0,
        "deletions": 0,
        "sinceDate": "2018-03-12",
        "untilDate": "2018-03-13"
      },
      {
        "insertions": 0,
        "deletions": 0,
        "sinceDate": "2018-03-13",
        "untilDate": "2018-03-14"
      },
      {
        "insertions": 0,
        "deletions": 0,
        "sinceDate": "2018-03-14",
        "untilDate": "2018-03-15"
      },
      {
        "insertions": 0,
        "deletions": 0,
        "sinceDate": "2018-03-15",
        "untilDate": "2018-03-16"
      },
      {
        "insertions": 0,
        "deletions": 0,
        "sinceDate": "2018-03-16",
        "untilDate": "2018-03-17"
      },
      {
        "insertions": 0,
        "deletions": 0,
        "sinceDate": "2018-03-17",
        "untilDate": "2018-03-18"
      },
      {
        "insertions": 0,
        "deletions": 0,
        "sinceDate": "2018-03-18",
        "untilDate": "2018-03-19"
      },
      {
        "insertions": 0,
        "deletions": 0,
        "sinceDate": "2018-03-19",
        "untilDate": "2018-03-20"
      },
      {
        "insertions": 0,
        "deletions": 0,
        "sinceDate": "2018-03-20",
        "untilDate": "2018-03-21"
      },
      {
        "insertions": 0,
        "deletions": 0,
        "sinceDate": "2018-03-21",
        "untilDate": "2018-03-22"
      },
      {
        "insertions": 0,
        "deletions": 0,
        "sinceDate": "2018-03-22",
        "untilDate": "2018-03-23"
      },
      {
        "insertions": 0,
        "deletions": 0,
        "sinceDate": "2018-03-23",
        "untilDate": "2018-03-24"
      },
      {
        "insertions": 0,
        "deletions": 0,
        "sinceDate": "2018-03-24",
        "untilDate": "2018-03-25"
      },
      {
        "insertions": 0,
        "deletions": 0,
        "sinceDate": "2018-03-25",
        "untilDate": "2018-03-26"
      },
      {
        "insertions": 0,
        "deletions": 0,
        "sinceDate": "2018-03-26",
        "untilDate": "2018-03-27"
      },
      {
        "insertions": 0,
        "deletions": 0,
        "sinceDate": "2018-03-27",
        "untilDate": "2018-03-28"
      },
      {
        "insertions": 0,
        "deletions": 0,
        "sinceDate": "2018-03-28",
        "untilDate": "2018-03-29"
      },
      {
        "insertions": 0,
        "deletions": 0,
        "sinceDate": "2018-03-29",
        "untilDate": "2018-03-30"
      },
      {
        "insertions": 0,
        "deletions": 0,
        "sinceDate": "2018-03-30",
        "untilDate": "2018-03-31"
      },
      {
        "insertions": 0,
        "deletions": 0,
        "sinceDate": "2018-03-31",
        "untilDate": "2018-04-01"
      },
      {
        "insertions": 0,
        "deletions": 0,
        "sinceDate": "2018-04-01",
        "untilDate": "2018-04-02"
      },
      {
        "insertions": 0,
        "deletions": 0,
        "sinceDate": "2018-04-02",
        "untilDate": "2018-04-03"
      },
      {
        "insertions": 0,
        "deletions": 0,
        "sinceDate": "2018-04-03",
        "untilDate": "2018-04-04"
      },
      {
        "insertions": 0,
        "deletions": 0,
        "sinceDate": "2018-04-04",
        "untilDate": "2018-04-05"
      },
      {
        "insertions": 0,
        "deletions": 0,
        "sinceDate": "2018-04-05",
        "untilDate": "2018-04-06"
      },
      {
        "insertions": 0,
        "deletions": 0,
        "sinceDate": "2018-04-06",
        "untilDate": "2018-04-07"
      },
      {
        "insertions": 0,
        "deletions": 0,
        "sinceDate": "2018-04-07",
        "untilDate": "2018-04-08"
      },
      {
        "insertions": 0,
        "deletions": 0,
        "sinceDate": "2018-04-08",
        "untilDate": "2018-04-09"
      },
      {
        "insertions": 0,
        "deletions": 0,
        "sinceDate": "2018-04-09",
        "untilDate": "2018-04-10"
      },
      {
        "insertions": 0,
        "deletions": 0,
        "sinceDate": "2018-04-10",
        "untilDate": "2018-04-11"
      },
      {
        "insertions": 0,
        "deletions": 0,
        "sinceDate": "2018-04-11",
        "untilDate": "2018-04-12"
      },
      {
        "insertions": 0,
        "deletions": 0,
        "sinceDate": "2018-04-12",
        "untilDate": "2018-04-13"
      },
      {
        "insertions": 0,
        "deletions": 0,
        "sinceDate": "2018-04-13",
        "untilDate": "2018-04-14"
      },
      {
        "insertions": 0,
        "deletions": 0,
        "sinceDate": "2018-04-14",
        "untilDate": "2018-04-15"
      },
      {
        "insertions": 0,
        "deletions": 0,
        "sinceDate": "2018-04-15",
        "untilDate": "2018-04-16"
      },
      {
        "insertions": 0,
        "deletions": 0,
        "sinceDate": "2018-04-16",
        "untilDate": "2018-04-17"
      },
      {
        "insertions": 0,
        "deletions": 0,
        "sinceDate": "2018-04-17",
        "untilDate": "2018-04-18"
      },
      {
        "insertions": 0,
        "deletions": 0,
        "sinceDate": "2018-04-18",
        "untilDate": "2018-04-19"
      },
      {
        "insertions": 0,
        "deletions": 0,
        "sinceDate": "2018-04-19",
        "untilDate": "2018-04-20"
      },
      {
        "insertions": 0,
        "deletions": 0,
        "sinceDate": "2018-04-20",
        "untilDate": "2018-04-21"
      },
      {
        "insertions": 0,
        "deletions": 0,
        "sinceDate": "2018-04-21",
        "untilDate": "2018-04-22"
      },
      {
        "insertions": 0,
        "deletions": 0,
        "sinceDate": "2018-04-22",
        "untilDate": "2018-04-23"
      }
    ],
    "crizyli": [
      {
        "insertions": 2,
        "deletions": 2,
        "sinceDate": "2018-03-05",
        "untilDate": "2018-03-06"
      },
      {
        "insertions": 210,
        "deletions": 26,
        "sinceDate": "2018-03-06",
        "untilDate": "2018-03-07"
      },
      {
        "insertions": 184,
        "deletions": 76,
        "sinceDate": "2018-03-07",
        "untilDate": "2018-03-08"
      },
      {
        "insertions": 428,
        "deletions": 55,
        "sinceDate": "2018-03-08",
        "untilDate": "2018-03-09"
      },
      {
        "insertions": 510,
        "deletions": 179,
        "sinceDate": "2018-03-09",
        "untilDate": "2018-03-10"
      },
      {
        "insertions": 14,
        "deletions": 0,
        "sinceDate": "2018-03-10",
        "untilDate": "2018-03-11"
      },
      {
        "insertions": 0,
        "deletions": 0,
        "sinceDate": "2018-03-11",
        "untilDate": "2018-03-12"
      },
      {
        "insertions": 0,
        "deletions": 0,
        "sinceDate": "2018-03-12",
        "untilDate": "2018-03-13"
      },
      {
        "insertions": 122,
        "deletions": 105,
        "sinceDate": "2018-03-13",
        "untilDate": "2018-03-14"
      },
      {
        "insertions": 0,
        "deletions": 0,
        "sinceDate": "2018-03-14",
        "untilDate": "2018-03-15"
      },
      {
        "insertions": 64,
        "deletions": 1,
        "sinceDate": "2018-03-15",
        "untilDate": "2018-03-16"
      },
      {
        "insertions": 0,
        "deletions": 0,
        "sinceDate": "2018-03-16",
        "untilDate": "2018-03-17"
      },
      {
        "insertions": 66,
        "deletions": 47,
        "sinceDate": "2018-03-17",
        "untilDate": "2018-03-18"
      },
      {
        "insertions": 0,
        "deletions": 0,
        "sinceDate": "2018-03-18",
        "untilDate": "2018-03-19"
      },
      {
        "insertions": 101,
        "deletions": 6,
        "sinceDate": "2018-03-19",
        "untilDate": "2018-03-20"
      },
      {
        "insertions": 115,
        "deletions": 15,
        "sinceDate": "2018-03-20",
        "untilDate": "2018-03-21"
      },
      {
        "insertions": 0,
        "deletions": 0,
        "sinceDate": "2018-03-21",
        "untilDate": "2018-03-22"
      },
      {
        "insertions": 0,
        "deletions": 0,
        "sinceDate": "2018-03-22",
        "untilDate": "2018-03-23"
      },
      {
        "insertions": 0,
        "deletions": 0,
        "sinceDate": "2018-03-23",
        "untilDate": "2018-03-24"
      },
      {
        "insertions": 0,
        "deletions": 0,
        "sinceDate": "2018-03-24",
        "untilDate": "2018-03-25"
      },
      {
        "insertions": 459,
        "deletions": 120,
        "sinceDate": "2018-03-25",
        "untilDate": "2018-03-26"
      },
      {
        "insertions": 31,
        "deletions": 14,
        "sinceDate": "2018-03-26",
        "untilDate": "2018-03-27"
      },
      {
        "insertions": 102,
        "deletions": 50,
        "sinceDate": "2018-03-27",
        "untilDate": "2018-03-28"
      },
      {
        "insertions": 139,
        "deletions": 26,
        "sinceDate": "2018-03-28",
        "untilDate": "2018-03-29"
      },
      {
        "insertions": 113,
        "deletions": 54,
        "sinceDate": "2018-03-29",
        "untilDate": "2018-03-30"
      },
      {
        "insertions": 0,
        "deletions": 0,
        "sinceDate": "2018-03-30",
        "untilDate": "2018-03-31"
      },
      {
        "insertions": 0,
        "deletions": 0,
        "sinceDate": "2018-03-31",
        "untilDate": "2018-04-01"
      },
      {
        "insertions": 602,
        "deletions": 64,
        "sinceDate": "2018-04-01",
        "untilDate": "2018-04-02"
      },
      {
        "insertions": 180,
        "deletions": 19,
        "sinceDate": "2018-04-02",
        "untilDate": "2018-04-03"
      },
      {
        "insertions": 533,
        "deletions": 155,
        "sinceDate": "2018-04-03",
        "untilDate": "2018-04-04"
      },
      {
        "insertions": 359,
        "deletions": 201,
        "sinceDate": "2018-04-04",
        "untilDate": "2018-04-05"
      },
      {
        "insertions": 212,
        "deletions": 43,
        "sinceDate": "2018-04-05",
        "untilDate": "2018-04-06"
      },
      {
        "insertions": 476,
        "deletions": 86,
        "sinceDate": "2018-04-06",
        "untilDate": "2018-04-07"
      },
      {
        "insertions": 171,
        "deletions": 37,
        "sinceDate": "2018-04-07",
        "untilDate": "2018-04-08"
      },
      {
        "insertions": 460,
        "deletions": 170,
        "sinceDate": "2018-04-08",
        "untilDate": "2018-04-09"
      },
      {
        "insertions": 212,
        "deletions": 469,
        "sinceDate": "2018-04-09",
        "untilDate": "2018-04-10"
      },
      {
        "insertions": 615,
        "deletions": 88,
        "sinceDate": "2018-04-10",
        "untilDate": "2018-04-11"
      },
      {
        "insertions": 219,
        "deletions": 2,
        "sinceDate": "2018-04-11",
        "untilDate": "2018-04-12"
      },
      {
        "insertions": 132,
        "deletions": 85,
        "sinceDate": "2018-04-12",
        "untilDate": "2018-04-13"
      },
      {
        "insertions": 418,
        "deletions": 155,
        "sinceDate": "2018-04-13",
        "untilDate": "2018-04-14"
      },
      {
        "insertions": 204,
        "deletions": 113,
        "sinceDate": "2018-04-14",
        "untilDate": "2018-04-15"
      },
      {
        "insertions": 36,
        "deletions": 22,
        "sinceDate": "2018-04-15",
        "untilDate": "2018-04-16"
      },
      {
        "insertions": 0,
        "deletions": 0,
        "sinceDate": "2018-04-16",
        "untilDate": "2018-04-17"
      },
      {
        "insertions": 0,
        "deletions": 0,
        "sinceDate": "2018-04-17",
        "untilDate": "2018-04-18"
      },
      {
        "insertions": 0,
        "deletions": 0,
        "sinceDate": "2018-04-18",
        "untilDate": "2018-04-19"
      },
      {
        "insertions": 0,
        "deletions": 0,
        "sinceDate": "2018-04-19",
        "untilDate": "2018-04-20"
      },
      {
        "insertions": 0,
        "deletions": 0,
        "sinceDate": "2018-04-20",
        "untilDate": "2018-04-21"
      },
      {
        "insertions": 0,
        "deletions": 0,
        "sinceDate": "2018-04-21",
        "untilDate": "2018-04-22"
      },
      {
        "insertions": 2379,
        "deletions": 1190,
        "sinceDate": "2018-04-22",
        "untilDate": "2018-04-23"
      }
    ],
    "Yoochard": [
      {
        "insertions": 24,
        "deletions": 2,
        "sinceDate": "2018-03-05",
        "untilDate": "2018-03-06"
      },
      {
        "insertions": 11,
        "deletions": 17,
        "sinceDate": "2018-03-06",
        "untilDate": "2018-03-07"
      },
      {
        "insertions": 133,
        "deletions": 44,
        "sinceDate": "2018-03-07",
        "untilDate": "2018-03-08"
      },
      {
        "insertions": 0,
        "deletions": 0,
        "sinceDate": "2018-03-08",
        "untilDate": "2018-03-09"
      },
      {
        "insertions": 2,
        "deletions": 2,
        "sinceDate": "2018-03-09",
        "untilDate": "2018-03-10"
      },
      {
        "insertions": 0,
        "deletions": 0,
        "sinceDate": "2018-03-10",
        "untilDate": "2018-03-11"
      },
      {
        "insertions": 0,
        "deletions": 0,
        "sinceDate": "2018-03-11",
        "untilDate": "2018-03-12"
      },
      {
        "insertions": 203,
        "deletions": 57,
        "sinceDate": "2018-03-12",
        "untilDate": "2018-03-13"
      },
      {
        "insertions": 61,
        "deletions": 17,
        "sinceDate": "2018-03-13",
        "untilDate": "2018-03-14"
      },
      {
        "insertions": 18,
        "deletions": 0,
        "sinceDate": "2018-03-14",
        "untilDate": "2018-03-15"
      },
      {
        "insertions": 0,
        "deletions": 0,
        "sinceDate": "2018-03-15",
        "untilDate": "2018-03-16"
      },
      {
        "insertions": 27,
        "deletions": 6,
        "sinceDate": "2018-03-16",
        "untilDate": "2018-03-17"
      },
      {
        "insertions": 0,
        "deletions": 0,
        "sinceDate": "2018-03-17",
        "untilDate": "2018-03-18"
      },
      {
        "insertions": 157,
        "deletions": 101,
        "sinceDate": "2018-03-18",
        "untilDate": "2018-03-19"
      },
      {
        "insertions": 6,
        "deletions": 54,
        "sinceDate": "2018-03-19",
        "untilDate": "2018-03-20"
      },
      {
        "insertions": 114,
        "deletions": 24,
        "sinceDate": "2018-03-20",
        "untilDate": "2018-03-21"
      },
      {
        "insertions": 20,
        "deletions": 8,
        "sinceDate": "2018-03-21",
        "untilDate": "2018-03-22"
      },
      {
        "insertions": 0,
        "deletions": 0,
        "sinceDate": "2018-03-22",
        "untilDate": "2018-03-23"
      },
      {
        "insertions": 0,
        "deletions": 0,
        "sinceDate": "2018-03-23",
        "untilDate": "2018-03-24"
      },
      {
        "insertions": 0,
        "deletions": 0,
        "sinceDate": "2018-03-24",
        "untilDate": "2018-03-25"
      },
      {
        "insertions": 0,
        "deletions": 0,
        "sinceDate": "2018-03-25",
        "untilDate": "2018-03-26"
      },
      {
        "insertions": 0,
        "deletions": 0,
        "sinceDate": "2018-03-26",
        "untilDate": "2018-03-27"
      },
      {
        "insertions": 472,
        "deletions": 27,
        "sinceDate": "2018-03-27",
        "untilDate": "2018-03-28"
      },
      {
        "insertions": 0,
        "deletions": 0,
        "sinceDate": "2018-03-28",
        "untilDate": "2018-03-29"
      },
      {
        "insertions": 0,
        "deletions": 0,
        "sinceDate": "2018-03-29",
        "untilDate": "2018-03-30"
      },
      {
        "insertions": 0,
        "deletions": 0,
        "sinceDate": "2018-03-30",
        "untilDate": "2018-03-31"
      },
      {
        "insertions": 0,
        "deletions": 0,
        "sinceDate": "2018-03-31",
        "untilDate": "2018-04-01"
      },
      {
        "insertions": 0,
        "deletions": 0,
        "sinceDate": "2018-04-01",
        "untilDate": "2018-04-02"
      },
      {
        "insertions": 18,
        "deletions": 18,
        "sinceDate": "2018-04-02",
        "untilDate": "2018-04-03"
      },
      {
        "insertions": 53,
        "deletions": 39,
        "sinceDate": "2018-04-03",
        "untilDate": "2018-04-04"
      },
      {
        "insertions": 66,
        "deletions": 20,
        "sinceDate": "2018-04-04",
        "untilDate": "2018-04-05"
      },
      {
        "insertions": 0,
        "deletions": 0,
        "sinceDate": "2018-04-05",
        "untilDate": "2018-04-06"
      },
      {
        "insertions": 0,
        "deletions": 0,
        "sinceDate": "2018-04-06",
        "untilDate": "2018-04-07"
      },
      {
        "insertions": 55,
        "deletions": 52,
        "sinceDate": "2018-04-07",
        "untilDate": "2018-04-08"
      },
      {
        "insertions": 16,
        "deletions": 15,
        "sinceDate": "2018-04-08",
        "untilDate": "2018-04-09"
      },
      {
        "insertions": 473,
        "deletions": 47,
        "sinceDate": "2018-04-09",
        "untilDate": "2018-04-10"
      },
      {
        "insertions": 30,
        "deletions": 10,
        "sinceDate": "2018-04-10",
        "untilDate": "2018-04-11"
      },
      {
        "insertions": 69,
        "deletions": 8,
        "sinceDate": "2018-04-11",
        "untilDate": "2018-04-12"
      },
      {
        "insertions": 0,
        "deletions": 0,
        "sinceDate": "2018-04-12",
        "untilDate": "2018-04-13"
      },
      {
        "insertions": 3,
        "deletions": 4,
        "sinceDate": "2018-04-13",
        "untilDate": "2018-04-14"
      },
      {
        "insertions": 0,
        "deletions": 0,
        "sinceDate": "2018-04-14",
        "untilDate": "2018-04-15"
      },
      {
        "insertions": 85,
        "deletions": 28,
        "sinceDate": "2018-04-15",
        "untilDate": "2018-04-16"
      },
      {
        "insertions": 0,
        "deletions": 0,
        "sinceDate": "2018-04-16",
        "untilDate": "2018-04-17"
      },
      {
        "insertions": 0,
        "deletions": 0,
        "sinceDate": "2018-04-17",
        "untilDate": "2018-04-18"
      },
      {
        "insertions": 0,
        "deletions": 0,
        "sinceDate": "2018-04-18",
        "untilDate": "2018-04-19"
      },
      {
        "insertions": 0,
        "deletions": 0,
        "sinceDate": "2018-04-19",
        "untilDate": "2018-04-20"
      },
      {
        "insertions": 0,
        "deletions": 0,
        "sinceDate": "2018-04-20",
        "untilDate": "2018-04-21"
      },
      {
        "insertions": 0,
        "deletions": 0,
        "sinceDate": "2018-04-21",
        "untilDate": "2018-04-22"
      },
      {
        "insertions": 307,
        "deletions": 1,
        "sinceDate": "2018-04-22",
        "untilDate": "2018-04-23"
      }
    ],
    "IzHoBX": [
      {
        "insertions": 25,
        "deletions": 1,
        "sinceDate": "2018-03-05",
        "untilDate": "2018-03-06"
      },
      {
        "insertions": 0,
        "deletions": 0,
        "sinceDate": "2018-03-06",
        "untilDate": "2018-03-07"
      },
      {
        "insertions": 726,
        "deletions": 94,
        "sinceDate": "2018-03-07",
        "untilDate": "2018-03-08"
      },
      {
        "insertions": 0,
        "deletions": 0,
        "sinceDate": "2018-03-08",
        "untilDate": "2018-03-09"
      },
      {
        "insertions": 0,
        "deletions": 0,
        "sinceDate": "2018-03-09",
        "untilDate": "2018-03-10"
      },
      {
        "insertions": 0,
        "deletions": 0,
        "sinceDate": "2018-03-10",
        "untilDate": "2018-03-11"
      },
      {
        "insertions": 0,
        "deletions": 0,
        "sinceDate": "2018-03-11",
        "untilDate": "2018-03-12"
      },
      {
        "insertions": 53,
        "deletions": 7,
        "sinceDate": "2018-03-12",
        "untilDate": "2018-03-13"
      },
      {
        "insertions": 38,
        "deletions": 21,
        "sinceDate": "2018-03-13",
        "untilDate": "2018-03-14"
      },
      {
        "insertions": 138,
        "deletions": 70,
        "sinceDate": "2018-03-14",
        "untilDate": "2018-03-15"
      },
      {
        "insertions": 178,
        "deletions": 164,
        "sinceDate": "2018-03-15",
        "untilDate": "2018-03-16"
      },
      {
        "insertions": 0,
        "deletions": 0,
        "sinceDate": "2018-03-16",
        "untilDate": "2018-03-17"
      },
      {
        "insertions": 0,
        "deletions": 0,
        "sinceDate": "2018-03-17",
        "untilDate": "2018-03-18"
      },
      {
        "insertions": 0,
        "deletions": 0,
        "sinceDate": "2018-03-18",
        "untilDate": "2018-03-19"
      },
      {
        "insertions": 9,
        "deletions": 3,
        "sinceDate": "2018-03-19",
        "untilDate": "2018-03-20"
      },
      {
        "insertions": 67,
        "deletions": 38,
        "sinceDate": "2018-03-20",
        "untilDate": "2018-03-21"
      },
      {
        "insertions": 670,
        "deletions": 249,
        "sinceDate": "2018-03-21",
        "untilDate": "2018-03-22"
      },
      {
        "insertions": 89,
        "deletions": 20,
        "sinceDate": "2018-03-22",
        "untilDate": "2018-03-23"
      },
      {
        "insertions": 91,
        "deletions": 17,
        "sinceDate": "2018-03-23",
        "untilDate": "2018-03-24"
      },
      {
        "insertions": 53,
        "deletions": 17,
        "sinceDate": "2018-03-24",
        "untilDate": "2018-03-25"
      },
      {
        "insertions": 323,
        "deletions": 124,
        "sinceDate": "2018-03-25",
        "untilDate": "2018-03-26"
      },
      {
        "insertions": 0,
        "deletions": 0,
        "sinceDate": "2018-03-26",
        "untilDate": "2018-03-27"
      },
      {
        "insertions": 169,
        "deletions": 116,
        "sinceDate": "2018-03-27",
        "untilDate": "2018-03-28"
      },
      {
        "insertions": 42,
        "deletions": 9,
        "sinceDate": "2018-03-28",
        "untilDate": "2018-03-29"
      },
      {
        "insertions": 54,
        "deletions": 28,
        "sinceDate": "2018-03-29",
        "untilDate": "2018-03-30"
      },
      {
        "insertions": 306,
        "deletions": 207,
        "sinceDate": "2018-03-30",
        "untilDate": "2018-03-31"
      },
      {
        "insertions": 617,
        "deletions": 271,
        "sinceDate": "2018-03-31",
        "untilDate": "2018-04-01"
      },
      {
        "insertions": 221,
        "deletions": 19,
        "sinceDate": "2018-04-01",
        "untilDate": "2018-04-02"
      },
      {
        "insertions": 0,
        "deletions": 0,
        "sinceDate": "2018-04-02",
        "untilDate": "2018-04-03"
      },
      {
        "insertions": 0,
        "deletions": 0,
        "sinceDate": "2018-04-03",
        "untilDate": "2018-04-04"
      },
      {
        "insertions": 238,
        "deletions": 96,
        "sinceDate": "2018-04-04",
        "untilDate": "2018-04-05"
      },
      {
        "insertions": 0,
        "deletions": 0,
        "sinceDate": "2018-04-05",
        "untilDate": "2018-04-06"
      },
      {
        "insertions": 0,
        "deletions": 0,
        "sinceDate": "2018-04-06",
        "untilDate": "2018-04-07"
      },
      {
        "insertions": 0,
        "deletions": 0,
        "sinceDate": "2018-04-07",
        "untilDate": "2018-04-08"
      },
      {
        "insertions": 0,
        "deletions": 0,
        "sinceDate": "2018-04-08",
        "untilDate": "2018-04-09"
      },
      {
        "insertions": 0,
        "deletions": 0,
        "sinceDate": "2018-04-09",
        "untilDate": "2018-04-10"
      },
      {
        "insertions": 1982,
        "deletions": 69,
        "sinceDate": "2018-04-10",
        "untilDate": "2018-04-11"
      },
      {
        "insertions": 652,
        "deletions": 689,
        "sinceDate": "2018-04-11",
        "untilDate": "2018-04-12"
      },
      {
        "insertions": 41,
        "deletions": 47,
        "sinceDate": "2018-04-12",
        "untilDate": "2018-04-13"
      },
      {
        "insertions": 38,
        "deletions": 28,
        "sinceDate": "2018-04-13",
        "untilDate": "2018-04-14"
      },
      {
        "insertions": 640,
        "deletions": 132,
        "sinceDate": "2018-04-14",
        "untilDate": "2018-04-15"
      },
      {
        "insertions": 1113,
        "deletions": 613,
        "sinceDate": "2018-04-15",
        "untilDate": "2018-04-16"
      },
      {
        "insertions": 0,
        "deletions": 0,
        "sinceDate": "2018-04-16",
        "untilDate": "2018-04-17"
      },
      {
        "insertions": 976,
        "deletions": 976,
        "sinceDate": "2018-04-17",
        "untilDate": "2018-04-18"
      },
      {
        "insertions": 0,
        "deletions": 0,
        "sinceDate": "2018-04-18",
        "untilDate": "2018-04-19"
      },
      {
        "insertions": 0,
        "deletions": 0,
        "sinceDate": "2018-04-19",
        "untilDate": "2018-04-20"
      },
      {
        "insertions": 0,
        "deletions": 0,
        "sinceDate": "2018-04-20",
        "untilDate": "2018-04-21"
      },
      {
        "insertions": 0,
        "deletions": 0,
        "sinceDate": "2018-04-21",
        "untilDate": "2018-04-22"
      },
      {
        "insertions": 0,
        "deletions": 0,
        "sinceDate": "2018-04-22",
        "untilDate": "2018-04-23"
      }
    ]
  },
  "authorFinalContributionMap": {
    "emer7": 2304,
    "crizyli": 6055,
    "Yoochard": 2268,
    "IzHoBX": 6134
  },
  "authorContributionVariance": {
    "emer7": 0.0,
    "crizyli": 283994.53,
    "Yoochard": 13784.646,
    "IzHoBX": 261678.58
  },
  "authorDisplayNameMap": {
    "emer7": "GILBE...ERSON",
    "crizyli": "LI YU...YUFEI",
    "Yoochard": "YANG ...UQING",
    "IzHoBX": "HO BI... XUAN"
  }
}
