{
  "authorWeeklyIntervalContributions": {
    "Steven-Jia": [
      {
        "insertions": 256,
        "deletions": 42,
        "sinceDate": "2018-03-06",
        "untilDate": "2018-03-13"
      },
      {
        "insertions": 280,
        "deletions": 1070,
        "sinceDate": "2018-03-13",
        "untilDate": "2018-03-20"
      },
      {
        "insertions": 558,
        "deletions": 286,
        "sinceDate": "2018-03-20",
        "untilDate": "2018-03-27"
      },
      {
        "insertions": 206,
        "deletions": 138,
        "sinceDate": "2018-03-27",
        "untilDate": "2018-04-03"
      },
      {
        "insertions": 188,
        "deletions": 112,
        "sinceDate": "2018-04-03",
        "untilDate": "2018-04-10"
      },
      {
        "insertions": 1961,
        "deletions": 1135,
        "sinceDate": "2018-04-10",
        "untilDate": "2018-04-17"
      }
    ],
    "phmignot": [
      {
        "insertions": 569,
        "deletions": 343,
        "sinceDate": "2018-03-06",
        "untilDate": "2018-03-13"
      },
      {
        "insertions": 1411,
        "deletions": 211,
        "sinceDate": "2018-03-13",
        "untilDate": "2018-03-20"
      },
      {
        "insertions": 113,
        "deletions": 283,
        "sinceDate": "2018-03-20",
        "untilDate": "2018-03-27"
      },
      {
        "insertions": 253,
        "deletions": 72,
        "sinceDate": "2018-03-27",
        "untilDate": "2018-04-03"
      },
      {
        "insertions": 268,
        "deletions": 61,
        "sinceDate": "2018-04-03",
        "untilDate": "2018-04-10"
      },
      {
        "insertions": 427,
        "deletions": 225,
        "sinceDate": "2018-04-10",
        "untilDate": "2018-04-17"
      }
    ],
    "ongkc": [
      {
        "insertions": 0,
        "deletions": 0,
        "sinceDate": "2018-03-06",
        "untilDate": "2018-03-13"
      },
      {
        "insertions": 0,
        "deletions": 0,
        "sinceDate": "2018-03-13",
        "untilDate": "2018-03-20"
      },
      {
        "insertions": 0,
        "deletions": 0,
        "sinceDate": "2018-03-20",
        "untilDate": "2018-03-27"
      },
      {
        "insertions": 0,
        "deletions": 0,
        "sinceDate": "2018-03-27",
        "untilDate": "2018-04-03"
      },
      {
        "insertions": 0,
        "deletions": 0,
        "sinceDate": "2018-04-03",
        "untilDate": "2018-04-10"
      },
      {
        "insertions": 0,
        "deletions": 0,
        "sinceDate": "2018-04-10",
        "untilDate": "2018-04-17"
      }
    ]
  },
  "authorDailyIntervalContributions": {
    "Steven-Jia": [
      {
        "insertions": 67,
        "deletions": 11,
        "sinceDate": "2018-03-06",
        "untilDate": "2018-03-07"
      },
      {
        "insertions": 54,
        "deletions": 13,
        "sinceDate": "2018-03-07",
        "untilDate": "2018-03-08"
      },
      {
        "insertions": 1,
        "deletions": 1,
        "sinceDate": "2018-03-08",
        "untilDate": "2018-03-09"
      },
      {
        "insertions": 0,
        "deletions": 0,
        "sinceDate": "2018-03-09",
        "untilDate": "2018-03-10"
      },
      {
        "insertions": 93,
        "deletions": 1,
        "sinceDate": "2018-03-10",
        "untilDate": "2018-03-11"
      },
      {
        "insertions": 35,
        "deletions": 7,
        "sinceDate": "2018-03-11",
        "untilDate": "2018-03-12"
      },
      {
        "insertions": 6,
        "deletions": 9,
        "sinceDate": "2018-03-12",
        "untilDate": "2018-03-13"
      },
      {
        "insertions": 0,
        "deletions": 0,
        "sinceDate": "2018-03-13",
        "untilDate": "2018-03-14"
      },
      {
        "insertions": 259,
        "deletions": 1066,
        "sinceDate": "2018-03-14",
        "untilDate": "2018-03-15"
      },
      {
        "insertions": 0,
        "deletions": 0,
        "sinceDate": "2018-03-15",
        "untilDate": "2018-03-16"
      },
      {
        "insertions": 0,
        "deletions": 0,
        "sinceDate": "2018-03-16",
        "untilDate": "2018-03-17"
      },
      {
        "insertions": 0,
        "deletions": 0,
        "sinceDate": "2018-03-17",
        "untilDate": "2018-03-18"
      },
      {
        "insertions": 0,
        "deletions": 0,
        "sinceDate": "2018-03-18",
        "untilDate": "2018-03-19"
      },
      {
        "insertions": 21,
        "deletions": 4,
        "sinceDate": "2018-03-19",
        "untilDate": "2018-03-20"
      },
      {
        "insertions": 0,
        "deletions": 0,
        "sinceDate": "2018-03-20",
        "untilDate": "2018-03-21"
      },
      {
        "insertions": 292,
        "deletions": 184,
        "sinceDate": "2018-03-21",
        "untilDate": "2018-03-22"
      },
      {
        "insertions": 157,
        "deletions": 82,
        "sinceDate": "2018-03-22",
        "untilDate": "2018-03-23"
      },
      {
        "insertions": 0,
        "deletions": 0,
        "sinceDate": "2018-03-23",
        "untilDate": "2018-03-24"
      },
      {
        "insertions": 0,
        "deletions": 0,
        "sinceDate": "2018-03-24",
        "untilDate": "2018-03-25"
      },
      {
        "insertions": 0,
        "deletions": 0,
        "sinceDate": "2018-03-25",
        "untilDate": "2018-03-26"
      },
      {
        "insertions": 109,
        "deletions": 20,
        "sinceDate": "2018-03-26",
        "untilDate": "2018-03-27"
      },
      {
        "insertions": 166,
        "deletions": 37,
        "sinceDate": "2018-03-27",
        "untilDate": "2018-03-28"
      },
      {
        "insertions": 40,
        "deletions": 101,
        "sinceDate": "2018-03-28",
        "untilDate": "2018-03-29"
      },
      {
        "insertions": 0,
        "deletions": 0,
        "sinceDate": "2018-03-29",
        "untilDate": "2018-03-30"
      },
      {
        "insertions": 0,
        "deletions": 0,
        "sinceDate": "2018-03-30",
        "untilDate": "2018-03-31"
      },
      {
        "insertions": 0,
        "deletions": 0,
        "sinceDate": "2018-03-31",
        "untilDate": "2018-04-01"
      },
      {
        "insertions": 0,
        "deletions": 0,
        "sinceDate": "2018-04-01",
        "untilDate": "2018-04-02"
      },
      {
        "insertions": 0,
        "deletions": 0,
        "sinceDate": "2018-04-02",
        "untilDate": "2018-04-03"
      },
      {
        "insertions": 25,
        "deletions": 25,
        "sinceDate": "2018-04-03",
        "untilDate": "2018-04-04"
      },
      {
        "insertions": 135,
        "deletions": 46,
        "sinceDate": "2018-04-04",
        "untilDate": "2018-04-05"
      },
      {
        "insertions": 28,
        "deletions": 41,
        "sinceDate": "2018-04-05",
        "untilDate": "2018-04-06"
      },
      {
        "insertions": 0,
        "deletions": 0,
        "sinceDate": "2018-04-06",
        "untilDate": "2018-04-07"
      },
      {
        "insertions": 0,
        "deletions": 0,
        "sinceDate": "2018-04-07",
        "untilDate": "2018-04-08"
      },
      {
        "insertions": 0,
        "deletions": 0,
        "sinceDate": "2018-04-08",
        "untilDate": "2018-04-09"
      },
      {
        "insertions": 0,
        "deletions": 0,
        "sinceDate": "2018-04-09",
        "untilDate": "2018-04-10"
      },
      {
        "insertions": 1495,
        "deletions": 881,
        "sinceDate": "2018-04-10",
        "untilDate": "2018-04-11"
      },
      {
        "insertions": 100,
        "deletions": 14,
        "sinceDate": "2018-04-11",
        "untilDate": "2018-04-12"
      },
      {
        "insertions": 7,
        "deletions": 4,
        "sinceDate": "2018-04-12",
        "untilDate": "2018-04-13"
      },
      {
        "insertions": 75,
        "deletions": 30,
        "sinceDate": "2018-04-13",
        "untilDate": "2018-04-14"
      },
      {
        "insertions": 54,
        "deletions": 52,
        "sinceDate": "2018-04-14",
        "untilDate": "2018-04-15"
      },
      {
        "insertions": 230,
        "deletions": 154,
        "sinceDate": "2018-04-15",
        "untilDate": "2018-04-16"
      }
    ],
    "phmignot": [
      {
        "insertions": 0,
        "deletions": 0,
        "sinceDate": "2018-03-06",
        "untilDate": "2018-03-07"
      },
      {
        "insertions": 0,
        "deletions": 0,
        "sinceDate": "2018-03-07",
        "untilDate": "2018-03-08"
      },
      {
        "insertions": 23,
        "deletions": 21,
        "sinceDate": "2018-03-08",
        "untilDate": "2018-03-09"
      },
      {
        "insertions": 0,
        "deletions": 0,
        "sinceDate": "2018-03-09",
        "untilDate": "2018-03-10"
      },
      {
        "insertions": 318,
        "deletions": 50,
        "sinceDate": "2018-03-10",
        "untilDate": "2018-03-11"
      },
      {
        "insertions": 0,
        "deletions": 0,
        "sinceDate": "2018-03-11",
        "untilDate": "2018-03-12"
      },
      {
        "insertions": 228,
        "deletions": 272,
        "sinceDate": "2018-03-12",
        "untilDate": "2018-03-13"
      },
      {
        "insertions": 630,
        "deletions": 47,
        "sinceDate": "2018-03-13",
        "untilDate": "2018-03-14"
      },
      {
        "insertions": 254,
        "deletions": 9,
        "sinceDate": "2018-03-14",
        "untilDate": "2018-03-15"
      },
      {
        "insertions": 195,
        "deletions": 40,
        "sinceDate": "2018-03-15",
        "untilDate": "2018-03-16"
      },
      {
        "insertions": 0,
        "deletions": 0,
        "sinceDate": "2018-03-16",
        "untilDate": "2018-03-17"
      },
      {
        "insertions": 0,
        "deletions": 0,
        "sinceDate": "2018-03-17",
        "untilDate": "2018-03-18"
      },
      {
        "insertions": 237,
        "deletions": 75,
        "sinceDate": "2018-03-18",
        "untilDate": "2018-03-19"
      },
      {
        "insertions": 95,
        "deletions": 40,
        "sinceDate": "2018-03-19",
        "untilDate": "2018-03-20"
      },
      {
        "insertions": 1,
        "deletions": 1,
        "sinceDate": "2018-03-20",
        "untilDate": "2018-03-21"
      },
      {
        "insertions": 0,
        "deletions": 0,
        "sinceDate": "2018-03-21",
        "untilDate": "2018-03-22"
      },
      {
        "insertions": 0,
        "deletions": 0,
        "sinceDate": "2018-03-22",
        "untilDate": "2018-03-23"
      },
      {
        "insertions": 3,
        "deletions": 21,
        "sinceDate": "2018-03-23",
        "untilDate": "2018-03-24"
      },
      {
        "insertions": 5,
        "deletions": 243,
        "sinceDate": "2018-03-24",
        "untilDate": "2018-03-25"
      },
      {
        "insertions": 65,
        "deletions": 18,
        "sinceDate": "2018-03-25",
        "untilDate": "2018-03-26"
      },
      {
        "insertions": 39,
        "deletions": 0,
        "sinceDate": "2018-03-26",
        "untilDate": "2018-03-27"
      },
      {
        "insertions": 0,
        "deletions": 0,
        "sinceDate": "2018-03-27",
        "untilDate": "2018-03-28"
      },
      {
        "insertions": 39,
        "deletions": 4,
        "sinceDate": "2018-03-28",
        "untilDate": "2018-03-29"
      },
      {
        "insertions": 8,
        "deletions": 2,
        "sinceDate": "2018-03-29",
        "untilDate": "2018-03-30"
      },
      {
        "insertions": 75,
        "deletions": 25,
        "sinceDate": "2018-03-30",
        "untilDate": "2018-03-31"
      },
      {
        "insertions": 131,
        "deletions": 41,
        "sinceDate": "2018-03-31",
        "untilDate": "2018-04-01"
      },
      {
        "insertions": 0,
        "deletions": 0,
        "sinceDate": "2018-04-01",
        "untilDate": "2018-04-02"
      },
      {
        "insertions": 0,
        "deletions": 0,
        "sinceDate": "2018-04-02",
        "untilDate": "2018-04-03"
      },
      {
        "insertions": 119,
        "deletions": 41,
        "sinceDate": "2018-04-03",
        "untilDate": "2018-04-04"
      },
      {
        "insertions": 33,
        "deletions": 6,
        "sinceDate": "2018-04-04",
        "untilDate": "2018-04-05"
      },
      {
        "insertions": 78,
        "deletions": 3,
        "sinceDate": "2018-04-05",
        "untilDate": "2018-04-06"
      },
      {
        "insertions": 38,
        "deletions": 11,
        "sinceDate": "2018-04-06",
        "untilDate": "2018-04-07"
      },
      {
        "insertions": 0,
        "deletions": 0,
        "sinceDate": "2018-04-07",
        "untilDate": "2018-04-08"
      },
      {
        "insertions": 0,
        "deletions": 0,
        "sinceDate": "2018-04-08",
        "untilDate": "2018-04-09"
      },
      {
        "insertions": 0,
        "deletions": 0,
        "sinceDate": "2018-04-09",
        "untilDate": "2018-04-10"
      },
      {
        "insertions": 0,
        "deletions": 0,
        "sinceDate": "2018-04-10",
        "untilDate": "2018-04-11"
      },
      {
        "insertions": 95,
        "deletions": 91,
        "sinceDate": "2018-04-11",
        "untilDate": "2018-04-12"
      },
      {
        "insertions": 207,
        "deletions": 59,
        "sinceDate": "2018-04-12",
        "untilDate": "2018-04-13"
      },
      {
        "insertions": 0,
        "deletions": 0,
        "sinceDate": "2018-04-13",
        "untilDate": "2018-04-14"
      },
      {
        "insertions": 66,
        "deletions": 49,
        "sinceDate": "2018-04-14",
        "untilDate": "2018-04-15"
      },
      {
        "insertions": 59,
        "deletions": 26,
        "sinceDate": "2018-04-15",
        "untilDate": "2018-04-16"
      }
    ],
    "ongkc": [
      {
        "insertions": 0,
        "deletions": 0,
        "sinceDate": "2018-03-06",
        "untilDate": "2018-03-07"
      },
      {
        "insertions": 0,
        "deletions": 0,
        "sinceDate": "2018-03-07",
        "untilDate": "2018-03-08"
      },
      {
        "insertions": 0,
        "deletions": 0,
        "sinceDate": "2018-03-08",
        "untilDate": "2018-03-09"
      },
      {
        "insertions": 0,
        "deletions": 0,
        "sinceDate": "2018-03-09",
        "untilDate": "2018-03-10"
      },
      {
        "insertions": 0,
        "deletions": 0,
        "sinceDate": "2018-03-10",
        "untilDate": "2018-03-11"
      },
      {
        "insertions": 0,
        "deletions": 0,
        "sinceDate": "2018-03-11",
        "untilDate": "2018-03-12"
      },
      {
        "insertions": 0,
        "deletions": 0,
        "sinceDate": "2018-03-12",
        "untilDate": "2018-03-13"
      },
      {
        "insertions": 0,
        "deletions": 0,
        "sinceDate": "2018-03-13",
        "untilDate": "2018-03-14"
      },
      {
        "insertions": 0,
        "deletions": 0,
        "sinceDate": "2018-03-14",
        "untilDate": "2018-03-15"
      },
      {
        "insertions": 0,
        "deletions": 0,
        "sinceDate": "2018-03-15",
        "untilDate": "2018-03-16"
      },
      {
        "insertions": 0,
        "deletions": 0,
        "sinceDate": "2018-03-16",
        "untilDate": "2018-03-17"
      },
      {
        "insertions": 0,
        "deletions": 0,
        "sinceDate": "2018-03-17",
        "untilDate": "2018-03-18"
      },
      {
        "insertions": 0,
        "deletions": 0,
        "sinceDate": "2018-03-18",
        "untilDate": "2018-03-19"
      },
      {
        "insertions": 0,
        "deletions": 0,
        "sinceDate": "2018-03-19",
        "untilDate": "2018-03-20"
      },
      {
        "insertions": 0,
        "deletions": 0,
        "sinceDate": "2018-03-20",
        "untilDate": "2018-03-21"
      },
      {
        "insertions": 0,
        "deletions": 0,
        "sinceDate": "2018-03-21",
        "untilDate": "2018-03-22"
      },
      {
        "insertions": 0,
        "deletions": 0,
        "sinceDate": "2018-03-22",
        "untilDate": "2018-03-23"
      },
      {
        "insertions": 0,
        "deletions": 0,
        "sinceDate": "2018-03-23",
        "untilDate": "2018-03-24"
      },
      {
        "insertions": 0,
        "deletions": 0,
        "sinceDate": "2018-03-24",
        "untilDate": "2018-03-25"
      },
      {
        "insertions": 0,
        "deletions": 0,
        "sinceDate": "2018-03-25",
        "untilDate": "2018-03-26"
      },
      {
        "insertions": 0,
        "deletions": 0,
        "sinceDate": "2018-03-26",
        "untilDate": "2018-03-27"
      },
      {
        "insertions": 0,
        "deletions": 0,
        "sinceDate": "2018-03-27",
        "untilDate": "2018-03-28"
      },
      {
        "insertions": 0,
        "deletions": 0,
        "sinceDate": "2018-03-28",
        "untilDate": "2018-03-29"
      },
      {
        "insertions": 0,
        "deletions": 0,
        "sinceDate": "2018-03-29",
        "untilDate": "2018-03-30"
      },
      {
        "insertions": 0,
        "deletions": 0,
        "sinceDate": "2018-03-30",
        "untilDate": "2018-03-31"
      },
      {
        "insertions": 0,
        "deletions": 0,
        "sinceDate": "2018-03-31",
        "untilDate": "2018-04-01"
      },
      {
        "insertions": 0,
        "deletions": 0,
        "sinceDate": "2018-04-01",
        "untilDate": "2018-04-02"
      },
      {
        "insertions": 0,
        "deletions": 0,
        "sinceDate": "2018-04-02",
        "untilDate": "2018-04-03"
      },
      {
        "insertions": 0,
        "deletions": 0,
        "sinceDate": "2018-04-03",
        "untilDate": "2018-04-04"
      },
      {
        "insertions": 0,
        "deletions": 0,
        "sinceDate": "2018-04-04",
        "untilDate": "2018-04-05"
      },
      {
        "insertions": 0,
        "deletions": 0,
        "sinceDate": "2018-04-05",
        "untilDate": "2018-04-06"
      },
      {
        "insertions": 0,
        "deletions": 0,
        "sinceDate": "2018-04-06",
        "untilDate": "2018-04-07"
      },
      {
        "insertions": 0,
        "deletions": 0,
        "sinceDate": "2018-04-07",
        "untilDate": "2018-04-08"
      },
      {
        "insertions": 0,
        "deletions": 0,
        "sinceDate": "2018-04-08",
        "untilDate": "2018-04-09"
      },
      {
        "insertions": 0,
        "deletions": 0,
        "sinceDate": "2018-04-09",
        "untilDate": "2018-04-10"
      },
      {
        "insertions": 0,
        "deletions": 0,
        "sinceDate": "2018-04-10",
        "untilDate": "2018-04-11"
      },
      {
        "insertions": 0,
        "deletions": 0,
        "sinceDate": "2018-04-11",
        "untilDate": "2018-04-12"
      },
      {
        "insertions": 0,
        "deletions": 0,
        "sinceDate": "2018-04-12",
        "untilDate": "2018-04-13"
      },
      {
        "insertions": 0,
        "deletions": 0,
        "sinceDate": "2018-04-13",
        "untilDate": "2018-04-14"
      },
      {
        "insertions": 0,
        "deletions": 0,
        "sinceDate": "2018-04-14",
        "untilDate": "2018-04-15"
      },
      {
        "insertions": 0,
        "deletions": 0,
        "sinceDate": "2018-04-15",
        "untilDate": "2018-04-16"
      }
    ]
  },
  "authorFinalContributionMap": {
    "Steven-Jia": 2422,
    "phmignot": 1516,
    "ongkc": 2678
  },
  "authorContributionVariance": {
    "Steven-Jia": 172196.3,
    "phmignot": 22485.684,
    "ongkc": 0.0
  },
  "authorDisplayNameMap": {
    "Steven-Jia": "WEN Q...N JIA",
    "phmignot": "PAUL-...IGNOT",
    "ongkc": "ONG K... CONG"
  }
}
